-- phpMyAdmin SQL Dump
-- version 4.5.1
-- http://www.phpmyadmin.net
--
-- Host: 127.0.0.1
-- Generation Time: Apr 02, 2019 at 09:12 PM
-- Server version: 10.1.13-MariaDB
-- PHP Version: 5.6.21

SET SQL_MODE = "NO_AUTO_VALUE_ON_ZERO";
SET time_zone = "+00:00";


/*!40101 SET @OLD_CHARACTER_SET_CLIENT=@@CHARACTER_SET_CLIENT */;
/*!40101 SET @OLD_CHARACTER_SET_RESULTS=@@CHARACTER_SET_RESULTS */;
/*!40101 SET @OLD_COLLATION_CONNECTION=@@COLLATION_CONNECTION */;
/*!40101 SET NAMES utf8mb4 */;

--
-- Database: `my_sms_project`
--

-- --------------------------------------------------------

--
-- Table structure for table `attandance`
--

CREATE TABLE `attandance` (
  `id` int(200) NOT NULL,
  `student_id` int(200) NOT NULL,
  `status` varchar(200) NOT NULL,
  `attandance_status` varchar(200) NOT NULL,
  `time_to_show` datetime NOT NULL DEFAULT CURRENT_TIMESTAMP
) ENGINE=InnoDB DEFAULT CHARSET=latin1;

--
-- Dumping data for table `attandance`
--

INSERT INTO `attandance` (`id`, `student_id`, `status`, `attandance_status`, `time_to_show`) VALUES
(1, 1, 'Present', 'Manual', '2019-02-24 17:10:58'),
(2, 2, 'Present', 'Manual', '2019-02-24 17:10:58'),
(3, 3, 'Present', 'Manual', '2019-02-24 17:10:58'),
(4, 4, 'Present', 'Manual', '2019-02-24 17:10:58'),
(5, 5, 'Present', 'Manual', '2019-02-24 17:10:58'),
(6, 6, 'Present', 'Manual', '2019-02-24 17:10:58'),
(7, 7, 'Present', 'Manual', '2019-02-24 17:10:58'),
(8, 8, 'Present', 'Manual', '2019-02-24 17:10:58'),
(9, 9, 'Present', 'Manual', '2019-02-24 17:10:58'),
(10, 10, 'Present', 'Manual', '2019-02-24 17:10:58'),
(11, 11, 'Present', 'Manual', '2019-02-24 17:10:58'),
(12, 12, 'Present', 'Manual', '2019-02-24 17:10:58'),
(13, 13, 'Present', 'Manual', '2019-02-24 17:10:58'),
(14, 14, 'Present', 'Manual', '2019-02-24 17:10:58'),
(15, 15, 'Present', 'Manual', '2019-02-24 17:10:58'),
(16, 16, 'Present', 'Manual', '2019-02-24 17:10:58'),
(17, 17, 'Present', 'Manual', '2019-02-24 17:10:58'),
(18, 18, 'Present', 'Manual', '2019-02-24 17:10:58'),
(19, 19, 'Present', 'Manual', '2019-02-24 17:10:58'),
(20, 20, 'Present', 'Manual', '2019-02-24 17:10:58'),
(21, 21, 'Present', 'Manual', '2019-02-24 17:10:58'),
(22, 22, 'Present', 'Manual', '2019-02-24 17:10:58'),
(23, 23, 'Present', 'Manual', '2019-02-24 17:10:58'),
(24, 24, 'Present', 'Manual', '2019-02-24 17:10:58'),
(25, 25, 'Present', 'Manual', '2019-02-24 17:10:58'),
(26, 26, 'Present', 'Manual', '2019-02-24 17:10:58'),
(27, 27, 'Present', 'Manual', '2019-02-24 17:10:58'),
(28, 28, 'Present', 'Manual', '2019-02-24 17:10:58'),
(29, 29, 'Present', 'Manual', '2019-02-24 17:10:58'),
(30, 30, 'Present', 'Manual', '2019-02-24 17:10:58'),
(31, 31, 'Present', 'Manual', '2019-02-24 17:10:58'),
(32, 32, 'Present', 'Manual', '2019-02-24 17:10:58'),
(33, 33, 'Present', 'Manual', '2019-02-24 17:10:58'),
(34, 34, 'Present', 'Manual', '2019-02-24 17:10:58'),
(35, 35, 'Present', 'Manual', '2019-02-24 17:10:58'),
(36, 36, 'Present', 'Manual', '2019-02-24 17:10:58'),
(37, 37, 'Present', 'Manual', '2019-02-24 17:10:58'),
(38, 38, 'Present', 'Manual', '2019-02-24 17:10:58'),
(39, 39, 'Present', 'Manual', '2019-02-24 17:10:58'),
(40, 40, 'Present', 'Manual', '2019-02-24 17:10:58'),
(41, 41, 'Present', 'Manual', '2019-02-24 17:10:58'),
(42, 42, 'Present', 'Manual', '2019-02-24 17:10:58'),
(43, 43, 'Present', 'Manual', '2019-02-24 17:10:58'),
(44, 44, 'Present', 'Manual', '2019-02-24 17:10:58'),
(45, 45, 'Present', 'Manual', '2019-02-24 17:10:58'),
(46, 46, 'Present', 'Manual', '2019-02-24 17:10:58'),
(47, 47, 'Present', 'Manual', '2019-02-24 17:10:58'),
(48, 48, 'Present', 'Manual', '2019-02-24 17:10:58'),
(49, 49, 'Present', 'Manual', '2019-02-24 17:10:58'),
(50, 50, 'Present', 'Manual', '2019-02-24 17:10:58'),
(51, 51, 'Present', 'Manual', '2019-02-24 17:10:58'),
(52, 52, 'Present', 'Manual', '2019-02-24 17:10:58'),
(53, 53, 'Present', 'Manual', '2019-02-24 17:10:58'),
(54, 54, 'Present', 'Manual', '2019-02-24 17:10:58'),
(55, 55, 'Present', 'Manual', '2019-02-24 17:10:58'),
(56, 56, 'Present', 'Manual', '2019-02-24 17:10:58'),
(57, 57, 'Present', 'Manual', '2019-02-24 17:10:58'),
(58, 58, 'Present', 'Manual', '2019-02-24 17:10:58'),
(59, 59, 'Present', 'Manual', '2019-02-24 17:10:58'),
(60, 61, 'Present', 'Manual', '2019-02-24 17:10:58'),
(61, 62, 'Present', 'Manual', '2019-02-24 17:10:58'),
(62, 63, 'Present', 'Manual', '2019-02-24 17:10:58'),
(63, 64, 'Present', 'Manual', '2019-02-24 17:10:58'),
(64, 65, 'Present', 'Manual', '2019-02-24 17:10:58'),
(65, 66, 'Present', 'Manual', '2019-02-24 17:10:58'),
(66, 67, 'Present', 'Manual', '2019-02-24 17:10:58'),
(67, 68, 'Present', 'Manual', '2019-02-24 17:10:58'),
(68, 69, 'Present', 'Manual', '2019-02-24 17:10:58'),
(69, 70, 'Present', 'Manual', '2019-02-24 17:10:58'),
(70, 71, 'Present', 'Manual', '2019-02-24 17:10:58'),
(71, 72, 'Present', 'Manual', '2019-02-24 17:10:58'),
(72, 73, 'Present', 'Manual', '2019-02-24 17:10:58'),
(73, 74, 'Present', 'Manual', '2019-02-24 17:10:58'),
(74, 75, 'Present', 'Manual', '2019-02-24 17:10:58'),
(75, 76, 'Present', 'Manual', '2019-02-24 17:10:58'),
(76, 77, 'Present', 'Manual', '2019-02-24 17:10:58'),
(77, 78, 'Present', 'Manual', '2019-02-24 17:10:58'),
(78, 79, 'Present', 'Manual', '2019-02-24 17:10:58'),
(79, 80, 'Present', 'Manual', '2019-02-24 17:10:58'),
(80, 81, 'Present', 'Manual', '2019-02-24 17:10:58'),
(81, 82, 'Present', 'Manual', '2019-02-24 17:10:58'),
(82, 83, 'Present', 'Manual', '2019-02-24 17:10:58'),
(83, 84, 'Present', 'Manual', '2019-02-24 17:10:58'),
(84, 85, 'Present', 'Manual', '2019-02-24 17:10:58'),
(85, 86, 'Present', 'Manual', '2019-02-24 17:10:58'),
(86, 87, 'Present', 'Manual', '2019-02-24 17:10:58'),
(87, 88, 'Present', 'Manual', '2019-02-24 17:10:58'),
(88, 89, 'Present', 'Manual', '2019-02-24 17:10:58'),
(89, 90, 'Present', 'Manual', '2019-02-24 17:10:58'),
(90, 91, 'Present', 'Manual', '2019-02-24 17:10:58'),
(91, 92, 'Present', 'Manual', '2019-02-24 17:10:58'),
(92, 93, 'Present', 'Manual', '2019-02-24 17:10:58'),
(93, 94, 'Present', 'Manual', '2019-02-24 17:10:58'),
(94, 95, 'Present', 'Manual', '2019-02-24 17:10:58'),
(95, 96, 'Present', 'Manual', '2019-02-24 17:10:58'),
(96, 97, 'Present', 'Manual', '2019-02-24 17:10:58'),
(97, 98, 'Present', 'Manual', '2019-02-24 17:10:58'),
(98, 99, 'Present', 'Manual', '2019-02-24 17:10:58'),
(99, 100, 'Present', 'Manual', '2019-02-24 17:10:58'),
(100, 101, 'Present', 'Manual', '2019-02-24 17:10:58'),
(101, 102, 'Present', 'Manual', '2019-02-24 17:10:58'),
(102, 103, 'Present', 'Manual', '2019-02-24 17:10:58'),
(103, 104, 'Present', 'Manual', '2019-02-24 17:10:58'),
(104, 105, 'Present', 'Manual', '2019-02-24 17:10:58'),
(105, 106, 'Present', 'Manual', '2019-02-24 17:10:58'),
(106, 107, 'Present', 'Manual', '2019-02-24 17:10:58'),
(107, 108, 'Present', 'Manual', '2019-02-24 17:10:58'),
(108, 109, 'Present', 'Manual', '2019-02-24 17:10:58'),
(109, 110, 'Present', 'Manual', '2019-02-24 17:10:58'),
(110, 111, 'Present', 'Manual', '2019-02-24 17:10:58'),
(111, 112, 'Present', 'Manual', '2019-02-24 17:10:58'),
(112, 113, 'Present', 'Manual', '2019-02-24 17:10:58'),
(113, 114, 'Present', 'Manual', '2019-02-24 17:10:58'),
(114, 115, 'Present', 'Manual', '2019-02-24 17:10:58'),
(115, 116, 'Present', 'Manual', '2019-02-24 17:10:58'),
(116, 117, 'Present', 'Manual', '2019-02-24 17:10:58'),
(117, 118, 'Present', 'Manual', '2019-02-24 17:10:58'),
(118, 119, 'Present', 'Manual', '2019-02-24 17:10:58'),
(119, 120, 'Present', 'Manual', '2019-02-24 17:10:58'),
(120, 121, 'Present', 'Manual', '2019-02-24 17:10:58'),
(121, 122, 'Present', 'Manual', '2019-02-24 17:10:58'),
(122, 123, 'Present', 'Manual', '2019-02-24 17:10:58'),
(123, 124, 'Present', 'Manual', '2019-02-24 17:10:58'),
(124, 125, 'Present', 'Manual', '2019-02-24 17:10:58'),
(125, 126, 'Present', 'Manual', '2019-02-24 17:10:58'),
(126, 127, 'Present', 'Manual', '2019-02-24 17:10:58'),
(127, 128, 'Present', 'Manual', '2019-02-24 17:10:58'),
(128, 129, 'Present', 'Manual', '2019-02-24 17:10:58'),
(129, 130, 'Present', 'Manual', '2019-02-24 17:10:58'),
(130, 131, 'Present', 'Manual', '2019-02-24 17:10:58'),
(131, 132, 'Present', 'Manual', '2019-02-24 17:10:58'),
(132, 133, 'Present', 'Manual', '2019-02-24 17:10:58'),
(133, 134, 'Present', 'Manual', '2019-02-24 17:10:58'),
(134, 135, 'Present', 'Manual', '2019-02-24 17:10:58'),
(135, 136, 'Present', 'Manual', '2019-02-24 17:10:58'),
(136, 137, 'Present', 'Manual', '2019-02-24 17:10:58'),
(137, 138, 'Present', 'Manual', '2019-02-24 17:10:58'),
(138, 139, 'Present', 'Manual', '2019-02-24 17:10:58'),
(139, 140, 'Present', 'Manual', '2019-02-24 17:10:58'),
(140, 141, 'Present', 'Manual', '2019-02-24 17:10:58'),
(141, 142, 'Present', 'Manual', '2019-02-24 17:10:58'),
(142, 143, 'Present', 'Manual', '2019-02-24 17:10:58'),
(143, 144, 'Present', 'Manual', '2019-02-24 17:10:58'),
(144, 145, 'Present', 'Manual', '2019-02-24 17:10:58'),
(145, 146, 'Present', 'Manual', '2019-02-24 17:10:58'),
(146, 147, 'Present', 'Manual', '2019-02-24 17:10:58'),
(147, 148, 'Present', 'Manual', '2019-02-24 17:10:58'),
(148, 149, 'Present', 'Manual', '2019-02-24 17:10:58'),
(149, 150, 'Present', 'Manual', '2019-02-24 17:10:58'),
(150, 151, 'Present', 'Manual', '2019-02-24 17:10:58'),
(151, 152, 'Present', 'Manual', '2019-02-24 17:10:58'),
(152, 153, 'Present', 'Manual', '2019-02-24 17:10:58'),
(153, 154, 'Present', 'Manual', '2019-02-24 17:10:58'),
(154, 155, 'Present', 'Manual', '2019-02-24 17:10:58'),
(155, 157, 'Present', 'Manual', '2019-02-24 17:10:58'),
(156, 158, 'Present', 'Manual', '2019-02-24 17:10:58'),
(157, 159, 'Present', 'Manual', '2019-02-24 17:10:58'),
(158, 160, 'Present', 'Manual', '2019-02-24 17:10:58'),
(159, 161, 'Present', 'Manual', '2019-02-24 17:10:58'),
(160, 162, 'Present', 'Manual', '2019-02-24 17:10:58'),
(161, 163, 'Present', 'Manual', '2019-02-24 17:10:58'),
(162, 164, 'Present', 'Manual', '2019-02-24 17:10:58'),
(163, 165, 'Present', 'Manual', '2019-02-24 17:10:58'),
(164, 166, 'Present', 'Manual', '2019-02-24 17:10:58'),
(165, 167, 'Present', 'Manual', '2019-02-24 17:10:58'),
(166, 168, 'Present', 'Manual', '2019-02-24 17:10:58'),
(167, 169, 'Present', 'Manual', '2019-02-24 17:10:58'),
(168, 170, 'Present', 'Manual', '2019-02-24 17:10:58'),
(169, 171, 'Present', 'Manual', '2019-02-24 17:10:58'),
(170, 172, 'Present', 'Manual', '2019-02-24 17:10:58'),
(171, 173, 'Present', 'Manual', '2019-02-24 17:10:58'),
(172, 174, 'Present', 'Manual', '2019-02-24 17:10:58'),
(173, 175, 'Present', 'Manual', '2019-02-24 17:10:58'),
(174, 176, 'Present', 'Manual', '2019-02-24 17:10:58'),
(175, 177, 'Present', 'Manual', '2019-02-24 17:10:58'),
(176, 178, 'Present', 'Manual', '2019-02-24 17:10:58'),
(177, 179, 'Present', 'Manual', '2019-02-24 17:10:58'),
(178, 180, 'Present', 'Manual', '2019-02-24 17:10:58'),
(179, 181, 'Present', 'Manual', '2019-02-24 17:10:58'),
(180, 182, 'Present', 'Manual', '2019-02-24 17:10:58'),
(181, 183, 'Present', 'Manual', '2019-02-24 17:10:58'),
(182, 184, 'Present', 'Manual', '2019-02-24 17:10:58'),
(183, 185, 'Present', 'Manual', '2019-02-24 17:10:58'),
(184, 186, 'Present', 'Manual', '2019-02-24 17:10:58'),
(185, 187, 'Present', 'Manual', '2019-02-24 17:10:58'),
(186, 188, 'Present', 'Manual', '2019-02-24 17:10:58'),
(187, 189, 'Present', 'Manual', '2019-02-24 17:10:58'),
(188, 190, 'Present', 'Manual', '2019-02-24 17:10:58'),
(189, 191, 'Present', 'Manual', '2019-02-24 17:10:58'),
(190, 192, 'Present', 'Manual', '2019-02-24 17:10:58'),
(191, 193, 'Present', 'Manual', '2019-02-24 17:10:58'),
(192, 194, 'Present', 'Manual', '2019-02-24 17:10:58'),
(193, 195, 'Present', 'Manual', '2019-02-24 17:10:58'),
(194, 196, 'Present', 'Manual', '2019-02-24 17:10:58'),
(195, 197, 'Present', 'Manual', '2019-02-24 17:10:58'),
(196, 198, 'Present', 'Manual', '2019-02-24 17:10:58'),
(197, 200, 'Present', 'Manual', '2019-02-24 17:10:58'),
(198, 201, 'Present', 'Manual', '2019-02-24 17:10:58'),
(199, 202, 'Present', 'Manual', '2019-02-24 17:10:58'),
(200, 203, 'Present', 'Manual', '2019-02-24 17:10:58'),
(201, 204, 'Present', 'Manual', '2019-02-24 17:10:58'),
(202, 205, 'Present', 'Manual', '2019-02-24 17:10:58'),
(203, 206, 'Present', 'Manual', '2019-02-24 17:10:58'),
(204, 207, 'Present', 'Manual', '2019-02-24 17:10:58'),
(205, 208, 'Present', 'Manual', '2019-02-24 17:10:58'),
(206, 209, 'Present', 'Manual', '2019-02-24 17:10:58'),
(207, 210, 'Present', 'Manual', '2019-02-24 17:10:58'),
(208, 211, 'Present', 'Manual', '2019-02-24 17:10:58'),
(209, 212, 'Present', 'Manual', '2019-02-24 17:10:58'),
(210, 213, 'Present', 'Manual', '2019-02-24 17:10:58'),
(211, 214, 'Present', 'Manual', '2019-02-24 17:10:58'),
(212, 215, 'Present', 'Manual', '2019-02-24 17:10:58'),
(213, 216, 'Present', 'Manual', '2019-02-24 17:10:58'),
(214, 217, 'Present', 'Manual', '2019-02-24 17:10:58'),
(215, 218, 'Present', 'Manual', '2019-02-24 17:10:58'),
(216, 219, 'Present', 'Manual', '2019-02-24 17:10:58'),
(217, 220, 'Present', 'Manual', '2019-02-24 17:10:58'),
(218, 221, 'Present', 'Manual', '2019-02-24 17:10:58'),
(219, 222, 'Present', 'Manual', '2019-02-24 17:10:58'),
(220, 223, 'Present', 'Manual', '2019-02-24 17:10:58'),
(221, 225, 'Present', 'Manual', '2019-02-24 17:10:58'),
(222, 226, 'Present', 'Manual', '2019-02-24 17:10:58'),
(223, 1, 'Present', 'Manual', '2019-02-25 17:14:24'),
(224, 2, 'Present', 'Manual', '2019-02-25 17:14:24'),
(225, 3, 'Present', 'Manual', '2019-02-25 17:14:24'),
(226, 4, 'Present', 'Manual', '2019-02-25 17:14:25'),
(227, 5, 'Present', 'Manual', '2019-02-25 17:14:25'),
(228, 6, 'Present', 'Manual', '2019-02-25 17:14:25'),
(229, 7, 'Present', 'Manual', '2019-02-25 17:14:25'),
(230, 8, 'Present', 'Manual', '2019-02-25 17:14:25'),
(231, 9, 'Present', 'Manual', '2019-02-25 17:14:25'),
(232, 10, 'Present', 'Manual', '2019-02-25 17:14:25'),
(233, 11, 'Present', 'Manual', '2019-02-25 17:14:25'),
(234, 12, 'Present', 'Manual', '2019-02-25 17:14:25'),
(235, 13, 'Present', 'Manual', '2019-02-25 17:14:26'),
(236, 14, 'Present', 'Manual', '2019-02-25 17:14:26'),
(237, 15, 'Present', 'Manual', '2019-02-25 17:14:26'),
(238, 16, 'Present', 'Manual', '2019-02-25 17:14:26'),
(239, 17, 'Present', 'Manual', '2019-02-25 17:14:26'),
(240, 18, 'Present', 'Manual', '2019-02-25 17:14:26'),
(241, 19, 'Present', 'Manual', '2019-02-25 17:14:26'),
(242, 20, 'Present', 'Manual', '2019-02-25 17:14:26'),
(243, 21, 'Present', 'Manual', '2019-02-25 17:14:26'),
(244, 22, 'Present', 'Manual', '2019-02-25 17:14:26'),
(245, 23, 'Present', 'Manual', '2019-02-25 17:14:26'),
(246, 24, 'Present', 'Manual', '2019-02-25 17:14:26'),
(247, 25, 'Present', 'Manual', '2019-02-25 17:14:26'),
(248, 26, 'Present', 'Manual', '2019-02-25 17:14:26'),
(249, 27, 'Present', 'Manual', '2019-02-25 17:14:26'),
(250, 28, 'Present', 'Manual', '2019-02-25 17:14:26'),
(251, 29, 'Present', 'Manual', '2019-02-25 17:14:26'),
(252, 30, 'Present', 'Manual', '2019-02-25 17:14:27'),
(253, 31, 'Present', 'Manual', '2019-02-25 17:14:27'),
(254, 32, 'Present', 'Manual', '2019-02-25 17:14:27'),
(255, 33, 'Present', 'Manual', '2019-02-25 17:14:27'),
(256, 34, 'Present', 'Manual', '2019-02-25 17:14:27'),
(257, 35, 'Present', 'Manual', '2019-02-25 17:14:27'),
(258, 36, 'Present', 'Manual', '2019-02-25 17:14:27'),
(259, 37, 'Present', 'Manual', '2019-02-25 17:14:27'),
(260, 38, 'Present', 'Manual', '2019-02-25 17:14:27'),
(261, 39, 'Present', 'Manual', '2019-02-25 17:14:27'),
(262, 40, 'Present', 'Manual', '2019-02-25 17:14:27'),
(263, 41, 'Present', 'Manual', '2019-02-25 17:14:27'),
(264, 42, 'Present', 'Manual', '2019-02-25 17:14:27'),
(265, 43, 'Present', 'Manual', '2019-02-25 17:14:27'),
(266, 44, 'Present', 'Manual', '2019-02-25 17:14:27'),
(267, 45, 'Present', 'Manual', '2019-02-25 17:14:27'),
(268, 46, 'Present', 'Manual', '2019-02-25 17:14:27'),
(269, 47, 'Present', 'Manual', '2019-02-25 17:14:27'),
(270, 48, 'Present', 'Manual', '2019-02-25 17:14:27'),
(271, 49, 'Present', 'Manual', '2019-02-25 17:14:27'),
(272, 50, 'Present', 'Manual', '2019-02-25 17:14:27'),
(273, 51, 'Present', 'Manual', '2019-02-25 17:14:27'),
(274, 52, 'Present', 'Manual', '2019-02-25 17:14:27'),
(275, 53, 'Present', 'Manual', '2019-02-25 17:14:27'),
(276, 54, 'Present', 'Manual', '2019-02-25 17:14:27'),
(277, 55, 'Present', 'Manual', '2019-02-25 17:14:27'),
(278, 56, 'Present', 'Manual', '2019-02-25 17:14:28'),
(279, 57, 'Present', 'Manual', '2019-02-25 17:14:28'),
(280, 58, 'Present', 'Manual', '2019-02-25 17:14:28'),
(281, 59, 'Present', 'Manual', '2019-02-25 17:14:28'),
(282, 61, 'Present', 'Manual', '2019-02-25 17:14:28'),
(283, 62, 'Present', 'Manual', '2019-02-25 17:14:28'),
(284, 63, 'Present', 'Manual', '2019-02-25 17:14:28'),
(285, 64, 'Present', 'Manual', '2019-02-25 17:14:28'),
(286, 65, 'Present', 'Manual', '2019-02-25 17:14:28'),
(287, 66, 'Present', 'Manual', '2019-02-25 17:14:28'),
(288, 67, 'Present', 'Manual', '2019-02-25 17:14:28'),
(289, 68, 'Present', 'Manual', '2019-02-25 17:14:28'),
(290, 69, 'Present', 'Manual', '2019-02-25 17:14:28'),
(291, 70, 'Present', 'Manual', '2019-02-25 17:14:28'),
(292, 71, 'Present', 'Manual', '2019-02-25 17:14:28'),
(293, 72, 'Present', 'Manual', '2019-02-25 17:14:28'),
(294, 73, 'Present', 'Manual', '2019-02-25 17:14:28'),
(295, 74, 'Present', 'Manual', '2019-02-25 17:14:28'),
(296, 75, 'Present', 'Manual', '2019-02-25 17:14:28'),
(297, 76, 'Present', 'Manual', '2019-02-25 17:14:28'),
(298, 77, 'Present', 'Manual', '2019-02-25 17:14:28'),
(299, 78, 'Present', 'Manual', '2019-02-25 17:14:28'),
(300, 79, 'Present', 'Manual', '2019-02-25 17:14:28'),
(301, 80, 'Present', 'Manual', '2019-02-25 17:14:28'),
(302, 81, 'Present', 'Manual', '2019-02-25 17:14:28'),
(303, 82, 'Present', 'Manual', '2019-02-25 17:14:28'),
(304, 83, 'Present', 'Manual', '2019-02-25 17:14:28'),
(305, 84, 'Present', 'Manual', '2019-02-25 17:14:28'),
(306, 85, 'Present', 'Manual', '2019-02-25 17:14:29'),
(307, 86, 'Present', 'Manual', '2019-02-25 17:14:29'),
(308, 87, 'Present', 'Manual', '2019-02-25 17:14:29'),
(309, 88, 'Present', 'Manual', '2019-02-25 17:14:29'),
(310, 89, 'Present', 'Manual', '2019-02-25 17:14:29'),
(311, 90, 'Present', 'Manual', '2019-02-25 17:14:29'),
(312, 91, 'Present', 'Manual', '2019-02-25 17:14:29'),
(313, 92, 'Present', 'Manual', '2019-02-25 17:14:29'),
(314, 93, 'Present', 'Manual', '2019-02-25 17:14:29'),
(315, 94, 'Present', 'Manual', '2019-02-25 17:14:29'),
(316, 95, 'Present', 'Manual', '2019-02-25 17:14:29'),
(317, 96, 'Present', 'Manual', '2019-02-25 17:14:29'),
(318, 97, 'Present', 'Manual', '2019-02-25 17:14:29'),
(319, 98, 'Present', 'Manual', '2019-02-25 17:14:29'),
(320, 99, 'Present', 'Manual', '2019-02-25 17:14:29'),
(321, 100, 'Present', 'Manual', '2019-02-25 17:14:29'),
(322, 101, 'Present', 'Manual', '2019-02-25 17:14:29'),
(323, 102, 'Present', 'Manual', '2019-02-25 17:14:29'),
(324, 103, 'Present', 'Manual', '2019-02-25 17:14:29'),
(325, 104, 'Present', 'Manual', '2019-02-25 17:14:29'),
(326, 105, 'Present', 'Manual', '2019-02-25 17:14:29'),
(327, 106, 'Present', 'Manual', '2019-02-25 17:14:29'),
(328, 107, 'Present', 'Manual', '2019-02-25 17:14:29'),
(329, 108, 'Present', 'Manual', '2019-02-25 17:14:29'),
(330, 109, 'Present', 'Manual', '2019-02-25 17:14:29'),
(331, 110, 'Present', 'Manual', '2019-02-25 17:14:29'),
(332, 111, 'Present', 'Manual', '2019-02-25 17:14:29'),
(333, 112, 'Present', 'Manual', '2019-02-25 17:14:29'),
(334, 113, 'Present', 'Manual', '2019-02-25 17:14:30'),
(335, 114, 'Present', 'Manual', '2019-02-25 17:14:30'),
(336, 115, 'Present', 'Manual', '2019-02-25 17:14:30'),
(337, 116, 'Present', 'Manual', '2019-02-25 17:14:30'),
(338, 117, 'Present', 'Manual', '2019-02-25 17:14:30'),
(339, 118, 'Present', 'Manual', '2019-02-25 17:14:30'),
(340, 119, 'Present', 'Manual', '2019-02-25 17:14:30'),
(341, 120, 'Present', 'Manual', '2019-02-25 17:14:30'),
(342, 121, 'Present', 'Manual', '2019-02-25 17:14:30'),
(343, 122, 'Present', 'Manual', '2019-02-25 17:14:30'),
(344, 123, 'Present', 'Manual', '2019-02-25 17:14:30'),
(345, 124, 'Present', 'Manual', '2019-02-25 17:14:30'),
(346, 125, 'Present', 'Manual', '2019-02-25 17:14:30'),
(347, 126, 'Present', 'Manual', '2019-02-25 17:14:30'),
(348, 127, 'Present', 'Manual', '2019-02-25 17:14:30'),
(349, 128, 'Present', 'Manual', '2019-02-25 17:14:30'),
(350, 129, 'Present', 'Manual', '2019-02-25 17:14:30'),
(351, 130, 'Present', 'Manual', '2019-02-25 17:14:30'),
(352, 131, 'Present', 'Manual', '2019-02-25 17:14:30'),
(353, 132, 'Present', 'Manual', '2019-02-25 17:14:30'),
(354, 133, 'Present', 'Manual', '2019-02-25 17:14:30'),
(355, 134, 'Present', 'Manual', '2019-02-25 17:14:30'),
(356, 135, 'Present', 'Manual', '2019-02-25 17:14:30'),
(357, 136, 'Present', 'Manual', '2019-02-25 17:14:30'),
(358, 137, 'Present', 'Manual', '2019-02-25 17:14:30'),
(359, 138, 'Present', 'Manual', '2019-02-25 17:14:30'),
(360, 139, 'Present', 'Manual', '2019-02-25 17:14:30'),
(361, 140, 'Present', 'Manual', '2019-02-25 17:14:30'),
(362, 141, 'Present', 'Manual', '2019-02-25 17:14:31'),
(363, 142, 'Present', 'Manual', '2019-02-25 17:14:31'),
(364, 143, 'Present', 'Manual', '2019-02-25 17:14:31'),
(365, 144, 'Present', 'Manual', '2019-02-25 17:14:31'),
(366, 145, 'Present', 'Manual', '2019-02-25 17:14:31'),
(367, 146, 'Present', 'Manual', '2019-02-25 17:14:31'),
(368, 147, 'Present', 'Manual', '2019-02-25 17:14:31'),
(369, 148, 'Present', 'Manual', '2019-02-25 17:14:31'),
(370, 149, 'Present', 'Manual', '2019-02-25 17:14:31'),
(371, 150, 'Present', 'Manual', '2019-02-25 17:14:31'),
(372, 151, 'Present', 'Manual', '2019-02-25 17:14:31'),
(373, 152, 'Present', 'Manual', '2019-02-25 17:14:31'),
(374, 153, 'Present', 'Manual', '2019-02-25 17:14:31'),
(375, 154, 'Present', 'Manual', '2019-02-25 17:14:31'),
(376, 155, 'Present', 'Manual', '2019-02-25 17:14:31'),
(377, 157, 'Present', 'Manual', '2019-02-25 17:14:31'),
(378, 158, 'Present', 'Manual', '2019-02-25 17:14:31'),
(379, 159, 'Present', 'Manual', '2019-02-25 17:14:31'),
(380, 160, 'Present', 'Manual', '2019-02-25 17:14:31'),
(381, 161, 'Present', 'Manual', '2019-02-25 17:14:31'),
(382, 162, 'Present', 'Manual', '2019-02-25 17:14:31'),
(383, 163, 'Present', 'Manual', '2019-02-25 17:14:31'),
(384, 164, 'Present', 'Manual', '2019-02-25 17:14:31'),
(385, 165, 'Present', 'Manual', '2019-02-25 17:14:31'),
(386, 166, 'Present', 'Manual', '2019-02-25 17:14:31'),
(387, 167, 'Present', 'Manual', '2019-02-25 17:14:31'),
(388, 168, 'Present', 'Manual', '2019-02-25 17:14:31'),
(389, 169, 'Present', 'Manual', '2019-02-25 17:14:32'),
(390, 170, 'Present', 'Manual', '2019-02-25 17:14:32'),
(391, 171, 'Present', 'Manual', '2019-02-25 17:14:32'),
(392, 172, 'Present', 'Manual', '2019-02-25 17:14:32'),
(393, 173, 'Present', 'Manual', '2019-02-25 17:14:32'),
(394, 174, 'Present', 'Manual', '2019-02-25 17:14:32'),
(395, 175, 'Present', 'Manual', '2019-02-25 17:14:32'),
(396, 176, 'Present', 'Manual', '2019-02-25 17:14:32'),
(397, 177, 'Present', 'Manual', '2019-02-25 17:14:32'),
(398, 178, 'Present', 'Manual', '2019-02-25 17:14:32'),
(399, 179, 'Present', 'Manual', '2019-02-25 17:14:32'),
(400, 180, 'Present', 'Manual', '2019-02-25 17:14:32'),
(401, 181, 'Present', 'Manual', '2019-02-25 17:14:32'),
(402, 182, 'Present', 'Manual', '2019-02-25 17:14:32'),
(403, 183, 'Present', 'Manual', '2019-02-25 17:14:32'),
(404, 184, 'Present', 'Manual', '2019-02-25 17:14:32'),
(405, 185, 'Present', 'Manual', '2019-02-25 17:14:32'),
(406, 186, 'Present', 'Manual', '2019-02-25 17:14:32'),
(407, 187, 'Present', 'Manual', '2019-02-25 17:14:32'),
(408, 188, 'Present', 'Manual', '2019-02-25 17:14:32'),
(409, 189, 'Present', 'Manual', '2019-02-25 17:14:32'),
(410, 190, 'Present', 'Manual', '2019-02-25 17:14:32'),
(411, 191, 'Present', 'Manual', '2019-02-25 17:14:32'),
(412, 192, 'Present', 'Manual', '2019-02-25 17:14:32'),
(413, 193, 'Present', 'Manual', '2019-02-25 17:14:32'),
(414, 194, 'Present', 'Manual', '2019-02-25 17:14:32'),
(415, 195, 'Present', 'Manual', '2019-02-25 17:14:32'),
(416, 196, 'Present', 'Manual', '2019-02-25 17:14:32'),
(417, 197, 'Present', 'Manual', '2019-02-25 17:14:32'),
(418, 198, 'Present', 'Manual', '2019-02-25 17:14:32'),
(419, 200, 'Present', 'Manual', '2019-02-25 17:14:32'),
(420, 201, 'Present', 'Manual', '2019-02-25 17:14:32'),
(421, 202, 'Present', 'Manual', '2019-02-25 17:14:32'),
(422, 203, 'Present', 'Manual', '2019-02-25 17:14:33'),
(423, 204, 'Present', 'Manual', '2019-02-25 17:14:33'),
(424, 205, 'Present', 'Manual', '2019-02-25 17:14:33'),
(425, 206, 'Present', 'Manual', '2019-02-25 17:14:33'),
(426, 207, 'Present', 'Manual', '2019-02-25 17:14:33'),
(427, 208, 'Present', 'Manual', '2019-02-25 17:14:33'),
(428, 209, 'Present', 'Manual', '2019-02-25 17:14:33'),
(429, 210, 'Present', 'Manual', '2019-02-25 17:14:33'),
(430, 211, 'Present', 'Manual', '2019-02-25 17:14:33'),
(431, 212, 'Present', 'Manual', '2019-02-25 17:14:33'),
(432, 213, 'Present', 'Manual', '2019-02-25 17:14:33'),
(433, 214, 'Present', 'Manual', '2019-02-25 17:14:33'),
(434, 215, 'Present', 'Manual', '2019-02-25 17:14:33'),
(435, 216, 'Present', 'Manual', '2019-02-25 17:14:33'),
(436, 217, 'Present', 'Manual', '2019-02-25 17:14:33'),
(437, 218, 'Present', 'Manual', '2019-02-25 17:14:33'),
(438, 219, 'Present', 'Manual', '2019-02-25 17:14:33'),
(439, 220, 'Present', 'Manual', '2019-02-25 17:14:33'),
(440, 221, 'Present', 'Manual', '2019-02-25 17:14:33'),
(441, 222, 'Present', 'Manual', '2019-02-25 17:14:33'),
(442, 223, 'Present', 'Manual', '2019-02-25 17:14:33'),
(443, 225, 'Present', 'Manual', '2019-02-25 17:14:33'),
(444, 226, 'Present', 'Manual', '2019-02-25 17:14:33'),
(445, 1, 'Present', 'Manual', '2019-02-26 13:31:16'),
(446, 2, 'Present', 'Manual', '2019-02-26 13:31:16'),
(447, 3, 'Present', 'Manual', '2019-02-26 13:31:16'),
(448, 4, 'Present', 'Manual', '2019-02-26 13:31:16'),
(449, 5, 'Present', 'Manual', '2019-02-26 13:31:16'),
(450, 6, 'Present', 'Manual', '2019-02-26 13:31:16'),
(451, 7, 'Present', 'Manual', '2019-02-26 13:31:16'),
(452, 8, 'Present', 'Manual', '2019-02-26 13:31:16'),
(453, 9, 'Present', 'Manual', '2019-02-26 13:31:16'),
(454, 10, 'Present', 'Manual', '2019-02-26 13:31:16'),
(455, 11, 'Present', 'Manual', '2019-02-26 13:31:16'),
(456, 12, 'Present', 'Manual', '2019-02-26 13:31:16'),
(457, 13, 'Present', 'Manual', '2019-02-26 13:31:17'),
(458, 14, 'Present', 'Manual', '2019-02-26 13:31:17'),
(459, 15, 'Present', 'Manual', '2019-02-26 13:31:17'),
(460, 16, 'Present', 'Manual', '2019-02-26 13:31:17'),
(461, 17, 'Present', 'Manual', '2019-02-26 13:31:17'),
(462, 18, 'Present', 'Manual', '2019-02-26 13:31:17'),
(463, 19, 'Present', 'Manual', '2019-02-26 13:31:17'),
(464, 20, 'Present', 'Manual', '2019-02-26 13:31:17'),
(465, 21, 'Present', 'Manual', '2019-02-26 13:31:17'),
(466, 22, 'Present', 'Manual', '2019-02-26 13:31:17'),
(467, 23, 'Present', 'Manual', '2019-02-26 13:31:17'),
(468, 24, 'Present', 'Manual', '2019-02-26 13:31:18'),
(469, 25, 'Present', 'Manual', '2019-02-26 13:31:18'),
(470, 26, 'Present', 'Manual', '2019-02-26 13:31:18'),
(471, 27, 'Present', 'Manual', '2019-02-26 13:31:18'),
(472, 28, 'Present', 'Manual', '2019-02-26 13:31:18'),
(473, 29, 'Present', 'Manual', '2019-02-26 13:31:18'),
(474, 30, 'Present', 'Manual', '2019-02-26 13:31:18'),
(475, 31, 'Present', 'Manual', '2019-02-26 13:31:18'),
(476, 32, 'Present', 'Manual', '2019-02-26 13:31:18'),
(477, 33, 'Present', 'Manual', '2019-02-26 13:31:18'),
(478, 34, 'Present', 'Manual', '2019-02-26 13:31:18'),
(479, 35, 'Present', 'Manual', '2019-02-26 13:31:18'),
(480, 36, 'Present', 'Manual', '2019-02-26 13:31:18'),
(481, 37, 'Present', 'Manual', '2019-02-26 13:31:19'),
(482, 38, 'Present', 'Manual', '2019-02-26 13:31:19'),
(483, 39, 'Present', 'Manual', '2019-02-26 13:31:19'),
(484, 40, 'Present', 'Manual', '2019-02-26 13:31:19'),
(485, 41, 'Present', 'Manual', '2019-02-26 13:31:19'),
(486, 42, 'Present', 'Manual', '2019-02-26 13:31:19'),
(487, 43, 'Present', 'Manual', '2019-02-26 13:31:19'),
(488, 44, 'Present', 'Manual', '2019-02-26 13:31:19'),
(489, 45, 'Present', 'Manual', '2019-02-26 13:31:19'),
(490, 46, 'Present', 'Manual', '2019-02-26 13:31:19'),
(491, 47, 'Present', 'Manual', '2019-02-26 13:31:19'),
(492, 48, 'Present', 'Manual', '2019-02-26 13:31:20'),
(493, 49, 'Present', 'Manual', '2019-02-26 13:31:20'),
(494, 50, 'Present', 'Manual', '2019-02-26 13:31:20'),
(495, 51, 'Present', 'Manual', '2019-02-26 13:31:20'),
(496, 52, 'Present', 'Manual', '2019-02-26 13:31:20'),
(497, 53, 'Present', 'Manual', '2019-02-26 13:31:20'),
(498, 54, 'Present', 'Manual', '2019-02-26 13:31:20'),
(499, 55, 'Present', 'Manual', '2019-02-26 13:31:20'),
(500, 56, 'Present', 'Manual', '2019-02-26 13:31:20'),
(501, 57, 'Present', 'Manual', '2019-02-26 13:31:21'),
(502, 58, 'Present', 'Manual', '2019-02-26 13:31:21'),
(503, 59, 'Present', 'Manual', '2019-02-26 13:31:21'),
(504, 61, 'Present', 'Manual', '2019-02-26 13:31:21'),
(505, 62, 'Present', 'Manual', '2019-02-26 13:31:21'),
(506, 63, 'Present', 'Manual', '2019-02-26 13:31:21'),
(507, 64, 'Present', 'Manual', '2019-02-26 13:31:21'),
(508, 65, 'Present', 'Manual', '2019-02-26 13:31:21'),
(509, 66, 'Present', 'Manual', '2019-02-26 13:31:21'),
(510, 67, 'Present', 'Manual', '2019-02-26 13:31:21'),
(511, 68, 'Present', 'Manual', '2019-02-26 13:31:21'),
(512, 69, 'Present', 'Manual', '2019-02-26 13:31:21'),
(513, 70, 'Present', 'Manual', '2019-02-26 13:31:22'),
(514, 71, 'Present', 'Manual', '2019-02-26 13:31:22'),
(515, 72, 'Present', 'Manual', '2019-02-26 13:31:22'),
(516, 73, 'Present', 'Manual', '2019-02-26 13:31:22'),
(517, 74, 'Present', 'Manual', '2019-02-26 13:31:22'),
(518, 75, 'Present', 'Manual', '2019-02-26 13:31:22'),
(519, 76, 'Present', 'Manual', '2019-02-26 13:31:22'),
(520, 77, 'Present', 'Manual', '2019-02-26 13:31:22'),
(521, 78, 'Present', 'Manual', '2019-02-26 13:31:22'),
(522, 79, 'Present', 'Manual', '2019-02-26 13:31:22'),
(523, 80, 'Present', 'Manual', '2019-02-26 13:31:22'),
(524, 81, 'Present', 'Manual', '2019-02-26 13:31:22'),
(525, 82, 'Present', 'Manual', '2019-02-26 13:31:23'),
(526, 83, 'Present', 'Manual', '2019-02-26 13:31:23'),
(527, 84, 'Present', 'Manual', '2019-02-26 13:31:23'),
(528, 85, 'Present', 'Manual', '2019-02-26 13:31:23'),
(529, 86, 'Present', 'Manual', '2019-02-26 13:31:23'),
(530, 87, 'Present', 'Manual', '2019-02-26 13:31:23'),
(531, 88, 'Present', 'Manual', '2019-02-26 13:31:23'),
(532, 89, 'Present', 'Manual', '2019-02-26 13:31:23'),
(533, 90, 'Present', 'Manual', '2019-02-26 13:31:23'),
(534, 91, 'Present', 'Manual', '2019-02-26 13:31:23'),
(535, 92, 'Present', 'Manual', '2019-02-26 13:31:23'),
(536, 93, 'Present', 'Manual', '2019-02-26 13:31:23'),
(537, 94, 'Present', 'Manual', '2019-02-26 13:31:23'),
(538, 95, 'Present', 'Manual', '2019-02-26 13:31:24'),
(539, 96, 'Present', 'Manual', '2019-02-26 13:31:24'),
(540, 97, 'Present', 'Manual', '2019-02-26 13:31:24'),
(541, 98, 'Present', 'Manual', '2019-02-26 13:31:24'),
(542, 99, 'Present', 'Manual', '2019-02-26 13:31:24'),
(543, 100, 'Present', 'Manual', '2019-02-26 13:31:24'),
(544, 101, 'Present', 'Manual', '2019-02-26 13:31:24'),
(545, 102, 'Present', 'Manual', '2019-02-26 13:31:24'),
(546, 103, 'Present', 'Manual', '2019-02-26 13:31:24'),
(547, 104, 'Present', 'Manual', '2019-02-26 13:31:24'),
(548, 105, 'Present', 'Manual', '2019-02-26 13:31:24'),
(549, 106, 'Present', 'Manual', '2019-02-26 13:31:24'),
(550, 107, 'Present', 'Manual', '2019-02-26 13:31:24'),
(551, 108, 'Present', 'Manual', '2019-02-26 13:31:24'),
(552, 109, 'Present', 'Manual', '2019-02-26 13:31:25'),
(553, 110, 'Present', 'Manual', '2019-02-26 13:31:25'),
(554, 111, 'Present', 'Manual', '2019-02-26 13:31:25'),
(555, 112, 'Present', 'Manual', '2019-02-26 13:31:25'),
(556, 113, 'Present', 'Manual', '2019-02-26 13:31:25'),
(557, 114, 'Present', 'Manual', '2019-02-26 13:31:25'),
(558, 115, 'Present', 'Manual', '2019-02-26 13:31:25'),
(559, 116, 'Present', 'Manual', '2019-02-26 13:31:25'),
(560, 117, 'Present', 'Manual', '2019-02-26 13:31:25'),
(561, 118, 'Present', 'Manual', '2019-02-26 13:31:25'),
(562, 119, 'Present', 'Manual', '2019-02-26 13:31:25'),
(563, 120, 'Present', 'Manual', '2019-02-26 13:31:25'),
(564, 121, 'Present', 'Manual', '2019-02-26 13:31:25'),
(565, 122, 'Present', 'Manual', '2019-02-26 13:31:26'),
(566, 123, 'Present', 'Manual', '2019-02-26 13:31:26'),
(567, 124, 'Present', 'Manual', '2019-02-26 13:31:26'),
(568, 125, 'Present', 'Manual', '2019-02-26 13:31:26'),
(569, 126, 'Present', 'Manual', '2019-02-26 13:31:26'),
(570, 127, 'Present', 'Manual', '2019-02-26 13:31:26'),
(571, 128, 'Present', 'Manual', '2019-02-26 13:31:26'),
(572, 129, 'Present', 'Manual', '2019-02-26 13:31:26'),
(573, 130, 'Present', 'Manual', '2019-02-26 13:31:26'),
(574, 131, 'Present', 'Manual', '2019-02-26 13:31:26'),
(575, 132, 'Present', 'Manual', '2019-02-26 13:31:26'),
(576, 133, 'Present', 'Manual', '2019-02-26 13:31:26'),
(577, 134, 'Present', 'Manual', '2019-02-26 13:31:26'),
(578, 135, 'Present', 'Manual', '2019-02-26 13:31:26'),
(579, 136, 'Present', 'Manual', '2019-02-26 13:31:26'),
(580, 137, 'Present', 'Manual', '2019-02-26 13:31:27'),
(581, 138, 'Present', 'Manual', '2019-02-26 13:31:27'),
(582, 139, 'Present', 'Manual', '2019-02-26 13:31:27'),
(583, 140, 'Present', 'Manual', '2019-02-26 13:31:27'),
(584, 140, 'Present', 'Manual', '2019-02-26 13:31:27'),
(585, 141, 'Present', 'Manual', '2019-02-26 13:31:27'),
(586, 142, 'Present', 'Manual', '2019-02-26 13:31:27'),
(587, 143, 'Present', 'Manual', '2019-02-26 13:31:27'),
(588, 143, 'Present', 'Manual', '2019-02-26 13:31:27'),
(589, 144, 'Present', 'Manual', '2019-02-26 13:31:27'),
(590, 145, 'Present', 'Manual', '2019-02-26 13:31:27'),
(591, 146, 'Present', 'Manual', '2019-02-26 13:31:27'),
(592, 147, 'Present', 'Manual', '2019-02-26 13:31:27'),
(593, 147, 'Present', 'Manual', '2019-02-26 13:31:27'),
(594, 148, 'Present', 'Manual', '2019-02-26 13:31:27'),
(595, 149, 'Present', 'Manual', '2019-02-26 13:31:27'),
(596, 150, 'Present', 'Manual', '2019-02-26 13:31:27'),
(597, 151, 'Present', 'Manual', '2019-02-26 13:31:27'),
(598, 152, 'Present', 'Manual', '2019-02-26 13:31:28'),
(599, 153, 'Present', 'Manual', '2019-02-26 13:31:28'),
(600, 154, 'Present', 'Manual', '2019-02-26 13:31:28'),
(601, 155, 'Present', 'Manual', '2019-02-26 13:31:28'),
(602, 155, 'Present', 'Manual', '2019-02-26 13:31:28'),
(603, 157, 'Present', 'Manual', '2019-02-26 13:31:28'),
(604, 158, 'Present', 'Manual', '2019-02-26 13:31:28'),
(605, 159, 'Present', 'Manual', '2019-02-26 13:31:28'),
(606, 160, 'Present', 'Manual', '2019-02-26 13:31:28'),
(607, 160, 'Present', 'Manual', '2019-02-26 13:31:28'),
(608, 161, 'Present', 'Manual', '2019-02-26 13:31:28'),
(609, 161, 'Present', 'Manual', '2019-02-26 13:31:28'),
(610, 162, 'Present', 'Manual', '2019-02-26 13:31:28'),
(611, 162, 'Present', 'Manual', '2019-02-26 13:31:28'),
(612, 163, 'Present', 'Manual', '2019-02-26 13:31:28'),
(613, 164, 'Present', 'Manual', '2019-02-26 13:31:28'),
(614, 165, 'Present', 'Manual', '2019-02-26 13:31:28'),
(615, 165, 'Present', 'Manual', '2019-02-26 13:31:28'),
(616, 166, 'Present', 'Manual', '2019-02-26 13:31:28'),
(617, 166, 'Present', 'Manual', '2019-02-26 13:31:29'),
(618, 167, 'Present', 'Manual', '2019-02-26 13:31:29'),
(619, 167, 'Present', 'Manual', '2019-02-26 13:31:29'),
(620, 168, 'Present', 'Manual', '2019-02-26 13:31:29'),
(621, 169, 'Present', 'Manual', '2019-02-26 13:31:29'),
(622, 170, 'Present', 'Manual', '2019-02-26 13:31:29'),
(623, 171, 'Present', 'Manual', '2019-02-26 13:31:29'),
(624, 171, 'Present', 'Manual', '2019-02-26 13:31:29'),
(625, 172, 'Present', 'Manual', '2019-02-26 13:31:29'),
(626, 173, 'Present', 'Manual', '2019-02-26 13:31:29'),
(627, 174, 'Present', 'Manual', '2019-02-26 13:31:29'),
(628, 174, 'Present', 'Manual', '2019-02-26 13:31:29'),
(629, 175, 'Present', 'Manual', '2019-02-26 13:31:29'),
(630, 175, 'Present', 'Manual', '2019-02-26 13:31:29'),
(631, 176, 'Present', 'Manual', '2019-02-26 13:31:29'),
(632, 177, 'Present', 'Manual', '2019-02-26 13:31:29'),
(633, 178, 'Present', 'Manual', '2019-02-26 13:31:29'),
(634, 179, 'Present', 'Manual', '2019-02-26 13:31:30'),
(635, 180, 'Present', 'Manual', '2019-02-26 13:31:30'),
(636, 181, 'Present', 'Manual', '2019-02-26 13:31:30'),
(637, 182, 'Present', 'Manual', '2019-02-26 13:31:30'),
(638, 183, 'Present', 'Manual', '2019-02-26 13:31:30'),
(639, 184, 'Present', 'Manual', '2019-02-26 13:31:30'),
(640, 185, 'Present', 'Manual', '2019-02-26 13:31:30'),
(641, 186, 'Present', 'Manual', '2019-02-26 13:31:30'),
(642, 187, 'Present', 'Manual', '2019-02-26 13:31:30'),
(643, 188, 'Present', 'Manual', '2019-02-26 13:31:30'),
(644, 189, 'Present', 'Manual', '2019-02-26 13:31:30'),
(645, 190, 'Present', 'Manual', '2019-02-26 13:31:30'),
(646, 191, 'Present', 'Manual', '2019-02-26 13:31:31'),
(647, 192, 'Present', 'Manual', '2019-02-26 13:31:31'),
(648, 193, 'Present', 'Manual', '2019-02-26 13:31:31'),
(649, 194, 'Present', 'Manual', '2019-02-26 13:31:31'),
(650, 195, 'Present', 'Manual', '2019-02-26 13:31:31'),
(651, 196, 'Present', 'Manual', '2019-02-26 13:31:31'),
(652, 197, 'Present', 'Manual', '2019-02-26 13:31:31'),
(653, 198, 'Present', 'Manual', '2019-02-26 13:31:31'),
(654, 200, 'Present', 'Manual', '2019-02-26 13:31:31'),
(655, 201, 'Present', 'Manual', '2019-02-26 13:31:31'),
(656, 202, 'Present', 'Manual', '2019-02-26 13:31:31'),
(657, 203, 'Present', 'Manual', '2019-02-26 13:31:31'),
(658, 204, 'Present', 'Manual', '2019-02-26 13:31:31'),
(659, 205, 'Present', 'Manual', '2019-02-26 13:31:32'),
(660, 206, 'Present', 'Manual', '2019-02-26 13:31:32'),
(661, 207, 'Present', 'Manual', '2019-02-26 13:31:32'),
(662, 208, 'Present', 'Manual', '2019-02-26 13:31:32'),
(663, 209, 'Present', 'Manual', '2019-02-26 13:31:32'),
(664, 210, 'Present', 'Manual', '2019-02-26 13:31:32'),
(665, 211, 'Present', 'Manual', '2019-02-26 13:31:32'),
(666, 212, 'Present', 'Manual', '2019-02-26 13:31:32'),
(667, 213, 'Present', 'Manual', '2019-02-26 13:31:32'),
(668, 214, 'Present', 'Manual', '2019-02-26 13:31:32'),
(669, 215, 'Present', 'Manual', '2019-02-26 13:31:32'),
(670, 216, 'Present', 'Manual', '2019-02-26 13:31:32'),
(671, 217, 'Present', 'Manual', '2019-02-26 13:31:32'),
(672, 218, 'Present', 'Manual', '2019-02-26 13:31:32'),
(673, 219, 'Present', 'Manual', '2019-02-26 13:31:33'),
(674, 220, 'Present', 'Manual', '2019-02-26 13:31:33'),
(675, 221, 'Present', 'Manual', '2019-02-26 13:31:33'),
(676, 222, 'Present', 'Manual', '2019-02-26 13:31:33'),
(677, 223, 'Present', 'Manual', '2019-02-26 13:31:33'),
(678, 225, 'Present', 'Manual', '2019-02-26 13:31:33'),
(679, 226, 'Present', 'Manual', '2019-02-26 13:31:33'),
(680, 1, 'Present', 'Manual', '2019-03-08 11:37:07'),
(681, 2, 'Present', 'Manual', '2019-03-08 11:37:07'),
(682, 3, 'Present', 'Manual', '2019-03-08 11:37:07'),
(683, 4, 'Present', 'Manual', '2019-03-08 11:37:07'),
(684, 5, 'Present', 'Manual', '2019-03-08 11:37:07'),
(685, 6, 'Present', 'Manual', '2019-03-08 11:37:07'),
(686, 7, 'Present', 'Manual', '2019-03-08 11:37:07'),
(687, 8, 'Present', 'Manual', '2019-03-08 11:37:07'),
(688, 9, 'Present', 'Manual', '2019-03-08 11:37:07'),
(689, 10, 'Present', 'Manual', '2019-03-08 11:37:07'),
(690, 11, 'Present', 'Manual', '2019-03-08 11:37:07'),
(691, 12, 'Present', 'Manual', '2019-03-08 11:37:07'),
(692, 13, 'Present', 'Manual', '2019-03-08 11:37:07'),
(693, 14, 'Present', 'Manual', '2019-03-08 11:37:07'),
(694, 15, 'Present', 'Manual', '2019-03-08 11:37:07'),
(695, 16, 'Present', 'Manual', '2019-03-08 11:37:07'),
(696, 17, 'Present', 'Manual', '2019-03-08 11:37:07'),
(697, 18, 'Present', 'Manual', '2019-03-08 11:37:07'),
(698, 19, 'Present', 'Manual', '2019-03-08 11:37:07'),
(699, 20, 'Present', 'Manual', '2019-03-08 11:37:07'),
(700, 21, 'Present', 'Manual', '2019-03-08 11:37:07'),
(701, 22, 'Present', 'Manual', '2019-03-08 11:37:08'),
(702, 23, 'Present', 'Manual', '2019-03-08 11:37:08'),
(703, 24, 'Present', 'Manual', '2019-03-08 11:37:08'),
(704, 25, 'Present', 'Manual', '2019-03-08 11:37:08'),
(705, 26, 'Present', 'Manual', '2019-03-08 11:37:08'),
(706, 27, 'Present', 'Manual', '2019-03-08 11:37:08'),
(707, 28, 'Present', 'Manual', '2019-03-08 11:37:08'),
(708, 29, 'Present', 'Manual', '2019-03-08 11:37:08'),
(709, 30, 'Present', 'Manual', '2019-03-08 11:37:08'),
(710, 31, 'Present', 'Manual', '2019-03-08 11:37:08'),
(711, 32, 'Present', 'Manual', '2019-03-08 11:37:08'),
(712, 33, 'Present', 'Manual', '2019-03-08 11:37:08'),
(713, 34, 'Present', 'Manual', '2019-03-08 11:37:08'),
(714, 35, 'Present', 'Manual', '2019-03-08 11:37:08'),
(715, 36, 'Present', 'Manual', '2019-03-08 11:37:08'),
(716, 37, 'Present', 'Manual', '2019-03-08 11:37:08'),
(717, 38, 'Present', 'Manual', '2019-03-08 11:37:08'),
(718, 39, 'Present', 'Manual', '2019-03-08 11:37:08'),
(719, 40, 'Present', 'Manual', '2019-03-08 11:37:08'),
(720, 41, 'Present', 'Manual', '2019-03-08 11:37:08'),
(721, 42, 'Present', 'Manual', '2019-03-08 11:37:08'),
(722, 43, 'Present', 'Manual', '2019-03-08 11:37:08'),
(723, 44, 'Present', 'Manual', '2019-03-08 11:37:08'),
(724, 45, 'Present', 'Manual', '2019-03-08 11:37:08'),
(725, 46, 'Present', 'Manual', '2019-03-08 11:37:08'),
(726, 47, 'Present', 'Manual', '2019-03-08 11:37:08'),
(727, 48, 'Present', 'Manual', '2019-03-08 11:37:09'),
(728, 49, 'Present', 'Manual', '2019-03-08 11:37:09'),
(729, 50, 'Present', 'Manual', '2019-03-08 11:37:09'),
(730, 51, 'Present', 'Manual', '2019-03-08 11:37:09'),
(731, 52, 'Present', 'Manual', '2019-03-08 11:37:09'),
(732, 53, 'Present', 'Manual', '2019-03-08 11:37:09'),
(733, 54, 'Present', 'Manual', '2019-03-08 11:37:09'),
(734, 55, 'Present', 'Manual', '2019-03-08 11:37:09'),
(735, 56, 'Present', 'Manual', '2019-03-08 11:37:09'),
(736, 57, 'Present', 'Manual', '2019-03-08 11:37:09'),
(737, 58, 'Present', 'Manual', '2019-03-08 11:37:09'),
(738, 59, 'Present', 'Manual', '2019-03-08 11:37:09'),
(739, 61, 'Present', 'Manual', '2019-03-08 11:37:09'),
(740, 62, 'Present', 'Manual', '2019-03-08 11:37:09'),
(741, 63, 'Present', 'Manual', '2019-03-08 11:37:09'),
(742, 64, 'Present', 'Manual', '2019-03-08 11:37:09'),
(743, 65, 'Present', 'Manual', '2019-03-08 11:37:09'),
(744, 66, 'Present', 'Manual', '2019-03-08 11:37:09'),
(745, 67, 'Present', 'Manual', '2019-03-08 11:37:09'),
(746, 68, 'Present', 'Manual', '2019-03-08 11:37:09'),
(747, 69, 'Present', 'Manual', '2019-03-08 11:37:09'),
(748, 70, 'Present', 'Manual', '2019-03-08 11:37:09'),
(749, 71, 'Present', 'Manual', '2019-03-08 11:37:09'),
(750, 72, 'Present', 'Manual', '2019-03-08 11:37:09'),
(751, 73, 'Present', 'Manual', '2019-03-08 11:37:09'),
(752, 74, 'Present', 'Manual', '2019-03-08 11:37:10'),
(753, 75, 'Present', 'Manual', '2019-03-08 11:37:10'),
(754, 76, 'Present', 'Manual', '2019-03-08 11:37:10'),
(755, 77, 'Present', 'Manual', '2019-03-08 11:37:10'),
(756, 78, 'Present', 'Manual', '2019-03-08 11:37:10'),
(757, 79, 'Present', 'Manual', '2019-03-08 11:37:10'),
(758, 80, 'Present', 'Manual', '2019-03-08 11:37:10'),
(759, 81, 'Present', 'Manual', '2019-03-08 11:37:10'),
(760, 82, 'Present', 'Manual', '2019-03-08 11:37:10'),
(761, 83, 'Present', 'Manual', '2019-03-08 11:37:10'),
(762, 84, 'Present', 'Manual', '2019-03-08 11:37:10'),
(763, 85, 'Present', 'Manual', '2019-03-08 11:37:10'),
(764, 86, 'Present', 'Manual', '2019-03-08 11:37:10'),
(765, 87, 'Present', 'Manual', '2019-03-08 11:37:10'),
(766, 88, 'Present', 'Manual', '2019-03-08 11:37:10'),
(767, 89, 'Present', 'Manual', '2019-03-08 11:37:10'),
(768, 90, 'Present', 'Manual', '2019-03-08 11:37:10'),
(769, 91, 'Present', 'Manual', '2019-03-08 11:37:10'),
(770, 92, 'Present', 'Manual', '2019-03-08 11:37:10'),
(771, 93, 'Present', 'Manual', '2019-03-08 11:37:10'),
(772, 94, 'Present', 'Manual', '2019-03-08 11:37:10'),
(773, 95, 'Present', 'Manual', '2019-03-08 11:37:11'),
(774, 96, 'Present', 'Manual', '2019-03-08 11:37:11'),
(775, 97, 'Present', 'Manual', '2019-03-08 11:37:11'),
(776, 98, 'Present', 'Manual', '2019-03-08 11:37:11'),
(777, 99, 'Present', 'Manual', '2019-03-08 11:37:11'),
(778, 100, 'Present', 'Manual', '2019-03-08 11:37:11'),
(779, 101, 'Present', 'Manual', '2019-03-08 11:37:11'),
(780, 102, 'Present', 'Manual', '2019-03-08 11:37:11'),
(781, 103, 'Present', 'Manual', '2019-03-08 11:37:11'),
(782, 104, 'Present', 'Manual', '2019-03-08 11:37:11'),
(783, 105, 'Present', 'Manual', '2019-03-08 11:37:11'),
(784, 106, 'Present', 'Manual', '2019-03-08 11:37:11'),
(785, 107, 'Present', 'Manual', '2019-03-08 11:37:11'),
(786, 108, 'Present', 'Manual', '2019-03-08 11:37:11'),
(787, 109, 'Present', 'Manual', '2019-03-08 11:37:11'),
(788, 110, 'Present', 'Manual', '2019-03-08 11:37:11'),
(789, 111, 'Present', 'Manual', '2019-03-08 11:37:11'),
(790, 112, 'Present', 'Manual', '2019-03-08 11:37:11'),
(791, 113, 'Present', 'Manual', '2019-03-08 11:37:11'),
(792, 114, 'Present', 'Manual', '2019-03-08 11:37:11'),
(793, 115, 'Present', 'Manual', '2019-03-08 11:37:11'),
(794, 116, 'Present', 'Manual', '2019-03-08 11:37:11'),
(795, 117, 'Present', 'Manual', '2019-03-08 11:37:11'),
(796, 118, 'Present', 'Manual', '2019-03-08 11:37:11'),
(797, 119, 'Present', 'Manual', '2019-03-08 11:37:12'),
(798, 120, 'Present', 'Manual', '2019-03-08 11:37:12'),
(799, 121, 'Present', 'Manual', '2019-03-08 11:37:12'),
(800, 122, 'Present', 'Manual', '2019-03-08 11:37:12'),
(801, 123, 'Present', 'Manual', '2019-03-08 11:37:12'),
(802, 124, 'Present', 'Manual', '2019-03-08 11:37:12'),
(803, 125, 'Present', 'Manual', '2019-03-08 11:37:12'),
(804, 126, 'Present', 'Manual', '2019-03-08 11:37:12'),
(805, 127, 'Present', 'Manual', '2019-03-08 11:37:12'),
(806, 128, 'Present', 'Manual', '2019-03-08 11:37:12'),
(807, 129, 'Present', 'Manual', '2019-03-08 11:37:12'),
(808, 130, 'Present', 'Manual', '2019-03-08 11:37:12'),
(809, 131, 'Present', 'Manual', '2019-03-08 11:37:12'),
(810, 132, 'Present', 'Manual', '2019-03-08 11:37:12'),
(811, 133, 'Present', 'Manual', '2019-03-08 11:37:12'),
(812, 134, 'Present', 'Manual', '2019-03-08 11:37:12'),
(813, 135, 'Present', 'Manual', '2019-03-08 11:37:12'),
(814, 136, 'Present', 'Manual', '2019-03-08 11:37:12'),
(815, 137, 'Present', 'Manual', '2019-03-08 11:37:12'),
(816, 138, 'Present', 'Manual', '2019-03-08 11:37:12'),
(817, 139, 'Present', 'Manual', '2019-03-08 11:37:12'),
(818, 140, 'Present', 'Manual', '2019-03-08 11:37:12'),
(819, 141, 'Present', 'Manual', '2019-03-08 11:37:12'),
(820, 142, 'Present', 'Manual', '2019-03-08 11:37:12'),
(821, 143, 'Present', 'Manual', '2019-03-08 11:37:12'),
(822, 144, 'Present', 'Manual', '2019-03-08 11:37:13'),
(823, 145, 'Present', 'Manual', '2019-03-08 11:37:13'),
(824, 146, 'Present', 'Manual', '2019-03-08 11:37:13'),
(825, 147, 'Present', 'Manual', '2019-03-08 11:37:13'),
(826, 148, 'Present', 'Manual', '2019-03-08 11:37:13'),
(827, 149, 'Present', 'Manual', '2019-03-08 11:37:13'),
(828, 150, 'Present', 'Manual', '2019-03-08 11:37:13'),
(829, 151, 'Present', 'Manual', '2019-03-08 11:37:13'),
(830, 152, 'Present', 'Manual', '2019-03-08 11:37:13'),
(831, 153, 'Present', 'Manual', '2019-03-08 11:37:13'),
(832, 154, 'Present', 'Manual', '2019-03-08 11:37:13'),
(833, 155, 'Present', 'Manual', '2019-03-08 11:37:13'),
(834, 157, 'Present', 'Manual', '2019-03-08 11:37:13'),
(835, 158, 'Present', 'Manual', '2019-03-08 11:37:13'),
(836, 159, 'Present', 'Manual', '2019-03-08 11:37:13'),
(837, 160, 'Present', 'Manual', '2019-03-08 11:37:13'),
(838, 161, 'Present', 'Manual', '2019-03-08 11:37:13'),
(839, 162, 'Present', 'Manual', '2019-03-08 11:37:13'),
(840, 163, 'Present', 'Manual', '2019-03-08 11:37:13'),
(841, 164, 'Present', 'Manual', '2019-03-08 11:37:13'),
(842, 165, 'Present', 'Manual', '2019-03-08 11:37:13'),
(843, 166, 'Present', 'Manual', '2019-03-08 11:37:13'),
(844, 167, 'Present', 'Manual', '2019-03-08 11:37:13'),
(845, 168, 'Present', 'Manual', '2019-03-08 11:37:13'),
(846, 169, 'Present', 'Manual', '2019-03-08 11:37:13'),
(847, 170, 'Present', 'Manual', '2019-03-08 11:37:14'),
(848, 171, 'Present', 'Manual', '2019-03-08 11:37:14'),
(849, 172, 'Present', 'Manual', '2019-03-08 11:37:14'),
(850, 173, 'Present', 'Manual', '2019-03-08 11:37:14'),
(851, 174, 'Present', 'Manual', '2019-03-08 11:37:14'),
(852, 175, 'Present', 'Manual', '2019-03-08 11:37:14'),
(853, 176, 'Present', 'Manual', '2019-03-08 11:37:14'),
(854, 177, 'Present', 'Manual', '2019-03-08 11:37:14'),
(855, 178, 'Present', 'Manual', '2019-03-08 11:37:14'),
(856, 179, 'Present', 'Manual', '2019-03-08 11:37:14'),
(857, 180, 'Present', 'Manual', '2019-03-08 11:37:14'),
(858, 181, 'Present', 'Manual', '2019-03-08 11:37:14'),
(859, 182, 'Present', 'Manual', '2019-03-08 11:37:14'),
(860, 183, 'Present', 'Manual', '2019-03-08 11:37:14'),
(861, 184, 'Present', 'Manual', '2019-03-08 11:37:14'),
(862, 185, 'Present', 'Manual', '2019-03-08 11:37:14'),
(863, 186, 'Present', 'Manual', '2019-03-08 11:37:14'),
(864, 187, 'Present', 'Manual', '2019-03-08 11:37:14'),
(865, 188, 'Present', 'Manual', '2019-03-08 11:37:14'),
(866, 189, 'Present', 'Manual', '2019-03-08 11:37:14'),
(867, 190, 'Present', 'Manual', '2019-03-08 11:37:14'),
(868, 191, 'Present', 'Manual', '2019-03-08 11:37:14'),
(869, 192, 'Present', 'Manual', '2019-03-08 11:37:14'),
(870, 193, 'Present', 'Manual', '2019-03-08 11:37:14'),
(871, 194, 'Present', 'Manual', '2019-03-08 11:37:14'),
(872, 195, 'Present', 'Manual', '2019-03-08 11:37:14'),
(873, 196, 'Present', 'Manual', '2019-03-08 11:37:14'),
(874, 197, 'Present', 'Manual', '2019-03-08 11:37:14'),
(875, 198, 'Present', 'Manual', '2019-03-08 11:37:15'),
(876, 200, 'Present', 'Manual', '2019-03-08 11:37:15'),
(877, 201, 'Present', 'Manual', '2019-03-08 11:37:15'),
(878, 202, 'Present', 'Manual', '2019-03-08 11:37:15'),
(879, 203, 'Present', 'Manual', '2019-03-08 11:37:15'),
(880, 204, 'Present', 'Manual', '2019-03-08 11:37:15'),
(881, 205, 'Present', 'Manual', '2019-03-08 11:37:15'),
(882, 206, 'Present', 'Manual', '2019-03-08 11:37:15'),
(883, 207, 'Present', 'Manual', '2019-03-08 11:37:15'),
(884, 208, 'Present', 'Manual', '2019-03-08 11:37:15'),
(885, 209, 'Present', 'Manual', '2019-03-08 11:37:15'),
(886, 210, 'Present', 'Manual', '2019-03-08 11:37:15'),
(887, 211, 'Present', 'Manual', '2019-03-08 11:37:15'),
(888, 212, 'Present', 'Manual', '2019-03-08 11:37:15'),
(889, 213, 'Present', 'Manual', '2019-03-08 11:37:15'),
(890, 214, 'Present', 'Manual', '2019-03-08 11:37:15'),
(891, 215, 'Present', 'Manual', '2019-03-08 11:37:15'),
(892, 216, 'Present', 'Manual', '2019-03-08 11:37:15'),
(893, 217, 'Present', 'Manual', '2019-03-08 11:37:15'),
(894, 218, 'Present', 'Manual', '2019-03-08 11:37:15'),
(895, 219, 'Present', 'Manual', '2019-03-08 11:37:15'),
(896, 220, 'Present', 'Manual', '2019-03-08 11:37:15'),
(897, 221, 'Present', 'Manual', '2019-03-08 11:37:15'),
(898, 222, 'Present', 'Manual', '2019-03-08 11:37:15'),
(899, 223, 'Present', 'Manual', '2019-03-08 11:37:15'),
(900, 225, 'Present', 'Manual', '2019-03-08 11:37:15'),
(901, 226, 'Present', 'Manual', '2019-03-08 11:37:15'),
(902, 1, 'Present', 'Manual', '2019-03-10 17:33:16'),
(903, 2, 'Present', 'Manual', '2019-03-10 17:33:16'),
(904, 3, 'Present', 'Manual', '2019-03-10 17:33:16'),
(905, 4, 'Present', 'Manual', '2019-03-10 17:33:16'),
(906, 5, 'Present', 'Manual', '2019-03-10 17:33:16'),
(907, 6, 'Present', 'Manual', '2019-03-10 17:33:16'),
(908, 7, 'Present', 'Manual', '2019-03-10 17:33:17'),
(909, 8, 'Present', 'Manual', '2019-03-10 17:33:17'),
(910, 9, 'Present', 'Manual', '2019-03-10 17:33:17'),
(911, 10, 'Present', 'Manual', '2019-03-10 17:33:17'),
(912, 11, 'Present', 'Manual', '2019-03-10 17:33:17'),
(913, 12, 'Present', 'Manual', '2019-03-10 17:33:17'),
(914, 13, 'Present', 'Manual', '2019-03-10 17:33:17'),
(915, 14, 'Present', 'Manual', '2019-03-10 17:33:17'),
(916, 15, 'Present', 'Manual', '2019-03-10 17:33:17'),
(917, 16, 'Present', 'Manual', '2019-03-10 17:33:17'),
(918, 17, 'Present', 'Manual', '2019-03-10 17:33:17'),
(919, 18, 'Present', 'Manual', '2019-03-10 17:33:17'),
(920, 19, 'Present', 'Manual', '2019-03-10 17:33:17'),
(921, 20, 'Present', 'Manual', '2019-03-10 17:33:17'),
(922, 21, 'Present', 'Manual', '2019-03-10 17:33:17'),
(923, 22, 'Present', 'Manual', '2019-03-10 17:33:17'),
(924, 23, 'Present', 'Manual', '2019-03-10 17:33:17'),
(925, 24, 'Present', 'Manual', '2019-03-10 17:33:17'),
(926, 25, 'Present', 'Manual', '2019-03-10 17:33:17'),
(927, 26, 'Present', 'Manual', '2019-03-10 17:33:17'),
(928, 27, 'Present', 'Manual', '2019-03-10 17:33:17'),
(929, 28, 'Present', 'Manual', '2019-03-10 17:33:18'),
(930, 29, 'Present', 'Manual', '2019-03-10 17:33:18'),
(931, 30, 'Present', 'Manual', '2019-03-10 17:33:18'),
(932, 31, 'Present', 'Manual', '2019-03-10 17:33:18'),
(933, 32, 'Present', 'Manual', '2019-03-10 17:33:18'),
(934, 33, 'Present', 'Manual', '2019-03-10 17:33:18');
INSERT INTO `attandance` (`id`, `student_id`, `status`, `attandance_status`, `time_to_show`) VALUES
(935, 34, 'Present', 'Manual', '2019-03-10 17:33:18'),
(936, 35, 'Present', 'Manual', '2019-03-10 17:33:18'),
(937, 36, 'Present', 'Manual', '2019-03-10 17:33:18'),
(938, 37, 'Present', 'Manual', '2019-03-10 17:33:18'),
(939, 38, 'Present', 'Manual', '2019-03-10 17:33:18'),
(940, 39, 'Present', 'Manual', '2019-03-10 17:33:18'),
(941, 40, 'Present', 'Manual', '2019-03-10 17:33:18'),
(942, 41, 'Present', 'Manual', '2019-03-10 17:33:18'),
(943, 42, 'Present', 'Manual', '2019-03-10 17:33:18'),
(944, 43, 'Present', 'Manual', '2019-03-10 17:33:18'),
(945, 44, 'Present', 'Manual', '2019-03-10 17:33:18'),
(946, 45, 'Present', 'Manual', '2019-03-10 17:33:18'),
(947, 46, 'Present', 'Manual', '2019-03-10 17:33:18'),
(948, 47, 'Present', 'Manual', '2019-03-10 17:33:18'),
(949, 48, 'Present', 'Manual', '2019-03-10 17:33:18'),
(950, 49, 'Present', 'Manual', '2019-03-10 17:33:18'),
(951, 50, 'Present', 'Manual', '2019-03-10 17:33:18'),
(952, 51, 'Present', 'Manual', '2019-03-10 17:33:18'),
(953, 52, 'Present', 'Manual', '2019-03-10 17:33:18'),
(954, 53, 'Present', 'Manual', '2019-03-10 17:33:18'),
(955, 54, 'Present', 'Manual', '2019-03-10 17:33:18'),
(956, 55, 'Present', 'Manual', '2019-03-10 17:33:18'),
(957, 56, 'Present', 'Manual', '2019-03-10 17:33:19'),
(958, 57, 'Present', 'Manual', '2019-03-10 17:33:19'),
(959, 58, 'Present', 'Manual', '2019-03-10 17:33:19'),
(960, 59, 'Present', 'Manual', '2019-03-10 17:33:19'),
(961, 61, 'Present', 'Manual', '2019-03-10 17:33:19'),
(962, 62, 'Present', 'Manual', '2019-03-10 17:33:19'),
(963, 63, 'Present', 'Manual', '2019-03-10 17:33:19'),
(964, 64, 'Present', 'Manual', '2019-03-10 17:33:19'),
(965, 65, 'Present', 'Manual', '2019-03-10 17:33:19'),
(966, 66, 'Present', 'Manual', '2019-03-10 17:33:19'),
(967, 67, 'Present', 'Manual', '2019-03-10 17:33:19'),
(968, 68, 'Present', 'Manual', '2019-03-10 17:33:19'),
(969, 69, 'Present', 'Manual', '2019-03-10 17:33:19'),
(970, 70, 'Present', 'Manual', '2019-03-10 17:33:19'),
(971, 71, 'Present', 'Manual', '2019-03-10 17:33:19'),
(972, 72, 'Present', 'Manual', '2019-03-10 17:33:19'),
(973, 73, 'Present', 'Manual', '2019-03-10 17:33:19'),
(974, 74, 'Present', 'Manual', '2019-03-10 17:33:19'),
(975, 75, 'Present', 'Manual', '2019-03-10 17:33:19'),
(976, 76, 'Present', 'Manual', '2019-03-10 17:33:19'),
(977, 77, 'Present', 'Manual', '2019-03-10 17:33:19'),
(978, 78, 'Present', 'Manual', '2019-03-10 17:33:19'),
(979, 79, 'Present', 'Manual', '2019-03-10 17:33:19'),
(980, 80, 'Present', 'Manual', '2019-03-10 17:33:19'),
(981, 81, 'Present', 'Manual', '2019-03-10 17:33:19'),
(982, 82, 'Present', 'Manual', '2019-03-10 17:33:19'),
(983, 83, 'Present', 'Manual', '2019-03-10 17:33:19'),
(984, 84, 'Present', 'Manual', '2019-03-10 17:33:19'),
(985, 85, 'Present', 'Manual', '2019-03-10 17:33:19'),
(986, 86, 'Present', 'Manual', '2019-03-10 17:33:19'),
(987, 87, 'Present', 'Manual', '2019-03-10 17:33:19'),
(988, 88, 'Present', 'Manual', '2019-03-10 17:33:19'),
(989, 89, 'Present', 'Manual', '2019-03-10 17:33:19'),
(990, 90, 'Present', 'Manual', '2019-03-10 17:33:20'),
(991, 91, 'Present', 'Manual', '2019-03-10 17:33:20'),
(992, 92, 'Present', 'Manual', '2019-03-10 17:33:20'),
(993, 93, 'Present', 'Manual', '2019-03-10 17:33:20'),
(994, 94, 'Present', 'Manual', '2019-03-10 17:33:20'),
(995, 95, 'Present', 'Manual', '2019-03-10 17:33:20'),
(996, 96, 'Present', 'Manual', '2019-03-10 17:33:20'),
(997, 97, 'Present', 'Manual', '2019-03-10 17:33:20'),
(998, 98, 'Present', 'Manual', '2019-03-10 17:33:20'),
(999, 99, 'Present', 'Manual', '2019-03-10 17:33:20'),
(1000, 100, 'Present', 'Manual', '2019-03-10 17:33:20'),
(1001, 101, 'Present', 'Manual', '2019-03-10 17:33:20'),
(1002, 102, 'Present', 'Manual', '2019-03-10 17:33:20'),
(1003, 103, 'Present', 'Manual', '2019-03-10 17:33:20'),
(1004, 104, 'Present', 'Manual', '2019-03-10 17:33:20'),
(1005, 105, 'Present', 'Manual', '2019-03-10 17:33:20'),
(1006, 106, 'Present', 'Manual', '2019-03-10 17:33:20'),
(1007, 107, 'Present', 'Manual', '2019-03-10 17:33:20'),
(1008, 108, 'Present', 'Manual', '2019-03-10 17:33:20'),
(1009, 109, 'Present', 'Manual', '2019-03-10 17:33:20'),
(1010, 110, 'Present', 'Manual', '2019-03-10 17:33:20'),
(1011, 111, 'Present', 'Manual', '2019-03-10 17:33:20'),
(1012, 112, 'Present', 'Manual', '2019-03-10 17:33:20'),
(1013, 113, 'Present', 'Manual', '2019-03-10 17:33:20'),
(1014, 114, 'Present', 'Manual', '2019-03-10 17:33:20'),
(1015, 115, 'Present', 'Manual', '2019-03-10 17:33:20'),
(1016, 116, 'Present', 'Manual', '2019-03-10 17:33:20'),
(1017, 117, 'Present', 'Manual', '2019-03-10 17:33:20'),
(1018, 118, 'Present', 'Manual', '2019-03-10 17:33:20'),
(1019, 119, 'Present', 'Manual', '2019-03-10 17:33:20'),
(1020, 120, 'Present', 'Manual', '2019-03-10 17:33:20'),
(1021, 121, 'Present', 'Manual', '2019-03-10 17:33:20'),
(1022, 122, 'Present', 'Manual', '2019-03-10 17:33:21'),
(1023, 123, 'Present', 'Manual', '2019-03-10 17:33:21'),
(1024, 124, 'Present', 'Manual', '2019-03-10 17:33:21'),
(1025, 125, 'Present', 'Manual', '2019-03-10 17:33:21'),
(1026, 126, 'Present', 'Manual', '2019-03-10 17:33:21'),
(1027, 127, 'Present', 'Manual', '2019-03-10 17:33:21'),
(1028, 128, 'Present', 'Manual', '2019-03-10 17:33:21'),
(1029, 129, 'Present', 'Manual', '2019-03-10 17:33:21'),
(1030, 130, 'Present', 'Manual', '2019-03-10 17:33:21'),
(1031, 131, 'Present', 'Manual', '2019-03-10 17:33:21'),
(1032, 132, 'Present', 'Manual', '2019-03-10 17:33:21'),
(1033, 133, 'Present', 'Manual', '2019-03-10 17:33:21'),
(1034, 134, 'Present', 'Manual', '2019-03-10 17:33:21'),
(1035, 135, 'Present', 'Manual', '2019-03-10 17:33:21'),
(1036, 136, 'Present', 'Manual', '2019-03-10 17:33:21'),
(1037, 137, 'Present', 'Manual', '2019-03-10 17:33:21'),
(1038, 138, 'Present', 'Manual', '2019-03-10 17:33:21'),
(1039, 139, 'Present', 'Manual', '2019-03-10 17:33:21'),
(1040, 140, 'Present', 'Manual', '2019-03-10 17:33:21'),
(1041, 141, 'Present', 'Manual', '2019-03-10 17:33:21'),
(1042, 142, 'Present', 'Manual', '2019-03-10 17:33:21'),
(1043, 143, 'Present', 'Manual', '2019-03-10 17:33:21'),
(1044, 144, 'Present', 'Manual', '2019-03-10 17:33:21'),
(1045, 145, 'Present', 'Manual', '2019-03-10 17:33:21'),
(1046, 146, 'Present', 'Manual', '2019-03-10 17:33:21'),
(1047, 147, 'Present', 'Manual', '2019-03-10 17:33:21'),
(1048, 148, 'Present', 'Manual', '2019-03-10 17:33:21'),
(1049, 149, 'Present', 'Manual', '2019-03-10 17:33:22'),
(1050, 150, 'Present', 'Manual', '2019-03-10 17:33:22'),
(1051, 151, 'Present', 'Manual', '2019-03-10 17:33:22'),
(1052, 152, 'Present', 'Manual', '2019-03-10 17:33:22'),
(1053, 153, 'Present', 'Manual', '2019-03-10 17:33:22'),
(1054, 154, 'Present', 'Manual', '2019-03-10 17:33:22'),
(1055, 155, 'Present', 'Manual', '2019-03-10 17:33:22'),
(1056, 157, 'Present', 'Manual', '2019-03-10 17:33:22'),
(1057, 158, 'Present', 'Manual', '2019-03-10 17:33:22'),
(1058, 159, 'Present', 'Manual', '2019-03-10 17:33:22'),
(1059, 160, 'Present', 'Manual', '2019-03-10 17:33:22'),
(1060, 161, 'Present', 'Manual', '2019-03-10 17:33:22'),
(1061, 162, 'Present', 'Manual', '2019-03-10 17:33:22'),
(1062, 163, 'Present', 'Manual', '2019-03-10 17:33:22'),
(1063, 164, 'Present', 'Manual', '2019-03-10 17:33:22'),
(1064, 165, 'Present', 'Manual', '2019-03-10 17:33:22'),
(1065, 166, 'Present', 'Manual', '2019-03-10 17:33:22'),
(1066, 167, 'Present', 'Manual', '2019-03-10 17:33:22'),
(1067, 168, 'Present', 'Manual', '2019-03-10 17:33:22'),
(1068, 169, 'Present', 'Manual', '2019-03-10 17:33:22'),
(1069, 170, 'Present', 'Manual', '2019-03-10 17:33:22'),
(1070, 171, 'Present', 'Manual', '2019-03-10 17:33:22'),
(1071, 172, 'Present', 'Manual', '2019-03-10 17:33:22'),
(1072, 173, 'Present', 'Manual', '2019-03-10 17:33:22'),
(1073, 174, 'Present', 'Manual', '2019-03-10 17:33:22'),
(1074, 175, 'Present', 'Manual', '2019-03-10 17:33:22'),
(1075, 176, 'Present', 'Manual', '2019-03-10 17:33:22'),
(1076, 177, 'Present', 'Manual', '2019-03-10 17:33:22'),
(1077, 178, 'Present', 'Manual', '2019-03-10 17:33:22'),
(1078, 179, 'Present', 'Manual', '2019-03-10 17:33:22'),
(1079, 180, 'Present', 'Manual', '2019-03-10 17:33:22'),
(1080, 181, 'Present', 'Manual', '2019-03-10 17:33:22'),
(1081, 182, 'Present', 'Manual', '2019-03-10 17:33:23'),
(1082, 183, 'Present', 'Manual', '2019-03-10 17:33:23'),
(1083, 184, 'Present', 'Manual', '2019-03-10 17:33:23'),
(1084, 185, 'Present', 'Manual', '2019-03-10 17:33:23'),
(1085, 186, 'Present', 'Manual', '2019-03-10 17:33:23'),
(1086, 187, 'Present', 'Manual', '2019-03-10 17:33:23'),
(1087, 188, 'Present', 'Manual', '2019-03-10 17:33:23'),
(1088, 189, 'Present', 'Manual', '2019-03-10 17:33:23'),
(1089, 190, 'Present', 'Manual', '2019-03-10 17:33:23'),
(1090, 191, 'Present', 'Manual', '2019-03-10 17:33:23'),
(1091, 192, 'Present', 'Manual', '2019-03-10 17:33:23'),
(1092, 193, 'Present', 'Manual', '2019-03-10 17:33:23'),
(1093, 194, 'Present', 'Manual', '2019-03-10 17:33:23'),
(1094, 195, 'Present', 'Manual', '2019-03-10 17:33:23'),
(1095, 196, 'Present', 'Manual', '2019-03-10 17:33:23'),
(1096, 197, 'Present', 'Manual', '2019-03-10 17:33:23'),
(1097, 198, 'Present', 'Manual', '2019-03-10 17:33:23'),
(1098, 200, 'Present', 'Manual', '2019-03-10 17:33:23'),
(1099, 201, 'Present', 'Manual', '2019-03-10 17:33:23'),
(1100, 202, 'Present', 'Manual', '2019-03-10 17:33:23'),
(1101, 203, 'Present', 'Manual', '2019-03-10 17:33:23'),
(1102, 204, 'Present', 'Manual', '2019-03-10 17:33:23'),
(1103, 205, 'Present', 'Manual', '2019-03-10 17:33:23'),
(1104, 206, 'Present', 'Manual', '2019-03-10 17:33:23'),
(1105, 207, 'Present', 'Manual', '2019-03-10 17:33:23'),
(1106, 208, 'Present', 'Manual', '2019-03-10 17:33:23'),
(1107, 209, 'Present', 'Manual', '2019-03-10 17:33:23'),
(1108, 210, 'Present', 'Manual', '2019-03-10 17:33:23'),
(1109, 211, 'Present', 'Manual', '2019-03-10 17:33:23'),
(1110, 212, 'Present', 'Manual', '2019-03-10 17:33:23'),
(1111, 213, 'Present', 'Manual', '2019-03-10 17:33:23'),
(1112, 214, 'Present', 'Manual', '2019-03-10 17:33:23'),
(1113, 215, 'Present', 'Manual', '2019-03-10 17:33:24'),
(1114, 216, 'Present', 'Manual', '2019-03-10 17:33:24'),
(1115, 217, 'Present', 'Manual', '2019-03-10 17:33:24'),
(1116, 218, 'Present', 'Manual', '2019-03-10 17:33:24'),
(1117, 219, 'Present', 'Manual', '2019-03-10 17:33:24'),
(1118, 220, 'Present', 'Manual', '2019-03-10 17:33:24'),
(1119, 221, 'Present', 'Manual', '2019-03-10 17:33:24'),
(1120, 222, 'Present', 'Manual', '2019-03-10 17:33:24'),
(1121, 223, 'Present', 'Manual', '2019-03-10 17:33:24'),
(1122, 225, 'Present', 'Manual', '2019-03-10 17:33:24'),
(1123, 226, 'Present', 'Manual', '2019-03-10 17:33:24'),
(1124, 1, 'Present', 'Manual', '2019-03-11 10:14:39'),
(1125, 2, 'Present', 'Manual', '2019-03-11 10:14:39'),
(1126, 3, 'Present', 'Manual', '2019-03-11 10:14:40'),
(1127, 4, 'Present', 'Manual', '2019-03-11 10:14:40'),
(1128, 5, 'Present', 'Manual', '2019-03-11 10:14:40'),
(1129, 6, 'Present', 'Manual', '2019-03-11 10:14:40'),
(1130, 7, 'Present', 'Manual', '2019-03-11 10:14:40'),
(1131, 8, 'Present', 'Manual', '2019-03-11 10:14:40'),
(1132, 9, 'Present', 'Manual', '2019-03-11 10:14:40'),
(1133, 10, 'Present', 'Manual', '2019-03-11 10:14:41'),
(1134, 11, 'Present', 'Manual', '2019-03-11 10:14:41'),
(1135, 12, 'Present', 'Manual', '2019-03-11 10:14:41'),
(1136, 13, 'Present', 'Manual', '2019-03-11 10:14:41'),
(1137, 14, 'Present', 'Manual', '2019-03-11 10:14:41'),
(1138, 15, 'Present', 'Manual', '2019-03-11 10:14:42'),
(1139, 16, 'Present', 'Manual', '2019-03-11 10:14:42'),
(1140, 17, 'Present', 'Manual', '2019-03-11 10:14:42'),
(1141, 18, 'Present', 'Manual', '2019-03-11 10:14:42'),
(1142, 19, 'Present', 'Manual', '2019-03-11 10:14:42'),
(1143, 20, 'Present', 'Manual', '2019-03-11 10:14:42'),
(1144, 21, 'Present', 'Manual', '2019-03-11 10:14:42'),
(1145, 22, 'Present', 'Manual', '2019-03-11 10:14:42'),
(1146, 23, 'Present', 'Manual', '2019-03-11 10:14:42'),
(1147, 24, 'Present', 'Manual', '2019-03-11 10:14:43'),
(1148, 25, 'Present', 'Manual', '2019-03-11 10:14:43'),
(1149, 26, 'Present', 'Manual', '2019-03-11 10:14:43'),
(1150, 27, 'Present', 'Manual', '2019-03-11 10:14:43'),
(1151, 28, 'Present', 'Manual', '2019-03-11 10:14:43'),
(1152, 29, 'Present', 'Manual', '2019-03-11 10:14:43'),
(1153, 30, 'Present', 'Manual', '2019-03-11 10:14:43'),
(1154, 31, 'Present', 'Manual', '2019-03-11 10:14:44'),
(1155, 32, 'Present', 'Manual', '2019-03-11 10:14:44'),
(1156, 33, 'Present', 'Manual', '2019-03-11 10:14:44'),
(1157, 34, 'Present', 'Manual', '2019-03-11 10:14:44'),
(1158, 35, 'Present', 'Manual', '2019-03-11 10:14:44'),
(1159, 36, 'Present', 'Manual', '2019-03-11 10:14:44'),
(1160, 37, 'Present', 'Manual', '2019-03-11 10:14:44'),
(1161, 38, 'Present', 'Manual', '2019-03-11 10:14:44'),
(1162, 39, 'Present', 'Manual', '2019-03-11 10:14:44'),
(1163, 40, 'Present', 'Manual', '2019-03-11 10:14:44'),
(1164, 41, 'Present', 'Manual', '2019-03-11 10:14:44'),
(1165, 42, 'Present', 'Manual', '2019-03-11 10:14:44'),
(1166, 43, 'Present', 'Manual', '2019-03-11 10:14:44'),
(1167, 44, 'Present', 'Manual', '2019-03-11 10:14:45'),
(1168, 45, 'Present', 'Manual', '2019-03-11 10:14:45'),
(1169, 46, 'Present', 'Manual', '2019-03-11 10:14:45'),
(1170, 47, 'Present', 'Manual', '2019-03-11 10:14:45'),
(1171, 48, 'Present', 'Manual', '2019-03-11 10:14:45'),
(1172, 49, 'Present', 'Manual', '2019-03-11 10:14:45'),
(1173, 50, 'Present', 'Manual', '2019-03-11 10:14:45'),
(1174, 51, 'Present', 'Manual', '2019-03-11 10:14:45'),
(1175, 52, 'Present', 'Manual', '2019-03-11 10:14:45'),
(1176, 53, 'Present', 'Manual', '2019-03-11 10:14:45'),
(1177, 54, 'Present', 'Manual', '2019-03-11 10:14:45'),
(1178, 55, 'Present', 'Manual', '2019-03-11 10:14:45'),
(1179, 56, 'Present', 'Manual', '2019-03-11 10:14:45'),
(1180, 57, 'Present', 'Manual', '2019-03-11 10:14:45'),
(1181, 58, 'Present', 'Manual', '2019-03-11 10:14:45'),
(1182, 59, 'Present', 'Manual', '2019-03-11 10:14:45'),
(1183, 61, 'Present', 'Manual', '2019-03-11 10:14:45'),
(1184, 62, 'Present', 'Manual', '2019-03-11 10:14:45'),
(1185, 63, 'Present', 'Manual', '2019-03-11 10:14:46'),
(1186, 64, 'Present', 'Manual', '2019-03-11 10:14:46'),
(1187, 65, 'Present', 'Manual', '2019-03-11 10:14:46'),
(1188, 66, 'Present', 'Manual', '2019-03-11 10:14:46'),
(1189, 67, 'Present', 'Manual', '2019-03-11 10:14:46'),
(1190, 68, 'Present', 'Manual', '2019-03-11 10:14:46'),
(1191, 69, 'Present', 'Manual', '2019-03-11 10:14:46'),
(1192, 70, 'Present', 'Manual', '2019-03-11 10:14:46'),
(1193, 71, 'Present', 'Manual', '2019-03-11 10:14:46'),
(1194, 72, 'Present', 'Manual', '2019-03-11 10:14:46'),
(1195, 73, 'Present', 'Manual', '2019-03-11 10:14:46'),
(1196, 74, 'Present', 'Manual', '2019-03-11 10:14:46'),
(1197, 75, 'Present', 'Manual', '2019-03-11 10:14:47'),
(1198, 76, 'Present', 'Manual', '2019-03-11 10:14:47'),
(1199, 77, 'Present', 'Manual', '2019-03-11 10:14:47'),
(1200, 78, 'Present', 'Manual', '2019-03-11 10:14:47'),
(1201, 79, 'Present', 'Manual', '2019-03-11 10:14:47'),
(1202, 80, 'Present', 'Manual', '2019-03-11 10:14:47'),
(1203, 81, 'Present', 'Manual', '2019-03-11 10:14:48'),
(1204, 82, 'Present', 'Manual', '2019-03-11 10:14:48'),
(1205, 83, 'Present', 'Manual', '2019-03-11 10:14:48'),
(1206, 84, 'Present', 'Manual', '2019-03-11 10:14:48'),
(1207, 85, 'Present', 'Manual', '2019-03-11 10:14:48'),
(1208, 86, 'Present', 'Manual', '2019-03-11 10:14:48'),
(1209, 87, 'Present', 'Manual', '2019-03-11 10:14:48'),
(1210, 88, 'Present', 'Manual', '2019-03-11 10:14:48'),
(1211, 89, 'Present', 'Manual', '2019-03-11 10:14:49'),
(1212, 90, 'Present', 'Manual', '2019-03-11 10:14:49'),
(1213, 91, 'Present', 'Manual', '2019-03-11 10:14:49'),
(1214, 92, 'Present', 'Manual', '2019-03-11 10:14:49'),
(1215, 93, 'Present', 'Manual', '2019-03-11 10:14:49'),
(1216, 94, 'Present', 'Manual', '2019-03-11 10:14:49'),
(1217, 95, 'Present', 'Manual', '2019-03-11 10:14:49'),
(1218, 96, 'Present', 'Manual', '2019-03-11 10:14:50'),
(1219, 97, 'Present', 'Manual', '2019-03-11 10:14:50'),
(1220, 98, 'Present', 'Manual', '2019-03-11 10:14:50'),
(1221, 99, 'Present', 'Manual', '2019-03-11 10:14:50'),
(1222, 100, 'Present', 'Manual', '2019-03-11 10:14:50'),
(1223, 101, 'Present', 'Manual', '2019-03-11 10:14:50'),
(1224, 102, 'Present', 'Manual', '2019-03-11 10:14:50'),
(1225, 103, 'Present', 'Manual', '2019-03-11 10:14:50'),
(1226, 104, 'Present', 'Manual', '2019-03-11 10:14:50'),
(1227, 105, 'Present', 'Manual', '2019-03-11 10:14:50'),
(1228, 106, 'Present', 'Manual', '2019-03-11 10:14:50'),
(1229, 107, 'Present', 'Manual', '2019-03-11 10:14:50'),
(1230, 108, 'Present', 'Manual', '2019-03-11 10:14:51'),
(1231, 109, 'Present', 'Manual', '2019-03-11 10:14:51'),
(1232, 110, 'Present', 'Manual', '2019-03-11 10:14:51'),
(1233, 111, 'Present', 'Manual', '2019-03-11 10:14:51'),
(1234, 112, 'Present', 'Manual', '2019-03-11 10:14:51'),
(1235, 113, 'Present', 'Manual', '2019-03-11 10:14:51'),
(1236, 114, 'Present', 'Manual', '2019-03-11 10:14:51'),
(1237, 115, 'Present', 'Manual', '2019-03-11 10:14:51'),
(1238, 116, 'Present', 'Manual', '2019-03-11 10:14:52'),
(1239, 117, 'Present', 'Manual', '2019-03-11 10:14:52'),
(1240, 118, 'Present', 'Manual', '2019-03-11 10:14:52'),
(1241, 119, 'Present', 'Manual', '2019-03-11 10:14:52'),
(1242, 120, 'Present', 'Manual', '2019-03-11 10:14:52'),
(1243, 121, 'Present', 'Manual', '2019-03-11 10:14:52'),
(1244, 122, 'Present', 'Manual', '2019-03-11 10:14:52'),
(1245, 123, 'Present', 'Manual', '2019-03-11 10:14:52'),
(1246, 124, 'Present', 'Manual', '2019-03-11 10:14:52'),
(1247, 125, 'Present', 'Manual', '2019-03-11 10:14:52'),
(1248, 126, 'Present', 'Manual', '2019-03-11 10:14:52'),
(1249, 127, 'Present', 'Manual', '2019-03-11 10:14:52'),
(1250, 128, 'Present', 'Manual', '2019-03-11 10:14:52'),
(1251, 129, 'Present', 'Manual', '2019-03-11 10:14:53'),
(1252, 130, 'Present', 'Manual', '2019-03-11 10:14:53'),
(1253, 131, 'Present', 'Manual', '2019-03-11 10:14:53'),
(1254, 132, 'Present', 'Manual', '2019-03-11 10:14:53'),
(1255, 133, 'Present', 'Manual', '2019-03-11 10:14:53'),
(1256, 134, 'Present', 'Manual', '2019-03-11 10:14:53'),
(1257, 135, 'Present', 'Manual', '2019-03-11 10:14:53'),
(1258, 136, 'Present', 'Manual', '2019-03-11 10:14:53'),
(1259, 137, 'Present', 'Manual', '2019-03-11 10:14:53'),
(1260, 138, 'Present', 'Manual', '2019-03-11 10:14:53'),
(1261, 139, 'Present', 'Manual', '2019-03-11 10:14:54'),
(1262, 140, 'Present', 'Manual', '2019-03-11 10:14:54'),
(1263, 141, 'Present', 'Manual', '2019-03-11 10:14:54'),
(1264, 142, 'Present', 'Manual', '2019-03-11 10:14:54'),
(1265, 143, 'Present', 'Manual', '2019-03-11 10:14:54'),
(1266, 144, 'Present', 'Manual', '2019-03-11 10:14:54'),
(1267, 145, 'Present', 'Manual', '2019-03-11 10:14:54'),
(1268, 146, 'Present', 'Manual', '2019-03-11 10:14:54'),
(1269, 147, 'Present', 'Manual', '2019-03-11 10:14:54'),
(1270, 148, 'Present', 'Manual', '2019-03-11 10:14:54'),
(1271, 149, 'Present', 'Manual', '2019-03-11 10:14:55'),
(1272, 150, 'Present', 'Manual', '2019-03-11 10:14:55'),
(1273, 151, 'Present', 'Manual', '2019-03-11 10:14:55'),
(1274, 152, 'Present', 'Manual', '2019-03-11 10:14:55'),
(1275, 153, 'Present', 'Manual', '2019-03-11 10:14:55'),
(1276, 154, 'Present', 'Manual', '2019-03-11 10:14:55'),
(1277, 155, 'Present', 'Manual', '2019-03-11 10:14:55'),
(1278, 157, 'Present', 'Manual', '2019-03-11 10:14:55'),
(1279, 158, 'Present', 'Manual', '2019-03-11 10:14:55'),
(1280, 159, 'Present', 'Manual', '2019-03-11 10:14:55'),
(1281, 160, 'Present', 'Manual', '2019-03-11 10:14:56'),
(1282, 161, 'Present', 'Manual', '2019-03-11 10:14:56'),
(1283, 162, 'Present', 'Manual', '2019-03-11 10:14:56'),
(1284, 163, 'Present', 'Manual', '2019-03-11 10:14:56'),
(1285, 164, 'Present', 'Manual', '2019-03-11 10:14:56'),
(1286, 165, 'Present', 'Manual', '2019-03-11 10:14:56'),
(1287, 166, 'Present', 'Manual', '2019-03-11 10:14:56'),
(1288, 167, 'Present', 'Manual', '2019-03-11 10:14:56'),
(1289, 168, 'Present', 'Manual', '2019-03-11 10:14:56'),
(1290, 169, 'Present', 'Manual', '2019-03-11 10:14:57'),
(1291, 170, 'Present', 'Manual', '2019-03-11 10:14:57'),
(1292, 171, 'Present', 'Manual', '2019-03-11 10:14:57'),
(1293, 172, 'Present', 'Manual', '2019-03-11 10:14:57'),
(1294, 173, 'Present', 'Manual', '2019-03-11 10:14:57'),
(1295, 174, 'Present', 'Manual', '2019-03-11 10:14:58'),
(1296, 175, 'Present', 'Manual', '2019-03-11 10:14:58'),
(1297, 176, 'Present', 'Manual', '2019-03-11 10:14:58'),
(1298, 177, 'Present', 'Manual', '2019-03-11 10:14:58'),
(1299, 178, 'Present', 'Manual', '2019-03-11 10:14:58'),
(1300, 179, 'Present', 'Manual', '2019-03-11 10:14:58'),
(1301, 180, 'Present', 'Manual', '2019-03-11 10:14:58'),
(1302, 181, 'Present', 'Manual', '2019-03-11 10:14:59'),
(1303, 182, 'Present', 'Manual', '2019-03-11 10:14:59'),
(1304, 183, 'Present', 'Manual', '2019-03-11 10:14:59'),
(1305, 184, 'Present', 'Manual', '2019-03-11 10:14:59'),
(1306, 185, 'Present', 'Manual', '2019-03-11 10:14:59'),
(1307, 186, 'Present', 'Manual', '2019-03-11 10:14:59'),
(1308, 187, 'Present', 'Manual', '2019-03-11 10:14:59'),
(1309, 188, 'Present', 'Manual', '2019-03-11 10:14:59'),
(1310, 189, 'Present', 'Manual', '2019-03-11 10:14:59'),
(1311, 190, 'Present', 'Manual', '2019-03-11 10:14:59'),
(1312, 191, 'Present', 'Manual', '2019-03-11 10:14:59'),
(1313, 192, 'Present', 'Manual', '2019-03-11 10:15:00'),
(1314, 193, 'Present', 'Manual', '2019-03-11 10:15:00'),
(1315, 194, 'Present', 'Manual', '2019-03-11 10:15:00'),
(1316, 195, 'Present', 'Manual', '2019-03-11 10:15:00'),
(1317, 196, 'Present', 'Manual', '2019-03-11 10:15:00'),
(1318, 197, 'Present', 'Manual', '2019-03-11 10:15:00'),
(1319, 198, 'Present', 'Manual', '2019-03-11 10:15:01'),
(1320, 200, 'Present', 'Manual', '2019-03-11 10:15:01'),
(1321, 201, 'Present', 'Manual', '2019-03-11 10:15:01'),
(1322, 202, 'Present', 'Manual', '2019-03-11 10:15:01'),
(1323, 203, 'Present', 'Manual', '2019-03-11 10:15:01'),
(1324, 204, 'Present', 'Manual', '2019-03-11 10:15:01'),
(1325, 205, 'Present', 'Manual', '2019-03-11 10:15:02'),
(1326, 206, 'Present', 'Manual', '2019-03-11 10:15:02'),
(1327, 207, 'Present', 'Manual', '2019-03-11 10:15:02'),
(1328, 208, 'Present', 'Manual', '2019-03-11 10:15:02'),
(1329, 209, 'Present', 'Manual', '2019-03-11 10:15:02'),
(1330, 210, 'Present', 'Manual', '2019-03-11 10:15:02'),
(1331, 211, 'Present', 'Manual', '2019-03-11 10:15:02'),
(1332, 212, 'Present', 'Manual', '2019-03-11 10:15:02'),
(1333, 213, 'Present', 'Manual', '2019-03-11 10:15:02'),
(1334, 214, 'Present', 'Manual', '2019-03-11 10:15:02'),
(1335, 215, 'Present', 'Manual', '2019-03-11 10:15:03'),
(1336, 216, 'Present', 'Manual', '2019-03-11 10:15:03'),
(1337, 217, 'Present', 'Manual', '2019-03-11 10:15:03'),
(1338, 218, 'Present', 'Manual', '2019-03-11 10:15:03'),
(1339, 219, 'Present', 'Manual', '2019-03-11 10:15:03'),
(1340, 220, 'Present', 'Manual', '2019-03-11 10:15:03'),
(1341, 221, 'Present', 'Manual', '2019-03-11 10:15:03'),
(1342, 222, 'Present', 'Manual', '2019-03-11 10:15:03'),
(1343, 223, 'Present', 'Manual', '2019-03-11 10:15:04'),
(1344, 225, 'Present', 'Manual', '2019-03-11 10:15:04'),
(1345, 226, 'Present', 'Manual', '2019-03-11 10:15:04'),
(1346, 1, 'Present', 'Manual', '2019-03-17 12:06:57'),
(1347, 2, 'Present', 'Manual', '2019-03-17 12:06:57'),
(1348, 3, 'Present', 'Manual', '2019-03-17 12:06:57'),
(1349, 4, 'Present', 'Manual', '2019-03-17 12:06:57'),
(1350, 5, 'Present', 'Manual', '2019-03-17 12:06:58'),
(1351, 6, 'Present', 'Manual', '2019-03-17 12:06:58'),
(1352, 7, 'Present', 'Manual', '2019-03-17 12:06:58'),
(1353, 8, 'Present', 'Manual', '2019-03-17 12:06:58'),
(1354, 9, 'Present', 'Manual', '2019-03-17 12:06:58'),
(1355, 10, 'Present', 'Manual', '2019-03-17 12:06:58'),
(1356, 11, 'Present', 'Manual', '2019-03-17 12:06:58'),
(1357, 12, 'Present', 'Manual', '2019-03-17 12:06:58'),
(1358, 13, 'Present', 'Manual', '2019-03-17 12:06:58'),
(1359, 14, 'Present', 'Manual', '2019-03-17 12:06:58'),
(1360, 15, 'Present', 'Manual', '2019-03-17 12:06:58'),
(1361, 16, 'Present', 'Manual', '2019-03-17 12:06:58'),
(1362, 17, 'Present', 'Manual', '2019-03-17 12:06:58'),
(1363, 18, 'Present', 'Manual', '2019-03-17 12:06:58'),
(1364, 19, 'Present', 'Manual', '2019-03-17 12:06:58'),
(1365, 20, 'Present', 'Manual', '2019-03-17 12:06:58'),
(1366, 21, 'Present', 'Manual', '2019-03-17 12:06:58'),
(1367, 22, 'Present', 'Manual', '2019-03-17 12:06:58'),
(1368, 23, 'Present', 'Manual', '2019-03-17 12:06:58'),
(1369, 24, 'Present', 'Manual', '2019-03-17 12:06:58'),
(1370, 25, 'Present', 'Manual', '2019-03-17 12:06:58'),
(1371, 26, 'Present', 'Manual', '2019-03-17 12:06:58'),
(1372, 27, 'Present', 'Manual', '2019-03-17 12:06:58'),
(1373, 28, 'Present', 'Manual', '2019-03-17 12:06:58'),
(1374, 29, 'Present', 'Manual', '2019-03-17 12:06:58'),
(1375, 30, 'Present', 'Manual', '2019-03-17 12:06:58'),
(1376, 31, 'Present', 'Manual', '2019-03-17 12:06:58'),
(1377, 32, 'Present', 'Manual', '2019-03-17 12:06:58'),
(1378, 33, 'Present', 'Manual', '2019-03-17 12:06:59'),
(1379, 34, 'Present', 'Manual', '2019-03-17 12:06:59'),
(1380, 35, 'Present', 'Manual', '2019-03-17 12:06:59'),
(1381, 36, 'Present', 'Manual', '2019-03-17 12:06:59'),
(1382, 37, 'Present', 'Manual', '2019-03-17 12:06:59'),
(1383, 38, 'Present', 'Manual', '2019-03-17 12:06:59'),
(1384, 39, 'Present', 'Manual', '2019-03-17 12:06:59'),
(1385, 40, 'Present', 'Manual', '2019-03-17 12:06:59'),
(1386, 41, 'Present', 'Manual', '2019-03-17 12:06:59'),
(1387, 42, 'Present', 'Manual', '2019-03-17 12:06:59'),
(1388, 43, 'Present', 'Manual', '2019-03-17 12:06:59'),
(1389, 44, 'Present', 'Manual', '2019-03-17 12:06:59'),
(1390, 45, 'Present', 'Manual', '2019-03-17 12:07:00'),
(1391, 46, 'Present', 'Manual', '2019-03-17 12:07:00'),
(1392, 47, 'Present', 'Manual', '2019-03-17 12:07:00'),
(1393, 48, 'Present', 'Manual', '2019-03-17 12:07:00'),
(1394, 49, 'Present', 'Manual', '2019-03-17 12:07:00'),
(1395, 50, 'Present', 'Manual', '2019-03-17 12:07:00'),
(1396, 51, 'Present', 'Manual', '2019-03-17 12:07:00'),
(1397, 52, 'Present', 'Manual', '2019-03-17 12:07:00'),
(1398, 53, 'Present', 'Manual', '2019-03-17 12:07:00'),
(1399, 54, 'Present', 'Manual', '2019-03-17 12:07:00'),
(1400, 55, 'Present', 'Manual', '2019-03-17 12:07:00'),
(1401, 56, 'Present', 'Manual', '2019-03-17 12:07:00'),
(1402, 57, 'Present', 'Manual', '2019-03-17 12:07:00'),
(1403, 58, 'Present', 'Manual', '2019-03-17 12:07:00'),
(1404, 59, 'Present', 'Manual', '2019-03-17 12:07:00'),
(1405, 61, 'Present', 'Manual', '2019-03-17 12:07:00'),
(1406, 62, 'Present', 'Manual', '2019-03-17 12:07:00'),
(1407, 63, 'Present', 'Manual', '2019-03-17 12:07:00'),
(1408, 64, 'Present', 'Manual', '2019-03-17 12:07:00'),
(1409, 65, 'Present', 'Manual', '2019-03-17 12:07:00'),
(1410, 66, 'Present', 'Manual', '2019-03-17 12:07:00'),
(1411, 67, 'Present', 'Manual', '2019-03-17 12:07:00'),
(1412, 68, 'Present', 'Manual', '2019-03-17 12:07:00'),
(1413, 69, 'Present', 'Manual', '2019-03-17 12:07:00'),
(1414, 70, 'Present', 'Manual', '2019-03-17 12:07:00'),
(1415, 71, 'Present', 'Manual', '2019-03-17 12:07:00'),
(1416, 72, 'Present', 'Manual', '2019-03-17 12:07:00'),
(1417, 73, 'Present', 'Manual', '2019-03-17 12:07:00'),
(1418, 74, 'Present', 'Manual', '2019-03-17 12:07:00'),
(1419, 75, 'Present', 'Manual', '2019-03-17 12:07:01'),
(1420, 76, 'Present', 'Manual', '2019-03-17 12:07:01'),
(1421, 77, 'Present', 'Manual', '2019-03-17 12:07:01'),
(1422, 78, 'Present', 'Manual', '2019-03-17 12:07:01'),
(1423, 79, 'Present', 'Manual', '2019-03-17 12:07:01'),
(1424, 80, 'Present', 'Manual', '2019-03-17 12:07:01'),
(1425, 81, 'Present', 'Manual', '2019-03-17 12:07:01'),
(1426, 82, 'Present', 'Manual', '2019-03-17 12:07:01'),
(1427, 83, 'Present', 'Manual', '2019-03-17 12:07:01'),
(1428, 84, 'Present', 'Manual', '2019-03-17 12:07:01'),
(1429, 85, 'Present', 'Manual', '2019-03-17 12:07:01'),
(1430, 86, 'Present', 'Manual', '2019-03-17 12:07:01'),
(1431, 87, 'Present', 'Manual', '2019-03-17 12:07:01'),
(1432, 88, 'Present', 'Manual', '2019-03-17 12:07:01'),
(1433, 89, 'Present', 'Manual', '2019-03-17 12:07:01'),
(1434, 90, 'Present', 'Manual', '2019-03-17 12:07:01'),
(1435, 91, 'Present', 'Manual', '2019-03-17 12:07:01'),
(1436, 92, 'Present', 'Manual', '2019-03-17 12:07:01'),
(1437, 93, 'Present', 'Manual', '2019-03-17 12:07:01'),
(1438, 94, 'Present', 'Manual', '2019-03-17 12:07:01'),
(1439, 95, 'Present', 'Manual', '2019-03-17 12:07:01'),
(1440, 96, 'Present', 'Manual', '2019-03-17 12:07:01'),
(1441, 97, 'Present', 'Manual', '2019-03-17 12:07:01'),
(1442, 98, 'Present', 'Manual', '2019-03-17 12:07:01'),
(1443, 99, 'Present', 'Manual', '2019-03-17 12:07:01'),
(1444, 100, 'Present', 'Manual', '2019-03-17 12:07:01'),
(1445, 101, 'Present', 'Manual', '2019-03-17 12:07:01'),
(1446, 102, 'Present', 'Manual', '2019-03-17 12:07:01'),
(1447, 103, 'Present', 'Manual', '2019-03-17 12:07:02'),
(1448, 104, 'Present', 'Manual', '2019-03-17 12:07:02'),
(1449, 105, 'Present', 'Manual', '2019-03-17 12:07:02'),
(1450, 106, 'Present', 'Manual', '2019-03-17 12:07:02'),
(1451, 107, 'Present', 'Manual', '2019-03-17 12:07:02'),
(1452, 108, 'Present', 'Manual', '2019-03-17 12:07:02'),
(1453, 109, 'Present', 'Manual', '2019-03-17 12:07:02'),
(1454, 110, 'Present', 'Manual', '2019-03-17 12:07:02'),
(1455, 111, 'Present', 'Manual', '2019-03-17 12:07:02'),
(1456, 112, 'Present', 'Manual', '2019-03-17 12:07:02'),
(1457, 113, 'Present', 'Manual', '2019-03-17 12:07:02'),
(1458, 114, 'Present', 'Manual', '2019-03-17 12:07:02'),
(1459, 115, 'Present', 'Manual', '2019-03-17 12:07:02'),
(1460, 116, 'Present', 'Manual', '2019-03-17 12:07:02'),
(1461, 117, 'Present', 'Manual', '2019-03-17 12:07:02'),
(1462, 118, 'Present', 'Manual', '2019-03-17 12:07:02'),
(1463, 119, 'Present', 'Manual', '2019-03-17 12:07:02'),
(1464, 120, 'Present', 'Manual', '2019-03-17 12:07:02'),
(1465, 121, 'Present', 'Manual', '2019-03-17 12:07:02'),
(1466, 122, 'Present', 'Manual', '2019-03-17 12:07:02'),
(1467, 123, 'Present', 'Manual', '2019-03-17 12:07:02'),
(1468, 124, 'Present', 'Manual', '2019-03-17 12:07:02'),
(1469, 125, 'Present', 'Manual', '2019-03-17 12:07:02'),
(1470, 126, 'Present', 'Manual', '2019-03-17 12:07:02'),
(1471, 127, 'Present', 'Manual', '2019-03-17 12:07:02'),
(1472, 128, 'Present', 'Manual', '2019-03-17 12:07:02'),
(1473, 129, 'Present', 'Manual', '2019-03-17 12:07:03'),
(1474, 130, 'Present', 'Manual', '2019-03-17 12:07:03'),
(1475, 131, 'Present', 'Manual', '2019-03-17 12:07:03'),
(1476, 132, 'Present', 'Manual', '2019-03-17 12:07:03'),
(1477, 133, 'Present', 'Manual', '2019-03-17 12:07:03'),
(1478, 134, 'Present', 'Manual', '2019-03-17 12:07:03'),
(1479, 135, 'Present', 'Manual', '2019-03-17 12:07:03'),
(1480, 136, 'Present', 'Manual', '2019-03-17 12:07:03'),
(1481, 137, 'Present', 'Manual', '2019-03-17 12:07:03'),
(1482, 138, 'Present', 'Manual', '2019-03-17 12:07:03'),
(1483, 139, 'Present', 'Manual', '2019-03-17 12:07:03'),
(1484, 140, 'Present', 'Manual', '2019-03-17 12:07:03'),
(1485, 141, 'Present', 'Manual', '2019-03-17 12:07:03'),
(1486, 142, 'Present', 'Manual', '2019-03-17 12:07:03'),
(1487, 143, 'Present', 'Manual', '2019-03-17 12:07:03'),
(1488, 144, 'Present', 'Manual', '2019-03-17 12:07:03'),
(1489, 145, 'Present', 'Manual', '2019-03-17 12:07:03'),
(1490, 146, 'Present', 'Manual', '2019-03-17 12:07:04'),
(1491, 147, 'Present', 'Manual', '2019-03-17 12:07:04'),
(1492, 148, 'Present', 'Manual', '2019-03-17 12:07:04'),
(1493, 149, 'Present', 'Manual', '2019-03-17 12:07:04'),
(1494, 150, 'Present', 'Manual', '2019-03-17 12:07:04'),
(1495, 151, 'Present', 'Manual', '2019-03-17 12:07:04'),
(1496, 152, 'Present', 'Manual', '2019-03-17 12:07:04'),
(1497, 153, 'Present', 'Manual', '2019-03-17 12:07:04'),
(1498, 154, 'Present', 'Manual', '2019-03-17 12:07:04'),
(1499, 155, 'Present', 'Manual', '2019-03-17 12:07:04'),
(1500, 157, 'Present', 'Manual', '2019-03-17 12:07:04'),
(1501, 158, 'Present', 'Manual', '2019-03-17 12:07:04'),
(1502, 159, 'Present', 'Manual', '2019-03-17 12:07:04'),
(1503, 160, 'Present', 'Manual', '2019-03-17 12:07:04'),
(1504, 161, 'Present', 'Manual', '2019-03-17 12:07:04'),
(1505, 162, 'Present', 'Manual', '2019-03-17 12:07:04'),
(1506, 163, 'Present', 'Manual', '2019-03-17 12:07:04'),
(1507, 164, 'Present', 'Manual', '2019-03-17 12:07:04'),
(1508, 165, 'Present', 'Manual', '2019-03-17 12:07:04'),
(1509, 166, 'Present', 'Manual', '2019-03-17 12:07:04'),
(1510, 167, 'Present', 'Manual', '2019-03-17 12:07:04'),
(1511, 168, 'Present', 'Manual', '2019-03-17 12:07:04'),
(1512, 169, 'Present', 'Manual', '2019-03-17 12:07:04'),
(1513, 170, 'Present', 'Manual', '2019-03-17 12:07:04'),
(1514, 171, 'Present', 'Manual', '2019-03-17 12:07:04'),
(1515, 172, 'Present', 'Manual', '2019-03-17 12:07:04'),
(1516, 173, 'Present', 'Manual', '2019-03-17 12:07:04'),
(1517, 174, 'Present', 'Manual', '2019-03-17 12:07:04'),
(1518, 175, 'Present', 'Manual', '2019-03-17 12:07:05'),
(1519, 176, 'Present', 'Manual', '2019-03-17 12:07:05'),
(1520, 177, 'Present', 'Manual', '2019-03-17 12:07:05'),
(1521, 178, 'Present', 'Manual', '2019-03-17 12:07:05'),
(1522, 179, 'Present', 'Manual', '2019-03-17 12:07:05'),
(1523, 180, 'Present', 'Manual', '2019-03-17 12:07:05'),
(1524, 181, 'Present', 'Manual', '2019-03-17 12:07:05'),
(1525, 182, 'Present', 'Manual', '2019-03-17 12:07:05'),
(1526, 183, 'Present', 'Manual', '2019-03-17 12:07:05'),
(1527, 184, 'Present', 'Manual', '2019-03-17 12:07:05'),
(1528, 185, 'Present', 'Manual', '2019-03-17 12:07:05'),
(1529, 186, 'Present', 'Manual', '2019-03-17 12:07:05'),
(1530, 187, 'Present', 'Manual', '2019-03-17 12:07:05'),
(1531, 188, 'Present', 'Manual', '2019-03-17 12:07:05'),
(1532, 189, 'Present', 'Manual', '2019-03-17 12:07:05'),
(1533, 190, 'Present', 'Manual', '2019-03-17 12:07:05'),
(1534, 191, 'Present', 'Manual', '2019-03-17 12:07:05'),
(1535, 192, 'Present', 'Manual', '2019-03-17 12:07:05'),
(1536, 193, 'Present', 'Manual', '2019-03-17 12:07:05'),
(1537, 194, 'Present', 'Manual', '2019-03-17 12:07:05'),
(1538, 195, 'Present', 'Manual', '2019-03-17 12:07:05'),
(1539, 196, 'Present', 'Manual', '2019-03-17 12:07:06'),
(1540, 197, 'Present', 'Manual', '2019-03-17 12:07:06'),
(1541, 198, 'Present', 'Manual', '2019-03-17 12:07:06'),
(1542, 200, 'Present', 'Manual', '2019-03-17 12:07:06'),
(1543, 201, 'Present', 'Manual', '2019-03-17 12:07:06'),
(1544, 202, 'Present', 'Manual', '2019-03-17 12:07:06'),
(1545, 203, 'Present', 'Manual', '2019-03-17 12:07:06'),
(1546, 204, 'Present', 'Manual', '2019-03-17 12:07:06'),
(1547, 205, 'Present', 'Manual', '2019-03-17 12:07:06'),
(1548, 206, 'Present', 'Manual', '2019-03-17 12:07:06'),
(1549, 207, 'Present', 'Manual', '2019-03-17 12:07:06'),
(1550, 208, 'Present', 'Manual', '2019-03-17 12:07:06'),
(1551, 209, 'Present', 'Manual', '2019-03-17 12:07:06'),
(1552, 210, 'Present', 'Manual', '2019-03-17 12:07:06'),
(1553, 211, 'Present', 'Manual', '2019-03-17 12:07:06'),
(1554, 212, 'Present', 'Manual', '2019-03-17 12:07:06'),
(1555, 213, 'Present', 'Manual', '2019-03-17 12:07:06'),
(1556, 214, 'Present', 'Manual', '2019-03-17 12:07:06'),
(1557, 215, 'Present', 'Manual', '2019-03-17 12:07:06'),
(1558, 216, 'Present', 'Manual', '2019-03-17 12:07:06'),
(1559, 217, 'Present', 'Manual', '2019-03-17 12:07:06'),
(1560, 218, 'Present', 'Manual', '2019-03-17 12:07:06'),
(1561, 219, 'Present', 'Manual', '2019-03-17 12:07:06'),
(1562, 220, 'Present', 'Manual', '2019-03-17 12:07:06'),
(1563, 221, 'Present', 'Manual', '2019-03-17 12:07:06'),
(1564, 222, 'Present', 'Manual', '2019-03-17 12:07:06'),
(1565, 223, 'Present', 'Manual', '2019-03-17 12:07:06'),
(1566, 225, 'Present', 'Manual', '2019-03-17 12:07:07'),
(1567, 226, 'Present', 'Manual', '2019-03-17 12:07:07'),
(1568, 8, 'Present', 'Manual', '2019-03-11 13:57:21'),
(1569, 9, 'Present', 'Manual', '2019-03-11 13:57:21'),
(1570, 10, 'Present', 'Manual', '2019-03-11 13:57:21'),
(1571, 11, 'Present', 'Manual', '2019-03-11 13:57:21'),
(1572, 12, 'Present', 'Manual', '2019-03-11 13:57:21'),
(1573, 13, 'Absent', 'Manual', '2019-03-11 13:57:21'),
(1574, 14, 'Absent', 'Manual', '2019-03-11 13:57:21'),
(1575, 15, 'Present', 'Manual', '2019-03-11 13:57:21'),
(1576, 16, 'Absent', 'Manual', '2019-03-11 13:57:21'),
(1577, 17, 'Present', 'Manual', '2019-03-11 13:57:21'),
(1578, 18, 'Absent', 'Manual', '2019-03-11 13:57:21'),
(1579, 19, 'Present', 'Manual', '2019-03-11 13:57:21'),
(1580, 20, 'Present', 'Manual', '2019-03-11 13:57:21'),
(1581, 21, 'Absent', 'Manual', '2019-03-11 13:57:21'),
(1582, 22, 'Present', 'Manual', '2019-03-11 13:57:21'),
(1583, 23, 'Present', 'Manual', '2019-03-11 13:57:21'),
(1584, 24, 'Absent', 'Manual', '2019-03-11 13:57:21'),
(1585, 25, 'Present', 'Manual', '2019-03-11 13:57:21'),
(1586, 26, 'Present', 'Manual', '2019-03-11 13:57:21'),
(1587, 27, 'Present', 'Manual', '2019-03-11 13:57:21'),
(1588, 28, 'Present', 'Manual', '2019-03-11 13:57:21'),
(1589, 29, 'Present', 'Manual', '2019-03-11 13:57:21'),
(1590, 30, 'Present', 'Manual', '2019-03-11 13:57:21'),
(1591, 31, 'Present', 'Manual', '2019-03-11 13:57:21'),
(1592, 32, 'Present', 'Manual', '2019-03-11 13:57:21'),
(1593, 33, 'Present', 'Manual', '2019-03-11 13:57:21'),
(1594, 34, 'Present', 'Manual', '2019-03-11 13:57:21'),
(1595, 35, 'Present', 'Manual', '2019-03-11 13:57:21'),
(1596, 36, 'Present', 'Manual', '2019-03-11 13:57:21'),
(1597, 37, 'Present', 'Manual', '2019-03-11 13:57:21'),
(1598, 38, 'Absent', 'Manual', '2019-03-11 13:57:21'),
(1599, 39, 'Absent', 'Manual', '2019-03-11 13:57:21'),
(1600, 40, 'Present', 'Manual', '2019-03-11 13:57:21'),
(1601, 41, 'Present', 'Manual', '2019-03-11 13:57:21'),
(1602, 42, 'Present', 'Manual', '2019-03-11 13:57:21'),
(1603, 43, 'Absent', 'Manual', '2019-03-11 13:57:21'),
(1604, 44, 'Absent', 'Manual', '2019-03-11 13:57:21'),
(1605, 45, 'Present', 'Manual', '2019-03-11 13:57:21'),
(1606, 46, 'Present', 'Manual', '2019-03-11 13:57:21'),
(1607, 47, 'Present', 'Manual', '2019-03-11 13:57:21'),
(1608, 48, 'Present', 'Manual', '2019-03-11 13:57:21'),
(1609, 49, 'Present', 'Manual', '2019-03-11 13:57:21'),
(1610, 50, 'Present', 'Manual', '2019-03-11 13:57:21'),
(1611, 51, 'Absent', 'Manual', '2019-03-11 13:57:21'),
(1612, 52, 'Absent', 'Manual', '2019-03-11 13:57:21'),
(1613, 53, 'Present', 'Manual', '2019-03-11 13:57:21'),
(1614, 54, 'Present', 'Manual', '2019-03-11 13:57:21'),
(1615, 55, 'Present', 'Manual', '2019-03-11 13:57:21'),
(1616, 56, 'Present', 'Manual', '2019-03-11 13:57:21'),
(1617, 57, 'Present', 'Manual', '2019-03-11 13:57:21'),
(1618, 58, 'Present', 'Manual', '2019-03-11 13:57:21'),
(1619, 59, 'Present', 'Manual', '2019-03-11 13:57:21'),
(1620, 61, 'Absent', 'Manual', '2019-03-11 13:57:21'),
(1621, 62, 'Present', 'Manual', '2019-03-11 13:57:21'),
(1622, 63, 'Absent', 'Manual', '2019-03-11 13:57:21'),
(1623, 64, 'Absent', 'Manual', '2019-03-11 13:57:21'),
(1624, 65, 'Absent', 'Manual', '2019-03-11 13:57:21'),
(1625, 66, 'Present', 'Manual', '2019-03-11 13:57:21'),
(1626, 67, 'Absent', 'Manual', '2019-03-11 13:57:21'),
(1627, 68, 'Present', 'Manual', '2019-03-11 13:57:21'),
(1628, 69, 'Absent', 'Manual', '2019-03-11 13:57:21'),
(1629, 70, 'Present', 'Manual', '2019-03-11 13:57:21'),
(1630, 71, 'Present', 'Manual', '2019-03-11 13:57:21'),
(1631, 72, 'Absent', 'Manual', '2019-03-11 13:57:21'),
(1632, 73, 'Present', 'Manual', '2019-03-11 13:57:21'),
(1633, 74, 'Absent', 'Manual', '2019-03-11 13:57:21'),
(1634, 75, 'Present', 'Manual', '2019-03-11 13:57:21'),
(1635, 76, 'Present', 'Manual', '2019-03-11 13:57:21'),
(1636, 77, 'Present', 'Manual', '2019-03-11 13:57:21'),
(1637, 78, 'Present', 'Manual', '2019-03-11 13:57:21'),
(1638, 79, 'Present', 'Manual', '2019-03-11 13:57:21'),
(1639, 80, 'Present', 'Manual', '2019-03-11 13:57:21'),
(1640, 81, 'Present', 'Manual', '2019-03-11 13:57:21'),
(1641, 82, 'Absent', 'Manual', '2019-03-11 13:57:21'),
(1642, 83, 'Present', 'Manual', '2019-03-11 13:57:21'),
(1643, 84, 'Absent', 'Manual', '2019-03-11 13:57:21'),
(1644, 85, 'Present', 'Manual', '2019-03-11 13:57:21'),
(1645, 86, 'Absent', 'Manual', '2019-03-11 13:57:21'),
(1646, 87, 'Present', 'Manual', '2019-03-11 13:57:21'),
(1647, 88, 'Absent', 'Manual', '2019-03-11 13:57:21'),
(1648, 89, 'Present', 'Manual', '2019-03-11 13:57:21'),
(1649, 90, 'Present', 'Manual', '2019-03-11 13:57:22'),
(1650, 91, 'Present', 'Manual', '2019-03-11 13:57:22'),
(1651, 92, 'Present', 'Manual', '2019-03-11 13:57:22'),
(1652, 93, 'Present', 'Manual', '2019-03-11 13:57:22'),
(1653, 94, 'Absent', 'Manual', '2019-03-11 13:57:22'),
(1654, 95, 'Absent', 'Manual', '2019-03-11 13:57:22'),
(1655, 96, 'Present', 'Manual', '2019-03-11 13:57:22'),
(1656, 97, 'Present', 'Manual', '2019-03-11 13:57:22'),
(1657, 98, 'Absent', 'Manual', '2019-03-11 13:57:22'),
(1658, 99, 'Present', 'Manual', '2019-03-11 13:57:22'),
(1659, 100, 'Present', 'Manual', '2019-03-11 13:57:22'),
(1660, 101, 'Present', 'Manual', '2019-03-11 13:57:22'),
(1661, 102, 'Present', 'Manual', '2019-03-11 13:57:22'),
(1662, 103, 'Absent', 'Manual', '2019-03-11 13:57:22'),
(1663, 104, 'Present', 'Manual', '2019-03-11 13:57:22'),
(1664, 105, 'Present', 'Manual', '2019-03-11 13:57:22'),
(1665, 106, 'Present', 'Manual', '2019-03-11 13:57:22'),
(1666, 107, 'Present', 'Manual', '2019-03-11 13:57:22'),
(1667, 108, 'Present', 'Manual', '2019-03-11 13:57:22'),
(1668, 109, 'Absent', 'Manual', '2019-03-11 13:57:22'),
(1669, 110, 'Present', 'Manual', '2019-03-11 13:57:22'),
(1670, 111, 'Absent', 'Manual', '2019-03-11 13:57:22'),
(1671, 112, 'Present', 'Manual', '2019-03-11 13:57:22'),
(1672, 113, 'Present', 'Manual', '2019-03-11 13:57:22'),
(1673, 114, 'Absent', 'Manual', '2019-03-11 13:57:22'),
(1674, 115, 'Present', 'Manual', '2019-03-11 13:57:22'),
(1675, 116, 'Present', 'Manual', '2019-03-11 13:57:22'),
(1676, 117, 'Absent', 'Manual', '2019-03-11 13:57:22'),
(1677, 118, 'Present', 'Manual', '2019-03-11 13:57:22'),
(1678, 119, 'Absent', 'Manual', '2019-03-11 13:57:22'),
(1679, 120, 'Present', 'Manual', '2019-03-11 13:57:22'),
(1680, 121, 'Present', 'Manual', '2019-03-11 13:57:22'),
(1681, 122, 'Absent', 'Manual', '2019-03-11 13:57:22'),
(1682, 123, 'Present', 'Manual', '2019-03-11 13:57:22'),
(1683, 124, 'Present', 'Manual', '2019-03-11 13:57:22'),
(1684, 125, 'Present', 'Manual', '2019-03-11 13:57:22'),
(1685, 126, 'Present', 'Manual', '2019-03-11 13:57:22'),
(1686, 127, 'Present', 'Manual', '2019-03-11 13:57:22'),
(1687, 128, 'Present', 'Manual', '2019-03-11 13:57:22'),
(1688, 129, 'Absent', 'Manual', '2019-03-11 13:57:22'),
(1689, 130, 'Absent', 'Manual', '2019-03-11 13:57:22'),
(1690, 131, 'Absent', 'Manual', '2019-03-11 13:57:22'),
(1691, 132, 'Absent', 'Manual', '2019-03-11 13:57:22'),
(1692, 133, 'Present', 'Manual', '2019-03-11 13:57:22'),
(1693, 134, 'Present', 'Manual', '2019-03-11 13:57:22'),
(1694, 135, 'Present', 'Manual', '2019-03-11 13:57:22'),
(1695, 136, 'Absent', 'Manual', '2019-03-11 13:57:22'),
(1696, 137, 'Present', 'Manual', '2019-03-11 13:57:22'),
(1697, 138, 'Absent', 'Manual', '2019-03-11 13:57:22'),
(1698, 139, 'Present', 'Manual', '2019-03-11 13:57:22'),
(1699, 140, 'Present', 'Manual', '2019-03-11 13:57:22'),
(1700, 141, 'Present', 'Manual', '2019-03-11 13:57:22'),
(1701, 142, 'Present', 'Manual', '2019-03-11 13:57:22'),
(1702, 143, 'Present', 'Manual', '2019-03-11 13:57:22'),
(1703, 144, 'Absent', 'Manual', '2019-03-11 13:57:22'),
(1704, 145, 'Present', 'Manual', '2019-03-11 13:57:22'),
(1705, 146, 'Present', 'Manual', '2019-03-11 13:57:22'),
(1706, 147, 'Present', 'Manual', '2019-03-11 13:57:22'),
(1707, 148, 'Present', 'Manual', '2019-03-11 13:57:22'),
(1708, 149, 'Present', 'Manual', '2019-03-11 13:57:22'),
(1709, 150, 'Absent', 'Manual', '2019-03-11 13:57:22'),
(1710, 151, 'Absent', 'Manual', '2019-03-11 13:57:22'),
(1711, 152, 'Present', 'Manual', '2019-03-11 13:57:22'),
(1712, 153, 'Present', 'Manual', '2019-03-11 13:57:22'),
(1713, 154, 'Present', 'Manual', '2019-03-11 13:57:22'),
(1714, 155, 'Present', 'Manual', '2019-03-11 13:57:22'),
(1715, 157, 'Present', 'Manual', '2019-03-11 13:57:22'),
(1716, 158, 'Present', 'Manual', '2019-03-11 13:57:22'),
(1717, 159, 'Present', 'Manual', '2019-03-11 13:57:22'),
(1718, 160, 'Present', 'Manual', '2019-03-11 13:57:22'),
(1719, 161, 'Present', 'Manual', '2019-03-11 13:57:22'),
(1720, 162, 'Present', 'Manual', '2019-03-11 13:57:22'),
(1721, 163, 'Present', 'Manual', '2019-03-11 13:57:22'),
(1722, 164, 'Present', 'Manual', '2019-03-11 13:57:22'),
(1723, 165, 'Present', 'Manual', '2019-03-11 13:57:22'),
(1724, 166, 'Present', 'Manual', '2019-03-11 13:57:22'),
(1725, 167, 'Present', 'Manual', '2019-03-11 13:57:22'),
(1726, 168, 'Present', 'Manual', '2019-03-11 13:57:22'),
(1727, 169, 'Present', 'Manual', '2019-03-11 13:57:22'),
(1728, 170, 'Present', 'Manual', '2019-03-11 13:57:22'),
(1729, 171, 'Present', 'Manual', '2019-03-11 13:57:22'),
(1730, 172, 'Present', 'Manual', '2019-03-11 13:57:22'),
(1731, 173, 'Present', 'Manual', '2019-03-11 13:57:22'),
(1732, 174, 'Present', 'Manual', '2019-03-11 13:57:22'),
(1733, 175, 'Present', 'Manual', '2019-03-11 13:57:22'),
(1734, 176, 'Present', 'Manual', '2019-03-11 13:57:22'),
(1735, 177, 'Present', 'Manual', '2019-03-11 13:57:22'),
(1736, 178, 'Present', 'Manual', '2019-03-11 13:57:22'),
(1737, 179, 'Present', 'Manual', '2019-03-11 13:57:22'),
(1738, 180, 'Present', 'Manual', '2019-03-11 13:57:22'),
(1739, 181, 'Present', 'Manual', '2019-03-11 13:57:22'),
(1740, 182, 'Present', 'Manual', '2019-03-11 13:57:22'),
(1741, 183, 'Present', 'Manual', '2019-03-11 13:57:22'),
(1742, 184, 'Present', 'Manual', '2019-03-11 13:57:22'),
(1743, 185, 'Present', 'Manual', '2019-03-11 13:57:22'),
(1744, 186, 'Present', 'Manual', '2019-03-11 13:57:22'),
(1745, 187, 'Present', 'Manual', '2019-03-11 13:57:22'),
(1746, 188, 'Present', 'Manual', '2019-03-11 13:57:22'),
(1747, 189, 'Present', 'Manual', '2019-03-11 13:57:22'),
(1748, 190, 'Present', 'Manual', '2019-03-11 13:57:22'),
(1749, 191, 'Present', 'Manual', '2019-03-11 13:57:22'),
(1750, 192, 'Present', 'Manual', '2019-03-11 13:57:22'),
(1751, 193, 'Present', 'Manual', '2019-03-11 13:57:22'),
(1752, 194, 'Present', 'Manual', '2019-03-11 13:57:22'),
(1753, 195, 'Present', 'Manual', '2019-03-11 13:57:22'),
(1754, 196, 'Present', 'Manual', '2019-03-11 13:57:22'),
(1755, 197, 'Present', 'Manual', '2019-03-11 13:57:22'),
(1756, 198, 'Present', 'Manual', '2019-03-11 13:57:22'),
(1757, 200, 'Present', 'Manual', '2019-03-11 13:57:22'),
(1758, 201, 'Present', 'Manual', '2019-03-11 13:57:22'),
(1759, 202, 'Present', 'Manual', '2019-03-11 13:57:22'),
(1760, 203, 'Present', 'Manual', '2019-03-11 13:57:22'),
(1761, 204, 'Present', 'Manual', '2019-03-11 13:57:22'),
(1762, 205, 'Present', 'Manual', '2019-03-11 13:57:22'),
(1763, 206, 'Present', 'Manual', '2019-03-11 13:57:22'),
(1764, 207, 'Present', 'Manual', '2019-03-11 13:57:22'),
(1765, 208, 'Present', 'Manual', '2019-03-11 13:57:22'),
(1766, 209, 'Present', 'Manual', '2019-03-11 13:57:22'),
(1767, 210, 'Present', 'Manual', '2019-03-11 13:57:22'),
(1768, 211, 'Present', 'Manual', '2019-03-11 13:57:22'),
(1769, 212, 'Present', 'Manual', '2019-03-11 13:57:22'),
(1770, 213, 'Present', 'Manual', '2019-03-11 13:57:22'),
(1771, 214, 'Present', 'Manual', '2019-03-11 13:57:22'),
(1772, 215, 'Present', 'Manual', '2019-03-11 13:57:22'),
(1773, 216, 'Present', 'Manual', '2019-03-11 13:57:22'),
(1774, 217, 'Present', 'Manual', '2019-03-11 13:57:22'),
(1775, 218, 'Present', 'Manual', '2019-03-11 13:57:22'),
(1776, 219, 'Present', 'Manual', '2019-03-11 13:57:22'),
(1777, 220, 'Present', 'Manual', '2019-03-11 13:57:22'),
(1778, 221, 'Present', 'Manual', '2019-03-11 13:57:22'),
(1779, 222, 'Present', 'Manual', '2019-03-11 13:57:22'),
(1780, 223, 'Present', 'Manual', '2019-03-11 13:57:22'),
(1781, 225, 'Present', 'Manual', '2019-03-11 13:57:22'),
(1782, 226, 'Present', 'Manual', '2019-03-11 13:57:22'),
(1783, 234, 'Present', 'Manual', '2019-03-11 13:57:22'),
(1784, 235, 'Present', 'Manual', '2019-03-11 13:57:22'),
(1785, 1, 'Present', 'Manual', '2019-03-12 10:28:48'),
(1786, 2, 'Present', 'Manual', '2019-03-12 10:28:48'),
(1787, 3, 'Present', 'Manual', '2019-03-12 10:28:48'),
(1788, 4, 'Present', 'Manual', '2019-03-12 10:28:48'),
(1789, 5, 'Present', 'Manual', '2019-03-12 10:28:48'),
(1790, 6, 'Present', 'Manual', '2019-03-12 10:28:48'),
(1791, 7, 'Present', 'Manual', '2019-03-12 10:28:48'),
(1792, 8, 'Present', 'Manual', '2019-03-12 10:28:48'),
(1793, 9, 'Present', 'Manual', '2019-03-12 10:28:48'),
(1794, 10, 'Present', 'Manual', '2019-03-12 10:28:48'),
(1795, 11, 'Present', 'Manual', '2019-03-12 10:28:48'),
(1796, 12, 'Present', 'Manual', '2019-03-12 10:28:48'),
(1797, 13, 'Present', 'Manual', '2019-03-12 10:28:48'),
(1798, 14, 'Present', 'Manual', '2019-03-12 10:28:48'),
(1799, 15, 'Present', 'Manual', '2019-03-12 10:28:48'),
(1800, 16, 'Present', 'Manual', '2019-03-12 10:28:48'),
(1801, 17, 'Present', 'Manual', '2019-03-12 10:28:48'),
(1802, 18, 'Present', 'Manual', '2019-03-12 10:28:48'),
(1803, 19, 'Present', 'Manual', '2019-03-12 10:28:48'),
(1804, 20, 'Present', 'Manual', '2019-03-12 10:28:48'),
(1805, 21, 'Present', 'Manual', '2019-03-12 10:28:48'),
(1806, 22, 'Present', 'Manual', '2019-03-12 10:28:48'),
(1807, 23, 'Present', 'Manual', '2019-03-12 10:28:48'),
(1808, 24, 'Present', 'Manual', '2019-03-12 10:28:48'),
(1809, 25, 'Present', 'Manual', '2019-03-12 10:28:48'),
(1810, 26, 'Present', 'Manual', '2019-03-12 10:28:48'),
(1811, 27, 'Present', 'Manual', '2019-03-12 10:28:48'),
(1812, 28, 'Present', 'Manual', '2019-03-12 10:28:48'),
(1813, 29, 'Present', 'Manual', '2019-03-12 10:28:48'),
(1814, 30, 'Present', 'Manual', '2019-03-12 10:28:48'),
(1815, 31, 'Present', 'Manual', '2019-03-12 10:28:48'),
(1816, 32, 'Present', 'Manual', '2019-03-12 10:28:48'),
(1817, 33, 'Present', 'Manual', '2019-03-12 10:28:48'),
(1818, 34, 'Present', 'Manual', '2019-03-12 10:28:48'),
(1819, 35, 'Present', 'Manual', '2019-03-12 10:28:48'),
(1820, 36, 'Present', 'Manual', '2019-03-12 10:28:48'),
(1821, 37, 'Present', 'Manual', '2019-03-12 10:28:48'),
(1822, 38, 'Present', 'Manual', '2019-03-12 10:28:48'),
(1823, 39, 'Present', 'Manual', '2019-03-12 10:28:48'),
(1824, 40, 'Present', 'Manual', '2019-03-12 10:28:48'),
(1825, 41, 'Present', 'Manual', '2019-03-12 10:28:48'),
(1826, 42, 'Present', 'Manual', '2019-03-12 10:28:48'),
(1827, 43, 'Absent', 'Manual', '2019-03-12 10:28:48'),
(1828, 44, 'Present', 'Manual', '2019-03-12 10:28:48'),
(1829, 45, 'Present', 'Manual', '2019-03-12 10:28:48'),
(1830, 46, 'Present', 'Manual', '2019-03-12 10:28:48'),
(1831, 47, 'Present', 'Manual', '2019-03-12 10:28:48'),
(1832, 48, 'Absent', 'Manual', '2019-03-12 10:28:48'),
(1833, 49, 'Present', 'Manual', '2019-03-12 10:28:48'),
(1834, 50, 'Present', 'Manual', '2019-03-12 10:28:48'),
(1835, 51, 'Absent', 'Manual', '2019-03-12 10:28:48'),
(1836, 52, 'Present', 'Manual', '2019-03-12 10:28:48'),
(1837, 53, 'Present', 'Manual', '2019-03-12 10:28:48'),
(1838, 54, 'Present', 'Manual', '2019-03-12 10:28:48'),
(1839, 55, 'Present', 'Manual', '2019-03-12 10:28:48'),
(1840, 56, 'Present', 'Manual', '2019-03-12 10:28:48'),
(1841, 57, 'Present', 'Manual', '2019-03-12 10:28:48'),
(1842, 58, 'Present', 'Manual', '2019-03-12 10:28:48'),
(1843, 59, 'Present', 'Manual', '2019-03-12 10:28:48'),
(1844, 61, 'Present', 'Manual', '2019-03-12 10:28:48'),
(1845, 62, 'Present', 'Manual', '2019-03-12 10:28:48'),
(1846, 63, 'Present', 'Manual', '2019-03-12 10:28:48'),
(1847, 64, 'Present', 'Manual', '2019-03-12 10:28:48'),
(1848, 65, 'Present', 'Manual', '2019-03-12 10:28:48'),
(1849, 66, 'Absent', 'Manual', '2019-03-12 10:28:48'),
(1850, 67, 'Present', 'Manual', '2019-03-12 10:28:48'),
(1851, 68, 'Present', 'Manual', '2019-03-12 10:28:48');
INSERT INTO `attandance` (`id`, `student_id`, `status`, `attandance_status`, `time_to_show`) VALUES
(1852, 69, 'Absent', 'Manual', '2019-03-12 10:28:48'),
(1853, 70, 'Present', 'Manual', '2019-03-12 10:28:48'),
(1854, 71, 'Present', 'Manual', '2019-03-12 10:28:49'),
(1855, 72, 'Present', 'Manual', '2019-03-12 10:28:49'),
(1856, 73, 'Present', 'Manual', '2019-03-12 10:28:49'),
(1857, 74, 'Absent', 'Manual', '2019-03-12 10:28:49'),
(1858, 75, 'Present', 'Manual', '2019-03-12 10:28:49'),
(1859, 76, 'Present', 'Manual', '2019-03-12 10:28:49'),
(1860, 77, 'Present', 'Manual', '2019-03-12 10:28:49'),
(1861, 78, 'Present', 'Manual', '2019-03-12 10:28:49'),
(1862, 79, 'Present', 'Manual', '2019-03-12 10:28:49'),
(1863, 80, 'Present', 'Manual', '2019-03-12 10:28:49'),
(1864, 81, 'Absent', 'Manual', '2019-03-12 10:28:49'),
(1865, 82, 'Present', 'Manual', '2019-03-12 10:28:49'),
(1866, 83, 'Present', 'Manual', '2019-03-12 10:28:49'),
(1867, 84, 'Absent', 'Manual', '2019-03-12 10:28:49'),
(1868, 85, 'Present', 'Manual', '2019-03-12 10:28:49'),
(1869, 86, 'Present', 'Manual', '2019-03-12 10:28:49'),
(1870, 87, 'Present', 'Manual', '2019-03-12 10:28:49'),
(1871, 88, 'Present', 'Manual', '2019-03-12 10:28:49'),
(1872, 89, 'Present', 'Manual', '2019-03-12 10:28:49'),
(1873, 90, 'Present', 'Manual', '2019-03-12 10:28:49'),
(1874, 91, 'Absent', 'Manual', '2019-03-12 10:28:49'),
(1875, 92, 'Absent', 'Manual', '2019-03-12 10:28:49'),
(1876, 93, 'Absent', 'Manual', '2019-03-12 10:28:49'),
(1877, 94, 'Present', 'Manual', '2019-03-12 10:28:49'),
(1878, 95, 'Present', 'Manual', '2019-03-12 10:28:49'),
(1879, 96, 'Present', 'Manual', '2019-03-12 10:28:49'),
(1880, 97, 'Absent', 'Manual', '2019-03-12 10:28:49'),
(1881, 98, 'Absent', 'Manual', '2019-03-12 10:28:49'),
(1882, 99, 'Present', 'Manual', '2019-03-12 10:28:49'),
(1883, 100, 'Absent', 'Manual', '2019-03-12 10:28:49'),
(1884, 101, 'Present', 'Manual', '2019-03-12 10:28:49'),
(1885, 102, 'Present', 'Manual', '2019-03-12 10:28:49'),
(1886, 103, 'Absent', 'Manual', '2019-03-12 10:28:49'),
(1887, 104, 'Present', 'Manual', '2019-03-12 10:28:49'),
(1888, 105, 'Present', 'Manual', '2019-03-12 10:28:49'),
(1889, 106, 'Present', 'Manual', '2019-03-12 10:28:49'),
(1890, 107, 'Present', 'Manual', '2019-03-12 10:28:49'),
(1891, 108, 'Present', 'Manual', '2019-03-12 10:28:49'),
(1892, 109, 'Present', 'Manual', '2019-03-12 10:28:49'),
(1893, 110, 'Present', 'Manual', '2019-03-12 10:28:49'),
(1894, 111, 'Present', 'Manual', '2019-03-12 10:28:49'),
(1895, 112, 'Present', 'Manual', '2019-03-12 10:28:49'),
(1896, 113, 'Present', 'Manual', '2019-03-12 10:28:49'),
(1897, 114, 'Present', 'Manual', '2019-03-12 10:28:49'),
(1898, 115, 'Absent', 'Manual', '2019-03-12 10:28:49'),
(1899, 116, 'Present', 'Manual', '2019-03-12 10:28:49'),
(1900, 117, 'Absent', 'Manual', '2019-03-12 10:28:49'),
(1901, 118, 'Present', 'Manual', '2019-03-12 10:28:49'),
(1902, 119, 'Present', 'Manual', '2019-03-12 10:28:49'),
(1903, 120, 'Present', 'Manual', '2019-03-12 10:28:49'),
(1904, 121, 'Present', 'Manual', '2019-03-12 10:28:49'),
(1905, 122, 'Absent', 'Manual', '2019-03-12 10:28:49'),
(1906, 123, 'Present', 'Manual', '2019-03-12 10:28:49'),
(1907, 124, 'Absent', 'Manual', '2019-03-12 10:28:49'),
(1908, 125, 'Present', 'Manual', '2019-03-12 10:28:49'),
(1909, 126, 'Present', 'Manual', '2019-03-12 10:28:49'),
(1910, 127, 'Present', 'Manual', '2019-03-12 10:28:49'),
(1911, 128, 'Present', 'Manual', '2019-03-12 10:28:49'),
(1912, 129, 'Absent', 'Manual', '2019-03-12 10:28:49'),
(1913, 130, 'Present', 'Manual', '2019-03-12 10:28:49'),
(1914, 131, 'Absent', 'Manual', '2019-03-12 10:28:49'),
(1915, 132, 'Present', 'Manual', '2019-03-12 10:28:49'),
(1916, 133, 'Present', 'Manual', '2019-03-12 10:28:49'),
(1917, 134, 'Present', 'Manual', '2019-03-12 10:28:49'),
(1918, 135, 'Present', 'Manual', '2019-03-12 10:28:49'),
(1919, 136, 'Absent', 'Manual', '2019-03-12 10:28:49'),
(1920, 137, 'Present', 'Manual', '2019-03-12 10:28:49'),
(1921, 138, 'Present', 'Manual', '2019-03-12 10:28:49'),
(1922, 139, 'Present', 'Manual', '2019-03-12 10:28:49'),
(1923, 140, 'Present', 'Manual', '2019-03-12 10:28:49'),
(1924, 141, 'Present', 'Manual', '2019-03-12 10:28:49'),
(1925, 142, 'Absent', 'Manual', '2019-03-12 10:28:49'),
(1926, 143, 'Present', 'Manual', '2019-03-12 10:28:49'),
(1927, 144, 'Present', 'Manual', '2019-03-12 10:28:49'),
(1928, 145, 'Present', 'Manual', '2019-03-12 10:28:49'),
(1929, 146, 'Present', 'Manual', '2019-03-12 10:28:49'),
(1930, 147, 'Present', 'Manual', '2019-03-12 10:28:49'),
(1931, 148, 'Present', 'Manual', '2019-03-12 10:28:49'),
(1932, 149, 'Present', 'Manual', '2019-03-12 10:28:49'),
(1933, 150, 'Present', 'Manual', '2019-03-12 10:28:49'),
(1934, 151, 'Present', 'Manual', '2019-03-12 10:28:49'),
(1935, 152, 'Present', 'Manual', '2019-03-12 10:28:49'),
(1936, 153, 'Present', 'Manual', '2019-03-12 10:28:49'),
(1937, 154, 'Present', 'Manual', '2019-03-12 10:28:49'),
(1938, 155, 'Present', 'Manual', '2019-03-12 10:28:49'),
(1939, 157, 'Present', 'Manual', '2019-03-12 10:28:49'),
(1940, 158, 'Present', 'Manual', '2019-03-12 10:28:49'),
(1941, 159, 'Present', 'Manual', '2019-03-12 10:28:49'),
(1942, 160, 'Present', 'Manual', '2019-03-12 10:28:49'),
(1943, 161, 'Present', 'Manual', '2019-03-12 10:28:49'),
(1944, 162, 'Present', 'Manual', '2019-03-12 10:28:49'),
(1945, 163, 'Present', 'Manual', '2019-03-12 10:28:49'),
(1946, 164, 'Present', 'Manual', '2019-03-12 10:28:49'),
(1947, 165, 'Present', 'Manual', '2019-03-12 10:28:49'),
(1948, 166, 'Present', 'Manual', '2019-03-12 10:28:49'),
(1949, 167, 'Present', 'Manual', '2019-03-12 10:28:49'),
(1950, 168, 'Present', 'Manual', '2019-03-12 10:28:49'),
(1951, 169, 'Present', 'Manual', '2019-03-12 10:28:49'),
(1952, 170, 'Present', 'Manual', '2019-03-12 10:28:49'),
(1953, 171, 'Present', 'Manual', '2019-03-12 10:28:49'),
(1954, 172, 'Present', 'Manual', '2019-03-12 10:28:49'),
(1955, 173, 'Present', 'Manual', '2019-03-12 10:28:49'),
(1956, 174, 'Present', 'Manual', '2019-03-12 10:28:49'),
(1957, 175, 'Present', 'Manual', '2019-03-12 10:28:49'),
(1958, 176, 'Present', 'Manual', '2019-03-12 10:28:49'),
(1959, 177, 'Present', 'Manual', '2019-03-12 10:28:49'),
(1960, 178, 'Present', 'Manual', '2019-03-12 10:28:49'),
(1961, 179, 'Present', 'Manual', '2019-03-12 10:28:49'),
(1962, 180, 'Present', 'Manual', '2019-03-12 10:28:49'),
(1963, 181, 'Present', 'Manual', '2019-03-12 10:28:49'),
(1964, 182, 'Present', 'Manual', '2019-03-12 10:28:49'),
(1965, 183, 'Present', 'Manual', '2019-03-12 10:28:49'),
(1966, 184, 'Present', 'Manual', '2019-03-12 10:28:49'),
(1967, 185, 'Present', 'Manual', '2019-03-12 10:28:49'),
(1968, 186, 'Present', 'Manual', '2019-03-12 10:28:49'),
(1969, 187, 'Present', 'Manual', '2019-03-12 10:28:49'),
(1970, 188, 'Present', 'Manual', '2019-03-12 10:28:49'),
(1971, 189, 'Present', 'Manual', '2019-03-12 10:28:49'),
(1972, 190, 'Present', 'Manual', '2019-03-12 10:28:49'),
(1973, 191, 'Present', 'Manual', '2019-03-12 10:28:49'),
(1974, 192, 'Present', 'Manual', '2019-03-12 10:28:49'),
(1975, 193, 'Present', 'Manual', '2019-03-12 10:28:49'),
(1976, 194, 'Present', 'Manual', '2019-03-12 10:28:49'),
(1977, 195, 'Present', 'Manual', '2019-03-12 10:28:49'),
(1978, 196, 'Present', 'Manual', '2019-03-12 10:28:49'),
(1979, 197, 'Present', 'Manual', '2019-03-12 10:28:49'),
(1980, 198, 'Present', 'Manual', '2019-03-12 10:28:49'),
(1981, 200, 'Present', 'Manual', '2019-03-12 10:28:49'),
(1982, 201, 'Present', 'Manual', '2019-03-12 10:28:49'),
(1983, 202, 'Present', 'Manual', '2019-03-12 10:28:49'),
(1984, 203, 'Present', 'Manual', '2019-03-12 10:28:49'),
(1985, 204, 'Present', 'Manual', '2019-03-12 10:28:49'),
(1986, 205, 'Present', 'Manual', '2019-03-12 10:28:49'),
(1987, 206, 'Present', 'Manual', '2019-03-12 10:28:49'),
(1988, 207, 'Present', 'Manual', '2019-03-12 10:28:49'),
(1989, 208, 'Present', 'Manual', '2019-03-12 10:28:49'),
(1990, 209, 'Present', 'Manual', '2019-03-12 10:28:49'),
(1991, 210, 'Present', 'Manual', '2019-03-12 10:28:49'),
(1992, 211, 'Present', 'Manual', '2019-03-12 10:28:49'),
(1993, 212, 'Present', 'Manual', '2019-03-12 10:28:49'),
(1994, 213, 'Present', 'Manual', '2019-03-12 10:28:49'),
(1995, 214, 'Present', 'Manual', '2019-03-12 10:28:49'),
(1996, 215, 'Present', 'Manual', '2019-03-12 10:28:49'),
(1997, 216, 'Present', 'Manual', '2019-03-12 10:28:49'),
(1998, 217, 'Present', 'Manual', '2019-03-12 10:28:49'),
(1999, 218, 'Present', 'Manual', '2019-03-12 10:28:49'),
(2000, 219, 'Present', 'Manual', '2019-03-12 10:28:49'),
(2001, 220, 'Present', 'Manual', '2019-03-12 10:28:49'),
(2002, 221, 'Present', 'Manual', '2019-03-12 10:28:49'),
(2003, 222, 'Present', 'Manual', '2019-03-12 10:28:49'),
(2004, 223, 'Present', 'Manual', '2019-03-12 10:28:49'),
(2005, 225, 'Present', 'Manual', '2019-03-12 10:28:49'),
(2006, 226, 'Present', 'Manual', '2019-03-12 10:28:49'),
(2007, 234, 'Present', 'Manual', '2019-03-12 10:28:49'),
(2008, 235, 'Present', 'Manual', '2019-03-12 10:28:49'),
(2009, 1, 'Present', 'Manual', '2019-03-13 09:42:21'),
(2010, 2, 'Present', 'Manual', '2019-03-13 09:42:21'),
(2011, 3, 'Present', 'Manual', '2019-03-13 09:42:21'),
(2012, 4, 'Present', 'Manual', '2019-03-13 09:42:21'),
(2013, 5, 'Present', 'Manual', '2019-03-13 09:42:21'),
(2014, 6, 'Present', 'Manual', '2019-03-13 09:42:21'),
(2015, 7, 'Present', 'Manual', '2019-03-13 09:42:21'),
(2016, 8, 'Present', 'Manual', '2019-03-13 09:42:21'),
(2017, 9, 'Present', 'Manual', '2019-03-13 09:42:21'),
(2018, 10, 'Present', 'Manual', '2019-03-13 09:42:21'),
(2019, 11, 'Present', 'Manual', '2019-03-13 09:42:21'),
(2020, 12, 'Present', 'Manual', '2019-03-13 09:42:21'),
(2021, 13, 'Present', 'Manual', '2019-03-13 09:42:21'),
(2022, 14, 'Present', 'Manual', '2019-03-13 09:42:21'),
(2023, 15, 'Present', 'Manual', '2019-03-13 09:42:21'),
(2024, 16, 'Present', 'Manual', '2019-03-13 09:42:21'),
(2025, 17, 'Present', 'Manual', '2019-03-13 09:42:21'),
(2026, 18, 'Present', 'Manual', '2019-03-13 09:42:21'),
(2027, 19, 'Present', 'Manual', '2019-03-13 09:42:21'),
(2028, 20, 'Present', 'Manual', '2019-03-13 09:42:21'),
(2029, 21, 'Present', 'Manual', '2019-03-13 09:42:21'),
(2030, 22, 'Present', 'Manual', '2019-03-13 09:42:21'),
(2031, 23, 'Present', 'Manual', '2019-03-13 09:42:21'),
(2032, 24, 'Present', 'Manual', '2019-03-13 09:42:21'),
(2033, 25, 'Present', 'Manual', '2019-03-13 09:42:21'),
(2034, 26, 'Present', 'Manual', '2019-03-13 09:42:21'),
(2035, 27, 'Present', 'Manual', '2019-03-13 09:42:21'),
(2036, 28, 'Present', 'Manual', '2019-03-13 09:42:21'),
(2037, 29, 'Present', 'Manual', '2019-03-13 09:42:21'),
(2038, 30, 'Present', 'Manual', '2019-03-13 09:42:21'),
(2039, 31, 'Present', 'Manual', '2019-03-13 09:42:21'),
(2040, 32, 'Present', 'Manual', '2019-03-13 09:42:21'),
(2041, 33, 'Present', 'Manual', '2019-03-13 09:42:21'),
(2042, 34, 'Present', 'Manual', '2019-03-13 09:42:21'),
(2043, 35, 'Present', 'Manual', '2019-03-13 09:42:21'),
(2044, 36, 'Present', 'Manual', '2019-03-13 09:42:21'),
(2045, 37, 'Present', 'Manual', '2019-03-13 09:42:21'),
(2046, 38, 'Present', 'Manual', '2019-03-13 09:42:21'),
(2047, 39, 'Present', 'Manual', '2019-03-13 09:42:21'),
(2048, 40, 'Present', 'Manual', '2019-03-13 09:42:21'),
(2049, 41, 'Present', 'Manual', '2019-03-13 09:42:21'),
(2050, 42, 'Present', 'Manual', '2019-03-13 09:42:21'),
(2051, 43, 'Present', 'Manual', '2019-03-13 09:42:21'),
(2052, 44, 'Present', 'Manual', '2019-03-13 09:42:21'),
(2053, 45, 'Present', 'Manual', '2019-03-13 09:42:21'),
(2054, 46, 'Present', 'Manual', '2019-03-13 09:42:21'),
(2055, 47, 'Present', 'Manual', '2019-03-13 09:42:21'),
(2056, 48, 'Present', 'Manual', '2019-03-13 09:42:21'),
(2057, 49, 'Present', 'Manual', '2019-03-13 09:42:21'),
(2058, 50, 'Present', 'Manual', '2019-03-13 09:42:21'),
(2059, 51, 'Absent', 'Manual', '2019-03-13 09:42:21'),
(2060, 52, 'Absent', 'Manual', '2019-03-13 09:42:21'),
(2061, 53, 'Absent', 'Manual', '2019-03-13 09:42:21'),
(2062, 54, 'Present', 'Manual', '2019-03-13 09:42:21'),
(2063, 55, 'Present', 'Manual', '2019-03-13 09:42:21'),
(2064, 56, 'Present', 'Manual', '2019-03-13 09:42:21'),
(2065, 57, 'Present', 'Manual', '2019-03-13 09:42:21'),
(2066, 58, 'Present', 'Manual', '2019-03-13 09:42:21'),
(2067, 59, 'Absent', 'Manual', '2019-03-13 09:42:21'),
(2068, 61, 'Present', 'Manual', '2019-03-13 09:42:21'),
(2069, 62, 'Present', 'Manual', '2019-03-13 09:42:21'),
(2070, 63, 'Present', 'Manual', '2019-03-13 09:42:21'),
(2071, 64, 'Present', 'Manual', '2019-03-13 09:42:21'),
(2072, 65, 'Present', 'Manual', '2019-03-13 09:42:21'),
(2073, 66, 'Present', 'Manual', '2019-03-13 09:42:21'),
(2074, 67, 'Present', 'Manual', '2019-03-13 09:42:21'),
(2075, 68, 'Absent', 'Manual', '2019-03-13 09:42:21'),
(2076, 69, 'Present', 'Manual', '2019-03-13 09:42:21'),
(2077, 70, 'Present', 'Manual', '2019-03-13 09:42:21'),
(2078, 71, 'Present', 'Manual', '2019-03-13 09:42:21'),
(2079, 72, 'Present', 'Manual', '2019-03-13 09:42:21'),
(2080, 73, 'Present', 'Manual', '2019-03-13 09:42:21'),
(2081, 74, 'Absent', 'Manual', '2019-03-13 09:42:21'),
(2082, 75, 'Present', 'Manual', '2019-03-13 09:42:21'),
(2083, 76, 'Present', 'Manual', '2019-03-13 09:42:21'),
(2084, 77, 'Present', 'Manual', '2019-03-13 09:42:21'),
(2085, 78, 'Present', 'Manual', '2019-03-13 09:42:21'),
(2086, 79, 'Present', 'Manual', '2019-03-13 09:42:21'),
(2087, 80, 'Present', 'Manual', '2019-03-13 09:42:21'),
(2088, 81, 'Present', 'Manual', '2019-03-13 09:42:21'),
(2089, 82, 'Absent', 'Manual', '2019-03-13 09:42:21'),
(2090, 83, 'Present', 'Manual', '2019-03-13 09:42:21'),
(2091, 84, 'Absent', 'Manual', '2019-03-13 09:42:21'),
(2092, 85, 'Absent', 'Manual', '2019-03-13 09:42:21'),
(2093, 86, 'Absent', 'Manual', '2019-03-13 09:42:21'),
(2094, 87, 'Present', 'Manual', '2019-03-13 09:42:21'),
(2095, 88, 'Present', 'Manual', '2019-03-13 09:42:21'),
(2096, 89, 'Present', 'Manual', '2019-03-13 09:42:21'),
(2097, 90, 'Present', 'Manual', '2019-03-13 09:42:21'),
(2098, 91, 'Absent', 'Manual', '2019-03-13 09:42:21'),
(2099, 92, 'Present', 'Manual', '2019-03-13 09:42:21'),
(2100, 93, 'Absent', 'Manual', '2019-03-13 09:42:21'),
(2101, 94, 'Present', 'Manual', '2019-03-13 09:42:21'),
(2102, 95, 'Present', 'Manual', '2019-03-13 09:42:21'),
(2103, 96, 'Present', 'Manual', '2019-03-13 09:42:21'),
(2104, 97, 'Present', 'Manual', '2019-03-13 09:42:21'),
(2105, 98, 'Absent', 'Manual', '2019-03-13 09:42:21'),
(2106, 99, 'Present', 'Manual', '2019-03-13 09:42:21'),
(2107, 100, 'Absent', 'Manual', '2019-03-13 09:42:21'),
(2108, 101, 'Present', 'Manual', '2019-03-13 09:42:21'),
(2109, 102, 'Present', 'Manual', '2019-03-13 09:42:21'),
(2110, 103, 'Absent', 'Manual', '2019-03-13 09:42:21'),
(2111, 104, 'Present', 'Manual', '2019-03-13 09:42:21'),
(2112, 105, 'Present', 'Manual', '2019-03-13 09:42:21'),
(2113, 106, 'Present', 'Manual', '2019-03-13 09:42:21'),
(2114, 107, 'Present', 'Manual', '2019-03-13 09:42:21'),
(2115, 108, 'Present', 'Manual', '2019-03-13 09:42:21'),
(2116, 109, 'Present', 'Manual', '2019-03-13 09:42:21'),
(2117, 110, 'Present', 'Manual', '2019-03-13 09:42:21'),
(2118, 111, 'Present', 'Manual', '2019-03-13 09:42:21'),
(2119, 112, 'Present', 'Manual', '2019-03-13 09:42:21'),
(2120, 113, 'Present', 'Manual', '2019-03-13 09:42:21'),
(2121, 114, 'Absent', 'Manual', '2019-03-13 09:42:21'),
(2122, 115, 'Present', 'Manual', '2019-03-13 09:42:21'),
(2123, 116, 'Present', 'Manual', '2019-03-13 09:42:21'),
(2124, 117, 'Present', 'Manual', '2019-03-13 09:42:21'),
(2125, 118, 'Absent', 'Manual', '2019-03-13 09:42:21'),
(2126, 119, 'Present', 'Manual', '2019-03-13 09:42:21'),
(2127, 120, 'Present', 'Manual', '2019-03-13 09:42:21'),
(2128, 121, 'Present', 'Manual', '2019-03-13 09:42:21'),
(2129, 122, 'Present', 'Manual', '2019-03-13 09:42:21'),
(2130, 123, 'Present', 'Manual', '2019-03-13 09:42:21'),
(2131, 124, 'Present', 'Manual', '2019-03-13 09:42:21'),
(2132, 125, 'Present', 'Manual', '2019-03-13 09:42:21'),
(2133, 126, 'Present', 'Manual', '2019-03-13 09:42:21'),
(2134, 127, 'Absent', 'Manual', '2019-03-13 09:42:21'),
(2135, 128, 'Present', 'Manual', '2019-03-13 09:42:21'),
(2136, 129, 'Absent', 'Manual', '2019-03-13 09:42:21'),
(2137, 130, 'Absent', 'Manual', '2019-03-13 09:42:21'),
(2138, 131, 'Present', 'Manual', '2019-03-13 09:42:21'),
(2139, 132, 'Present', 'Manual', '2019-03-13 09:42:21'),
(2140, 133, 'Present', 'Manual', '2019-03-13 09:42:21'),
(2141, 134, 'Present', 'Manual', '2019-03-13 09:42:21'),
(2142, 135, 'Present', 'Manual', '2019-03-13 09:42:21'),
(2143, 136, 'Absent', 'Manual', '2019-03-13 09:42:21'),
(2144, 137, 'Present', 'Manual', '2019-03-13 09:42:21'),
(2145, 138, 'Present', 'Manual', '2019-03-13 09:42:21'),
(2146, 139, 'Present', 'Manual', '2019-03-13 09:42:21'),
(2147, 140, 'Present', 'Manual', '2019-03-13 09:42:21'),
(2148, 141, 'Present', 'Manual', '2019-03-13 09:42:21'),
(2149, 142, 'Present', 'Manual', '2019-03-13 09:42:21'),
(2150, 143, 'Present', 'Manual', '2019-03-13 09:42:21'),
(2151, 144, 'Absent', 'Manual', '2019-03-13 09:42:21'),
(2152, 145, 'Present', 'Manual', '2019-03-13 09:42:21'),
(2153, 146, 'Present', 'Manual', '2019-03-13 09:42:21'),
(2154, 147, 'Present', 'Manual', '2019-03-13 09:42:21'),
(2155, 148, 'Present', 'Manual', '2019-03-13 09:42:21'),
(2156, 149, 'Present', 'Manual', '2019-03-13 09:42:21'),
(2157, 150, 'Absent', 'Manual', '2019-03-13 09:42:21'),
(2158, 151, 'Present', 'Manual', '2019-03-13 09:42:21'),
(2159, 152, 'Present', 'Manual', '2019-03-13 09:42:21'),
(2160, 153, 'Present', 'Manual', '2019-03-13 09:42:21'),
(2161, 154, 'Present', 'Manual', '2019-03-13 09:42:21'),
(2162, 155, 'Present', 'Manual', '2019-03-13 09:42:21'),
(2163, 157, 'Present', 'Manual', '2019-03-13 09:42:21'),
(2164, 158, 'Present', 'Manual', '2019-03-13 09:42:21'),
(2165, 159, 'Present', 'Manual', '2019-03-13 09:42:21'),
(2166, 160, 'Present', 'Manual', '2019-03-13 09:42:21'),
(2167, 161, 'Present', 'Manual', '2019-03-13 09:42:21'),
(2168, 162, 'Present', 'Manual', '2019-03-13 09:42:21'),
(2169, 163, 'Present', 'Manual', '2019-03-13 09:42:21'),
(2170, 164, 'Present', 'Manual', '2019-03-13 09:42:21'),
(2171, 165, 'Present', 'Manual', '2019-03-13 09:42:21'),
(2172, 166, 'Present', 'Manual', '2019-03-13 09:42:21'),
(2173, 167, 'Present', 'Manual', '2019-03-13 09:42:21'),
(2174, 168, 'Present', 'Manual', '2019-03-13 09:42:21'),
(2175, 169, 'Present', 'Manual', '2019-03-13 09:42:21'),
(2176, 170, 'Present', 'Manual', '2019-03-13 09:42:21'),
(2177, 171, 'Present', 'Manual', '2019-03-13 09:42:21'),
(2178, 172, 'Present', 'Manual', '2019-03-13 09:42:21'),
(2179, 173, 'Present', 'Manual', '2019-03-13 09:42:21'),
(2180, 174, 'Present', 'Manual', '2019-03-13 09:42:21'),
(2181, 175, 'Present', 'Manual', '2019-03-13 09:42:21'),
(2182, 176, 'Present', 'Manual', '2019-03-13 09:42:21'),
(2183, 177, 'Present', 'Manual', '2019-03-13 09:42:21'),
(2184, 178, 'Present', 'Manual', '2019-03-13 09:42:21'),
(2185, 179, 'Present', 'Manual', '2019-03-13 09:42:21'),
(2186, 180, 'Present', 'Manual', '2019-03-13 09:42:21'),
(2187, 181, 'Present', 'Manual', '2019-03-13 09:42:21'),
(2188, 182, 'Present', 'Manual', '2019-03-13 09:42:21'),
(2189, 183, 'Present', 'Manual', '2019-03-13 09:42:21'),
(2190, 184, 'Present', 'Manual', '2019-03-13 09:42:21'),
(2191, 185, 'Present', 'Manual', '2019-03-13 09:42:21'),
(2192, 186, 'Present', 'Manual', '2019-03-13 09:42:21'),
(2193, 187, 'Present', 'Manual', '2019-03-13 09:42:21'),
(2194, 188, 'Present', 'Manual', '2019-03-13 09:42:21'),
(2195, 189, 'Present', 'Manual', '2019-03-13 09:42:21'),
(2196, 190, 'Present', 'Manual', '2019-03-13 09:42:21'),
(2197, 191, 'Present', 'Manual', '2019-03-13 09:42:21'),
(2198, 192, 'Present', 'Manual', '2019-03-13 09:42:21'),
(2199, 193, 'Present', 'Manual', '2019-03-13 09:42:21'),
(2200, 194, 'Present', 'Manual', '2019-03-13 09:42:21'),
(2201, 195, 'Present', 'Manual', '2019-03-13 09:42:21'),
(2202, 196, 'Present', 'Manual', '2019-03-13 09:42:21'),
(2203, 197, 'Present', 'Manual', '2019-03-13 09:42:21'),
(2204, 198, 'Present', 'Manual', '2019-03-13 09:42:21'),
(2205, 200, 'Present', 'Manual', '2019-03-13 09:42:21'),
(2206, 201, 'Present', 'Manual', '2019-03-13 09:42:21'),
(2207, 202, 'Present', 'Manual', '2019-03-13 09:42:21'),
(2208, 203, 'Present', 'Manual', '2019-03-13 09:42:21'),
(2209, 204, 'Present', 'Manual', '2019-03-13 09:42:21'),
(2210, 205, 'Present', 'Manual', '2019-03-13 09:42:21'),
(2211, 206, 'Present', 'Manual', '2019-03-13 09:42:21'),
(2212, 207, 'Present', 'Manual', '2019-03-13 09:42:21'),
(2213, 208, 'Present', 'Manual', '2019-03-13 09:42:21'),
(2214, 209, 'Present', 'Manual', '2019-03-13 09:42:21'),
(2215, 210, 'Present', 'Manual', '2019-03-13 09:42:21'),
(2216, 211, 'Present', 'Manual', '2019-03-13 09:42:21'),
(2217, 212, 'Present', 'Manual', '2019-03-13 09:42:21'),
(2218, 213, 'Present', 'Manual', '2019-03-13 09:42:21'),
(2219, 214, 'Present', 'Manual', '2019-03-13 09:42:21'),
(2220, 215, 'Present', 'Manual', '2019-03-13 09:42:21'),
(2221, 216, 'Present', 'Manual', '2019-03-13 09:42:21'),
(2222, 217, 'Present', 'Manual', '2019-03-13 09:42:21'),
(2223, 218, 'Present', 'Manual', '2019-03-13 09:42:21'),
(2224, 219, 'Present', 'Manual', '2019-03-13 09:42:21'),
(2225, 220, 'Present', 'Manual', '2019-03-13 09:42:21'),
(2226, 221, 'Present', 'Manual', '2019-03-13 09:42:21'),
(2227, 222, 'Present', 'Manual', '2019-03-13 09:42:21'),
(2228, 223, 'Present', 'Manual', '2019-03-13 09:42:21'),
(2229, 225, 'Present', 'Manual', '2019-03-13 09:42:21'),
(2230, 226, 'Present', 'Manual', '2019-03-13 09:42:21'),
(2231, 234, 'Present', 'Manual', '2019-03-13 09:42:21'),
(2232, 235, 'Present', 'Manual', '2019-03-13 09:42:21'),
(2233, 1, 'Absent', 'Manual', '2019-03-14 10:42:38'),
(2234, 2, 'Present', 'Manual', '2019-03-14 10:42:38'),
(2235, 3, 'Present', 'Manual', '2019-03-14 10:42:38'),
(2236, 4, 'Present', 'Manual', '2019-03-14 10:42:38'),
(2237, 5, 'Present', 'Manual', '2019-03-14 10:42:38'),
(2238, 6, 'Present', 'Manual', '2019-03-14 10:42:38'),
(2239, 7, 'Present', 'Manual', '2019-03-14 10:42:38'),
(2240, 8, 'Present', 'Manual', '2019-03-14 10:42:38'),
(2241, 9, 'Present', 'Manual', '2019-03-14 10:42:38'),
(2242, 10, 'Present', 'Manual', '2019-03-14 10:42:38'),
(2243, 11, 'Present', 'Manual', '2019-03-14 10:42:38'),
(2244, 12, 'Present', 'Manual', '2019-03-14 10:42:38'),
(2245, 13, 'Present', 'Manual', '2019-03-14 10:42:38'),
(2246, 14, 'Present', 'Manual', '2019-03-14 10:42:38'),
(2247, 15, 'Present', 'Manual', '2019-03-14 10:42:38'),
(2248, 16, 'Present', 'Manual', '2019-03-14 10:42:38'),
(2249, 17, 'Present', 'Manual', '2019-03-14 10:42:38'),
(2250, 18, 'Present', 'Manual', '2019-03-14 10:42:38'),
(2251, 19, 'Present', 'Manual', '2019-03-14 10:42:38'),
(2252, 20, 'Present', 'Manual', '2019-03-14 10:42:38'),
(2253, 21, 'Present', 'Manual', '2019-03-14 10:42:38'),
(2254, 22, 'Present', 'Manual', '2019-03-14 10:42:38'),
(2255, 23, 'Present', 'Manual', '2019-03-14 10:42:38'),
(2256, 24, 'Present', 'Manual', '2019-03-14 10:42:38'),
(2257, 25, 'Present', 'Manual', '2019-03-14 10:42:38'),
(2258, 26, 'Present', 'Manual', '2019-03-14 10:42:38'),
(2259, 27, 'Present', 'Manual', '2019-03-14 10:42:38'),
(2260, 28, 'Present', 'Manual', '2019-03-14 10:42:38'),
(2261, 29, 'Present', 'Manual', '2019-03-14 10:42:38'),
(2262, 30, 'Present', 'Manual', '2019-03-14 10:42:38'),
(2263, 31, 'Present', 'Manual', '2019-03-14 10:42:38'),
(2264, 32, 'Present', 'Manual', '2019-03-14 10:42:38'),
(2265, 33, 'Present', 'Manual', '2019-03-14 10:42:38'),
(2266, 34, 'Present', 'Manual', '2019-03-14 10:42:38'),
(2267, 35, 'Present', 'Manual', '2019-03-14 10:42:38'),
(2268, 36, 'Present', 'Manual', '2019-03-14 10:42:38'),
(2269, 37, 'Present', 'Manual', '2019-03-14 10:42:38'),
(2270, 38, 'Present', 'Manual', '2019-03-14 10:42:38'),
(2271, 39, 'Present', 'Manual', '2019-03-14 10:42:38'),
(2272, 40, 'Present', 'Manual', '2019-03-14 10:42:38'),
(2273, 41, 'Present', 'Manual', '2019-03-14 10:42:38'),
(2274, 42, 'Present', 'Manual', '2019-03-14 10:42:38'),
(2275, 43, 'Present', 'Manual', '2019-03-14 10:42:38'),
(2276, 44, 'Absent', 'Manual', '2019-03-14 10:42:38'),
(2277, 45, 'Present', 'Manual', '2019-03-14 10:42:38'),
(2278, 46, 'Present', 'Manual', '2019-03-14 10:42:38'),
(2279, 47, 'Present', 'Manual', '2019-03-14 10:42:38'),
(2280, 48, 'Absent', 'Manual', '2019-03-14 10:42:38'),
(2281, 49, 'Present', 'Manual', '2019-03-14 10:42:38'),
(2282, 50, 'Present', 'Manual', '2019-03-14 10:42:38'),
(2283, 51, 'Absent', 'Manual', '2019-03-14 10:42:38'),
(2284, 52, 'Absent', 'Manual', '2019-03-14 10:42:38'),
(2285, 53, 'Absent', 'Manual', '2019-03-14 10:42:38'),
(2286, 54, 'Present', 'Manual', '2019-03-14 10:42:38'),
(2287, 55, 'Present', 'Manual', '2019-03-14 10:42:38'),
(2288, 56, 'Absent', 'Manual', '2019-03-14 10:42:38'),
(2289, 57, 'Present', 'Manual', '2019-03-14 10:42:38'),
(2290, 58, 'Present', 'Manual', '2019-03-14 10:42:38'),
(2291, 59, 'Present', 'Manual', '2019-03-14 10:42:38'),
(2292, 61, 'Present', 'Manual', '2019-03-14 10:42:38'),
(2293, 62, 'Absent', 'Manual', '2019-03-14 10:42:38'),
(2294, 63, 'Present', 'Manual', '2019-03-14 10:42:38'),
(2295, 64, 'Present', 'Manual', '2019-03-14 10:42:38'),
(2296, 65, 'Absent', 'Manual', '2019-03-14 10:42:38'),
(2297, 66, 'Absent', 'Manual', '2019-03-14 10:42:38'),
(2298, 67, 'Present', 'Manual', '2019-03-14 10:42:38'),
(2299, 68, 'Present', 'Manual', '2019-03-14 10:42:38'),
(2300, 69, 'Present', 'Manual', '2019-03-14 10:42:38'),
(2301, 70, 'Present', 'Manual', '2019-03-14 10:42:38'),
(2302, 71, 'Absent', 'Manual', '2019-03-14 10:42:38'),
(2303, 72, 'Absent', 'Manual', '2019-03-14 10:42:38'),
(2304, 73, 'Present', 'Manual', '2019-03-14 10:42:38'),
(2305, 74, 'Present', 'Manual', '2019-03-14 10:42:38'),
(2306, 75, 'Present', 'Manual', '2019-03-14 10:42:38'),
(2307, 76, 'Present', 'Manual', '2019-03-14 10:42:38'),
(2308, 77, 'Present', 'Manual', '2019-03-14 10:42:38'),
(2309, 78, 'Present', 'Manual', '2019-03-14 10:42:38'),
(2310, 79, 'Present', 'Manual', '2019-03-14 10:42:38'),
(2311, 80, 'Present', 'Manual', '2019-03-14 10:42:38'),
(2312, 81, 'Present', 'Manual', '2019-03-14 10:42:38'),
(2313, 82, 'Absent', 'Manual', '2019-03-14 10:42:38'),
(2314, 83, 'Present', 'Manual', '2019-03-14 10:42:38'),
(2315, 84, 'Absent', 'Manual', '2019-03-14 10:42:38'),
(2316, 85, 'Absent', 'Manual', '2019-03-14 10:42:38'),
(2317, 86, 'Present', 'Manual', '2019-03-14 10:42:38'),
(2318, 87, 'Present', 'Manual', '2019-03-14 10:42:38'),
(2319, 88, 'Present', 'Manual', '2019-03-14 10:42:38'),
(2320, 89, 'Absent', 'Manual', '2019-03-14 10:42:38'),
(2321, 90, 'Absent', 'Manual', '2019-03-14 10:42:38'),
(2322, 91, 'Present', 'Manual', '2019-03-14 10:42:38'),
(2323, 92, 'Present', 'Manual', '2019-03-14 10:42:38'),
(2324, 93, 'Present', 'Manual', '2019-03-14 10:42:38'),
(2325, 94, 'Present', 'Manual', '2019-03-14 10:42:38'),
(2326, 95, 'Absent', 'Manual', '2019-03-14 10:42:38'),
(2327, 96, 'Present', 'Manual', '2019-03-14 10:42:38'),
(2328, 97, 'Present', 'Manual', '2019-03-14 10:42:38'),
(2329, 98, 'Present', 'Manual', '2019-03-14 10:42:38'),
(2330, 99, 'Present', 'Manual', '2019-03-14 10:42:38'),
(2331, 100, 'Present', 'Manual', '2019-03-14 10:42:38'),
(2332, 101, 'Present', 'Manual', '2019-03-14 10:42:38'),
(2333, 102, 'Present', 'Manual', '2019-03-14 10:42:38'),
(2334, 103, 'Present', 'Manual', '2019-03-14 10:42:38'),
(2335, 104, 'Present', 'Manual', '2019-03-14 10:42:38'),
(2336, 105, 'Present', 'Manual', '2019-03-14 10:42:38'),
(2337, 106, 'Absent', 'Manual', '2019-03-14 10:42:38'),
(2338, 107, 'Present', 'Manual', '2019-03-14 10:42:38'),
(2339, 108, 'Present', 'Manual', '2019-03-14 10:42:38'),
(2340, 109, 'Absent', 'Manual', '2019-03-14 10:42:38'),
(2341, 110, 'Present', 'Manual', '2019-03-14 10:42:38'),
(2342, 111, 'Present', 'Manual', '2019-03-14 10:42:38'),
(2343, 112, 'Present', 'Manual', '2019-03-14 10:42:38'),
(2344, 113, 'Present', 'Manual', '2019-03-14 10:42:38'),
(2345, 114, 'Present', 'Manual', '2019-03-14 10:42:38'),
(2346, 115, 'Present', 'Manual', '2019-03-14 10:42:38'),
(2347, 116, 'Present', 'Manual', '2019-03-14 10:42:38'),
(2348, 117, 'Absent', 'Manual', '2019-03-14 10:42:38'),
(2349, 118, 'Absent', 'Manual', '2019-03-14 10:42:38'),
(2350, 119, 'Present', 'Manual', '2019-03-14 10:42:38'),
(2351, 120, 'Absent', 'Manual', '2019-03-14 10:42:38'),
(2352, 121, 'Present', 'Manual', '2019-03-14 10:42:38'),
(2353, 122, 'Absent', 'Manual', '2019-03-14 10:42:38'),
(2354, 123, 'Present', 'Manual', '2019-03-14 10:42:38'),
(2355, 124, 'Absent', 'Manual', '2019-03-14 10:42:38'),
(2356, 125, 'Absent', 'Manual', '2019-03-14 10:42:38'),
(2357, 126, 'Absent', 'Manual', '2019-03-14 10:42:38'),
(2358, 127, 'Absent', 'Manual', '2019-03-14 10:42:38'),
(2359, 128, 'Present', 'Manual', '2019-03-14 10:42:38'),
(2360, 129, 'Present', 'Manual', '2019-03-14 10:42:38'),
(2361, 130, 'Present', 'Manual', '2019-03-14 10:42:38'),
(2362, 131, 'Present', 'Manual', '2019-03-14 10:42:38'),
(2363, 132, 'Present', 'Manual', '2019-03-14 10:42:38'),
(2364, 133, 'Absent', 'Manual', '2019-03-14 10:42:38'),
(2365, 134, 'Present', 'Manual', '2019-03-14 10:42:38'),
(2366, 135, 'Absent', 'Manual', '2019-03-14 10:42:38'),
(2367, 136, 'Absent', 'Manual', '2019-03-14 10:42:38'),
(2368, 137, 'Present', 'Manual', '2019-03-14 10:42:38'),
(2369, 138, 'Absent', 'Manual', '2019-03-14 10:42:38'),
(2370, 139, 'Present', 'Manual', '2019-03-14 10:42:38'),
(2371, 140, 'Present', 'Manual', '2019-03-14 10:42:38'),
(2372, 141, 'Present', 'Manual', '2019-03-14 10:42:38'),
(2373, 142, 'Present', 'Manual', '2019-03-14 10:42:38'),
(2374, 143, 'Present', 'Manual', '2019-03-14 10:42:38'),
(2375, 144, 'Absent', 'Manual', '2019-03-14 10:42:38'),
(2376, 145, 'Present', 'Manual', '2019-03-14 10:42:38'),
(2377, 146, 'Absent', 'Manual', '2019-03-14 10:42:38'),
(2378, 147, 'Absent', 'Manual', '2019-03-14 10:42:38'),
(2379, 148, 'Present', 'Manual', '2019-03-14 10:42:38'),
(2380, 149, 'Absent', 'Manual', '2019-03-14 10:42:38'),
(2381, 150, 'Present', 'Manual', '2019-03-14 10:42:38'),
(2382, 151, 'Present', 'Manual', '2019-03-14 10:42:38'),
(2383, 152, 'Present', 'Manual', '2019-03-14 10:42:38'),
(2384, 153, 'Present', 'Manual', '2019-03-14 10:42:38'),
(2385, 154, 'Present', 'Manual', '2019-03-14 10:42:38'),
(2386, 155, 'Present', 'Manual', '2019-03-14 10:42:38'),
(2387, 157, 'Present', 'Manual', '2019-03-14 10:42:38'),
(2388, 158, 'Present', 'Manual', '2019-03-14 10:42:38'),
(2389, 159, 'Present', 'Manual', '2019-03-14 10:42:38'),
(2390, 160, 'Present', 'Manual', '2019-03-14 10:42:38'),
(2391, 161, 'Present', 'Manual', '2019-03-14 10:42:38'),
(2392, 162, 'Present', 'Manual', '2019-03-14 10:42:38'),
(2393, 163, 'Present', 'Manual', '2019-03-14 10:42:38'),
(2394, 164, 'Present', 'Manual', '2019-03-14 10:42:38'),
(2395, 165, 'Present', 'Manual', '2019-03-14 10:42:38'),
(2396, 166, 'Present', 'Manual', '2019-03-14 10:42:38'),
(2397, 167, 'Present', 'Manual', '2019-03-14 10:42:38'),
(2398, 168, 'Present', 'Manual', '2019-03-14 10:42:38'),
(2399, 169, 'Present', 'Manual', '2019-03-14 10:42:38'),
(2400, 170, 'Present', 'Manual', '2019-03-14 10:42:38'),
(2401, 171, 'Present', 'Manual', '2019-03-14 10:42:38'),
(2402, 172, 'Present', 'Manual', '2019-03-14 10:42:38'),
(2403, 173, 'Present', 'Manual', '2019-03-14 10:42:38'),
(2404, 174, 'Present', 'Manual', '2019-03-14 10:42:38'),
(2405, 175, 'Present', 'Manual', '2019-03-14 10:42:38'),
(2406, 176, 'Present', 'Manual', '2019-03-14 10:42:38'),
(2407, 177, 'Present', 'Manual', '2019-03-14 10:42:38'),
(2408, 178, 'Present', 'Manual', '2019-03-14 10:42:38'),
(2409, 179, 'Present', 'Manual', '2019-03-14 10:42:38'),
(2410, 180, 'Present', 'Manual', '2019-03-14 10:42:38'),
(2411, 181, 'Present', 'Manual', '2019-03-14 10:42:38'),
(2412, 182, 'Present', 'Manual', '2019-03-14 10:42:38'),
(2413, 183, 'Present', 'Manual', '2019-03-14 10:42:38'),
(2414, 184, 'Present', 'Manual', '2019-03-14 10:42:38'),
(2415, 185, 'Present', 'Manual', '2019-03-14 10:42:38'),
(2416, 186, 'Present', 'Manual', '2019-03-14 10:42:38'),
(2417, 187, 'Present', 'Manual', '2019-03-14 10:42:38'),
(2418, 188, 'Present', 'Manual', '2019-03-14 10:42:38'),
(2419, 189, 'Present', 'Manual', '2019-03-14 10:42:38'),
(2420, 190, 'Present', 'Manual', '2019-03-14 10:42:38'),
(2421, 191, 'Present', 'Manual', '2019-03-14 10:42:38'),
(2422, 192, 'Present', 'Manual', '2019-03-14 10:42:38'),
(2423, 193, 'Present', 'Manual', '2019-03-14 10:42:38'),
(2424, 194, 'Present', 'Manual', '2019-03-14 10:42:38'),
(2425, 195, 'Present', 'Manual', '2019-03-14 10:42:38'),
(2426, 196, 'Present', 'Manual', '2019-03-14 10:42:38'),
(2427, 197, 'Present', 'Manual', '2019-03-14 10:42:38'),
(2428, 198, 'Present', 'Manual', '2019-03-14 10:42:38'),
(2429, 200, 'Present', 'Manual', '2019-03-14 10:42:38'),
(2430, 201, 'Present', 'Manual', '2019-03-14 10:42:38'),
(2431, 202, 'Present', 'Manual', '2019-03-14 10:42:38'),
(2432, 203, 'Present', 'Manual', '2019-03-14 10:42:38'),
(2433, 204, 'Present', 'Manual', '2019-03-14 10:42:38'),
(2434, 205, 'Present', 'Manual', '2019-03-14 10:42:38'),
(2435, 206, 'Present', 'Manual', '2019-03-14 10:42:38'),
(2436, 207, 'Present', 'Manual', '2019-03-14 10:42:38'),
(2437, 208, 'Present', 'Manual', '2019-03-14 10:42:38'),
(2438, 209, 'Present', 'Manual', '2019-03-14 10:42:38'),
(2439, 210, 'Present', 'Manual', '2019-03-14 10:42:38'),
(2440, 211, 'Present', 'Manual', '2019-03-14 10:42:38'),
(2441, 212, 'Present', 'Manual', '2019-03-14 10:42:38'),
(2442, 213, 'Present', 'Manual', '2019-03-14 10:42:38'),
(2443, 214, 'Present', 'Manual', '2019-03-14 10:42:38'),
(2444, 215, 'Present', 'Manual', '2019-03-14 10:42:38'),
(2445, 216, 'Present', 'Manual', '2019-03-14 10:42:38'),
(2446, 217, 'Present', 'Manual', '2019-03-14 10:42:38'),
(2447, 218, 'Present', 'Manual', '2019-03-14 10:42:38'),
(2448, 219, 'Present', 'Manual', '2019-03-14 10:42:38'),
(2449, 220, 'Present', 'Manual', '2019-03-14 10:42:38'),
(2450, 221, 'Present', 'Manual', '2019-03-14 10:42:38'),
(2451, 222, 'Present', 'Manual', '2019-03-14 10:42:38'),
(2452, 223, 'Present', 'Manual', '2019-03-14 10:42:38'),
(2453, 225, 'Present', 'Manual', '2019-03-14 10:42:38'),
(2454, 226, 'Present', 'Manual', '2019-03-14 10:42:38'),
(2455, 234, 'Present', 'Manual', '2019-03-14 10:42:38'),
(2456, 235, 'Present', 'Manual', '2019-03-14 10:42:38'),
(2457, 1, 'Present', 'Manual', '2019-03-15 09:52:37'),
(2458, 2, 'Absent', 'Manual', '2019-03-15 09:52:37'),
(2459, 3, 'Present', 'Manual', '2019-03-15 09:52:37'),
(2460, 4, 'Present', 'Manual', '2019-03-15 09:52:37'),
(2461, 5, 'Present', 'Manual', '2019-03-15 09:52:37'),
(2462, 6, 'Present', 'Manual', '2019-03-15 09:52:37'),
(2463, 7, 'Present', 'Manual', '2019-03-15 09:52:37'),
(2464, 8, 'Present', 'Manual', '2019-03-15 09:52:37'),
(2465, 9, 'Present', 'Manual', '2019-03-15 09:52:37'),
(2466, 10, 'Present', 'Manual', '2019-03-15 09:52:37'),
(2467, 11, 'Absent', 'Manual', '2019-03-15 09:52:37'),
(2468, 12, 'Absent', 'Manual', '2019-03-15 09:52:37'),
(2469, 13, 'Absent', 'Manual', '2019-03-15 09:52:37'),
(2470, 14, 'Absent', 'Manual', '2019-03-15 09:52:37'),
(2471, 15, 'Present', 'Manual', '2019-03-15 09:52:37'),
(2472, 16, 'Absent', 'Manual', '2019-03-15 09:52:37'),
(2473, 17, 'Absent', 'Manual', '2019-03-15 09:52:37'),
(2474, 18, 'Absent', 'Manual', '2019-03-15 09:52:37'),
(2475, 19, 'Present', 'Manual', '2019-03-15 09:52:37'),
(2476, 20, 'Present', 'Manual', '2019-03-15 09:52:37'),
(2477, 21, 'Absent', 'Manual', '2019-03-15 09:52:37'),
(2478, 22, 'Absent', 'Manual', '2019-03-15 09:52:37'),
(2479, 23, 'Absent', 'Manual', '2019-03-15 09:52:37'),
(2480, 24, 'Present', 'Manual', '2019-03-15 09:52:37'),
(2481, 25, 'Present', 'Manual', '2019-03-15 09:52:37'),
(2482, 26, 'Present', 'Manual', '2019-03-15 09:52:37'),
(2483, 27, 'Present', 'Manual', '2019-03-15 09:52:37'),
(2484, 28, 'Present', 'Manual', '2019-03-15 09:52:37'),
(2485, 29, 'Present', 'Manual', '2019-03-15 09:52:37'),
(2486, 30, 'Present', 'Manual', '2019-03-15 09:52:37'),
(2487, 31, 'Present', 'Manual', '2019-03-15 09:52:37'),
(2488, 32, 'Absent', 'Manual', '2019-03-15 09:52:37'),
(2489, 33, 'Absent', 'Manual', '2019-03-15 09:52:37'),
(2490, 34, 'Absent', 'Manual', '2019-03-15 09:52:37'),
(2491, 35, 'Absent', 'Manual', '2019-03-15 09:52:37'),
(2492, 36, 'Present', 'Manual', '2019-03-15 09:52:37'),
(2493, 37, 'Absent', 'Manual', '2019-03-15 09:52:37'),
(2494, 38, 'Present', 'Manual', '2019-03-15 09:52:37'),
(2495, 39, 'Absent', 'Manual', '2019-03-15 09:52:37'),
(2496, 40, 'Present', 'Manual', '2019-03-15 09:52:37'),
(2497, 41, 'Present', 'Manual', '2019-03-15 09:52:37'),
(2498, 42, 'Present', 'Manual', '2019-03-15 09:52:37'),
(2499, 61, 'Present', 'Manual', '2019-03-15 09:52:37'),
(2500, 62, 'Present', 'Manual', '2019-03-15 09:52:37'),
(2501, 63, 'Absent', 'Manual', '2019-03-15 09:52:37'),
(2502, 64, 'Present', 'Manual', '2019-03-15 09:52:37'),
(2503, 65, 'Present', 'Manual', '2019-03-15 09:52:37'),
(2504, 66, 'Present', 'Manual', '2019-03-15 09:52:37'),
(2505, 67, 'Present', 'Manual', '2019-03-15 09:52:37'),
(2506, 68, 'Absent', 'Manual', '2019-03-15 09:52:37'),
(2507, 69, 'Present', 'Manual', '2019-03-15 09:52:37'),
(2508, 70, 'Present', 'Manual', '2019-03-15 09:52:37'),
(2509, 71, 'Absent', 'Manual', '2019-03-15 09:52:37'),
(2510, 72, 'Present', 'Manual', '2019-03-15 09:52:37'),
(2511, 73, 'Present', 'Manual', '2019-03-15 09:52:37'),
(2512, 74, 'Absent', 'Manual', '2019-03-15 09:52:37'),
(2513, 75, 'Present', 'Manual', '2019-03-15 09:52:37'),
(2514, 76, 'Present', 'Manual', '2019-03-15 09:52:37'),
(2515, 77, 'Present', 'Manual', '2019-03-15 09:52:37'),
(2516, 78, 'Present', 'Manual', '2019-03-15 09:52:37'),
(2517, 79, 'Present', 'Manual', '2019-03-15 09:52:37'),
(2518, 80, 'Present', 'Manual', '2019-03-15 09:52:37'),
(2519, 81, 'Present', 'Manual', '2019-03-15 09:52:37'),
(2520, 82, 'Absent', 'Manual', '2019-03-15 09:52:37'),
(2521, 83, 'Absent', 'Manual', '2019-03-15 09:52:37'),
(2522, 84, 'Absent', 'Manual', '2019-03-15 09:52:37'),
(2523, 85, 'Absent', 'Manual', '2019-03-15 09:52:37'),
(2524, 86, 'Absent', 'Manual', '2019-03-15 09:52:37'),
(2525, 87, 'Absent', 'Manual', '2019-03-15 09:52:38'),
(2526, 88, 'Present', 'Manual', '2019-03-15 09:52:38'),
(2527, 89, 'Present', 'Manual', '2019-03-15 09:52:38'),
(2528, 90, 'Present', 'Manual', '2019-03-15 09:52:38'),
(2529, 91, 'Present', 'Manual', '2019-03-15 09:52:38'),
(2530, 92, 'Absent', 'Manual', '2019-03-15 09:52:38'),
(2531, 93, 'Absent', 'Manual', '2019-03-15 09:52:38'),
(2532, 94, 'Present', 'Manual', '2019-03-15 09:52:38'),
(2533, 95, 'Present', 'Manual', '2019-03-15 09:52:38'),
(2534, 96, 'Present', 'Manual', '2019-03-15 09:52:38'),
(2535, 97, 'Absent', 'Manual', '2019-03-15 09:52:38'),
(2536, 98, 'Absent', 'Manual', '2019-03-15 09:52:38'),
(2537, 99, 'Present', 'Manual', '2019-03-15 09:52:38'),
(2538, 100, 'Present', 'Manual', '2019-03-15 09:52:38'),
(2539, 101, 'Present', 'Manual', '2019-03-15 09:52:38'),
(2540, 102, 'Present', 'Manual', '2019-03-15 09:52:38'),
(2541, 103, 'Present', 'Manual', '2019-03-15 09:52:38'),
(2542, 104, 'Present', 'Manual', '2019-03-15 09:52:38'),
(2543, 105, 'Present', 'Manual', '2019-03-15 09:52:38'),
(2544, 106, 'Present', 'Manual', '2019-03-15 09:52:38'),
(2545, 107, 'Present', 'Manual', '2019-03-15 09:52:38'),
(2546, 108, 'Present', 'Manual', '2019-03-15 09:52:38'),
(2547, 109, 'Present', 'Manual', '2019-03-15 09:52:38'),
(2548, 110, 'Present', 'Manual', '2019-03-15 09:52:38'),
(2549, 111, 'Present', 'Manual', '2019-03-15 09:52:38'),
(2550, 112, 'Present', 'Manual', '2019-03-15 09:52:38'),
(2551, 113, 'Present', 'Manual', '2019-03-15 09:52:38'),
(2552, 114, 'Present', 'Manual', '2019-03-15 09:52:38'),
(2553, 115, 'Absent', 'Manual', '2019-03-15 09:52:38'),
(2554, 116, 'Present', 'Manual', '2019-03-15 09:52:38'),
(2555, 117, 'Present', 'Manual', '2019-03-15 09:52:38'),
(2556, 118, 'Present', 'Manual', '2019-03-15 09:52:38'),
(2557, 119, 'Present', 'Manual', '2019-03-15 09:52:38'),
(2558, 120, 'Present', 'Manual', '2019-03-15 09:52:38'),
(2559, 121, 'Present', 'Manual', '2019-03-15 09:52:38'),
(2560, 122, 'Present', 'Manual', '2019-03-15 09:52:38'),
(2561, 123, 'Present', 'Manual', '2019-03-15 09:52:38'),
(2562, 124, 'Present', 'Manual', '2019-03-15 09:52:38'),
(2563, 125, 'Present', 'Manual', '2019-03-15 09:52:38'),
(2564, 126, 'Absent', 'Manual', '2019-03-15 09:52:38'),
(2565, 127, 'Absent', 'Manual', '2019-03-15 09:52:38'),
(2566, 128, 'Present', 'Manual', '2019-03-15 09:52:38'),
(2567, 129, 'Absent', 'Manual', '2019-03-15 09:52:38'),
(2568, 130, 'Present', 'Manual', '2019-03-15 09:52:38'),
(2569, 131, 'Present', 'Manual', '2019-03-15 09:52:38'),
(2570, 132, 'Present', 'Manual', '2019-03-15 09:52:38'),
(2571, 133, 'Absent', 'Manual', '2019-03-15 09:52:38'),
(2572, 134, 'Present', 'Manual', '2019-03-15 09:52:38'),
(2573, 135, 'Present', 'Manual', '2019-03-15 09:52:38'),
(2574, 136, 'Present', 'Manual', '2019-03-15 09:52:38'),
(2575, 137, 'Present', 'Manual', '2019-03-15 09:52:38'),
(2576, 138, 'Present', 'Manual', '2019-03-15 09:52:38'),
(2577, 139, 'Present', 'Manual', '2019-03-15 09:52:38'),
(2578, 140, 'Present', 'Manual', '2019-03-15 09:52:38'),
(2579, 141, 'Present', 'Manual', '2019-03-15 09:52:38'),
(2580, 142, 'Present', 'Manual', '2019-03-15 09:52:38'),
(2581, 143, 'Present', 'Manual', '2019-03-15 09:52:38'),
(2582, 144, 'Present', 'Manual', '2019-03-15 09:52:38'),
(2583, 145, 'Present', 'Manual', '2019-03-15 09:52:38'),
(2584, 146, 'Present', 'Manual', '2019-03-15 09:52:38'),
(2585, 147, 'Present', 'Manual', '2019-03-15 09:52:38'),
(2586, 148, 'Present', 'Manual', '2019-03-15 09:52:38'),
(2587, 149, 'Present', 'Manual', '2019-03-15 09:52:38'),
(2588, 150, 'Absent', 'Manual', '2019-03-15 09:52:38'),
(2589, 151, 'Present', 'Manual', '2019-03-15 09:52:38'),
(2590, 152, 'Present', 'Manual', '2019-03-15 09:52:38'),
(2591, 153, 'Present', 'Manual', '2019-03-15 09:52:38'),
(2592, 154, 'Present', 'Manual', '2019-03-15 09:52:38'),
(2593, 155, 'Present', 'Manual', '2019-03-15 09:52:38'),
(2594, 157, 'Present', 'Manual', '2019-03-15 09:52:38'),
(2595, 158, 'Present', 'Manual', '2019-03-15 09:52:38'),
(2596, 159, 'Present', 'Manual', '2019-03-15 09:52:38'),
(2597, 160, 'Present', 'Manual', '2019-03-15 09:52:38'),
(2598, 161, 'Present', 'Manual', '2019-03-15 09:52:38'),
(2599, 162, 'Present', 'Manual', '2019-03-15 09:52:38'),
(2600, 163, 'Present', 'Manual', '2019-03-15 09:52:38'),
(2601, 164, 'Present', 'Manual', '2019-03-15 09:52:38'),
(2602, 165, 'Present', 'Manual', '2019-03-15 09:52:38'),
(2603, 166, 'Present', 'Manual', '2019-03-15 09:52:38'),
(2604, 167, 'Present', 'Manual', '2019-03-15 09:52:38'),
(2605, 168, 'Present', 'Manual', '2019-03-15 09:52:38'),
(2606, 169, 'Present', 'Manual', '2019-03-15 09:52:38'),
(2607, 170, 'Present', 'Manual', '2019-03-15 09:52:38'),
(2608, 171, 'Present', 'Manual', '2019-03-15 09:52:38'),
(2609, 172, 'Present', 'Manual', '2019-03-15 09:52:38'),
(2610, 173, 'Present', 'Manual', '2019-03-15 09:52:38'),
(2611, 174, 'Present', 'Manual', '2019-03-15 09:52:38'),
(2612, 175, 'Present', 'Manual', '2019-03-15 09:52:38'),
(2613, 176, 'Present', 'Manual', '2019-03-15 09:52:38'),
(2614, 177, 'Present', 'Manual', '2019-03-15 09:52:38'),
(2615, 178, 'Present', 'Manual', '2019-03-15 09:52:38'),
(2616, 179, 'Present', 'Manual', '2019-03-15 09:52:38'),
(2617, 180, 'Present', 'Manual', '2019-03-15 09:52:38'),
(2618, 181, 'Present', 'Manual', '2019-03-15 09:52:38'),
(2619, 182, 'Present', 'Manual', '2019-03-15 09:52:38'),
(2620, 183, 'Present', 'Manual', '2019-03-15 09:52:38'),
(2621, 184, 'Present', 'Manual', '2019-03-15 09:52:38'),
(2622, 185, 'Present', 'Manual', '2019-03-15 09:52:38'),
(2623, 186, 'Present', 'Manual', '2019-03-15 09:52:38'),
(2624, 187, 'Present', 'Manual', '2019-03-15 09:52:38'),
(2625, 188, 'Present', 'Manual', '2019-03-15 09:52:38'),
(2626, 189, 'Present', 'Manual', '2019-03-15 09:52:38'),
(2627, 190, 'Present', 'Manual', '2019-03-15 09:52:38'),
(2628, 191, 'Present', 'Manual', '2019-03-15 09:52:38'),
(2629, 192, 'Present', 'Manual', '2019-03-15 09:52:38'),
(2630, 193, 'Present', 'Manual', '2019-03-15 09:52:38'),
(2631, 194, 'Present', 'Manual', '2019-03-15 09:52:38'),
(2632, 195, 'Present', 'Manual', '2019-03-15 09:52:38'),
(2633, 196, 'Present', 'Manual', '2019-03-15 09:52:38'),
(2634, 197, 'Present', 'Manual', '2019-03-15 09:52:38'),
(2635, 198, 'Present', 'Manual', '2019-03-15 09:52:38'),
(2636, 200, 'Present', 'Manual', '2019-03-15 09:52:38'),
(2637, 201, 'Present', 'Manual', '2019-03-15 09:52:38'),
(2638, 202, 'Present', 'Manual', '2019-03-15 09:52:38'),
(2639, 203, 'Present', 'Manual', '2019-03-15 09:52:38'),
(2640, 204, 'Present', 'Manual', '2019-03-15 09:52:38'),
(2641, 205, 'Present', 'Manual', '2019-03-15 09:52:38'),
(2642, 206, 'Present', 'Manual', '2019-03-15 09:52:38'),
(2643, 207, 'Present', 'Manual', '2019-03-15 09:52:38'),
(2644, 208, 'Present', 'Manual', '2019-03-15 09:52:38'),
(2645, 209, 'Present', 'Manual', '2019-03-15 09:52:38'),
(2646, 210, 'Present', 'Manual', '2019-03-15 09:52:38'),
(2647, 211, 'Present', 'Manual', '2019-03-15 09:52:38'),
(2648, 212, 'Present', 'Manual', '2019-03-15 09:52:38'),
(2649, 213, 'Present', 'Manual', '2019-03-15 09:52:38'),
(2650, 214, 'Present', 'Manual', '2019-03-15 09:52:38'),
(2651, 215, 'Present', 'Manual', '2019-03-15 09:52:38'),
(2652, 216, 'Present', 'Manual', '2019-03-15 09:52:38'),
(2653, 217, 'Present', 'Manual', '2019-03-15 09:52:38'),
(2654, 218, 'Present', 'Manual', '2019-03-15 09:52:38'),
(2655, 219, 'Present', 'Manual', '2019-03-15 09:52:38'),
(2656, 220, 'Present', 'Manual', '2019-03-15 09:52:38'),
(2657, 221, 'Present', 'Manual', '2019-03-15 09:52:38'),
(2658, 222, 'Present', 'Manual', '2019-03-15 09:52:38'),
(2659, 223, 'Present', 'Manual', '2019-03-15 09:52:38'),
(2660, 225, 'Present', 'Manual', '2019-03-15 09:52:38'),
(2661, 226, 'Present', 'Manual', '2019-03-15 09:52:38'),
(2662, 234, 'Present', 'Manual', '2019-03-15 09:52:38'),
(2663, 235, 'Present', 'Manual', '2019-03-15 09:52:38'),
(2664, 43, 'Present', 'Manual', '2019-03-15 11:48:07'),
(2665, 44, 'Present', 'Manual', '2019-03-15 11:48:07'),
(2666, 45, 'Present', 'Manual', '2019-03-15 11:48:07'),
(2667, 46, 'Present', 'Manual', '2019-03-15 11:48:07'),
(2668, 47, 'Present', 'Manual', '2019-03-15 11:48:07'),
(2669, 48, 'Present', 'Manual', '2019-03-15 11:48:07'),
(2670, 49, 'Present', 'Manual', '2019-03-15 11:48:07'),
(2671, 50, 'Present', 'Manual', '2019-03-15 11:48:07'),
(2672, 51, 'Present', 'Manual', '2019-03-15 11:48:07'),
(2673, 52, 'Present', 'Manual', '2019-03-15 11:48:07'),
(2674, 53, 'Present', 'Manual', '2019-03-15 11:48:07'),
(2675, 54, 'Present', 'Manual', '2019-03-15 11:48:07'),
(2676, 55, 'Present', 'Manual', '2019-03-15 11:48:07'),
(2677, 56, 'Present', 'Manual', '2019-03-15 11:48:07'),
(2678, 57, 'Present', 'Manual', '2019-03-15 11:48:07'),
(2679, 58, 'Present', 'Manual', '2019-03-15 11:48:07'),
(2680, 59, 'Present', 'Manual', '2019-03-15 11:48:07'),
(2681, 1, 'Present', 'Manual', '2019-03-20 09:35:19'),
(2682, 2, 'Present', 'Manual', '2019-03-20 09:35:19'),
(2683, 3, 'Absent', 'Manual', '2019-03-20 09:35:19'),
(2684, 4, 'Present', 'Manual', '2019-03-20 09:35:19'),
(2685, 5, 'Present', 'Manual', '2019-03-20 09:35:19'),
(2686, 6, 'Present', 'Manual', '2019-03-20 09:35:19'),
(2687, 7, 'Absent', 'Manual', '2019-03-20 09:35:19'),
(2688, 8, 'Present', 'Manual', '2019-03-20 09:35:19'),
(2689, 9, 'Present', 'Manual', '2019-03-20 09:35:19'),
(2690, 10, 'Absent', 'Manual', '2019-03-20 09:35:19'),
(2691, 11, 'Present', 'Manual', '2019-03-20 09:35:19'),
(2692, 12, 'Present', 'Manual', '2019-03-20 09:35:19'),
(2693, 13, 'Present', 'Manual', '2019-03-20 09:35:19'),
(2694, 14, 'Present', 'Manual', '2019-03-20 09:35:19'),
(2695, 15, 'Present', 'Manual', '2019-03-20 09:35:19'),
(2696, 16, 'Absent', 'Manual', '2019-03-20 09:35:19'),
(2697, 17, 'Present', 'Manual', '2019-03-20 09:35:19'),
(2698, 18, 'Present', 'Manual', '2019-03-20 09:35:19'),
(2699, 19, 'Present', 'Manual', '2019-03-20 09:35:19'),
(2700, 20, 'Present', 'Manual', '2019-03-20 09:35:19'),
(2701, 21, 'Present', 'Manual', '2019-03-20 09:35:19'),
(2702, 22, 'Present', 'Manual', '2019-03-20 09:35:19'),
(2703, 23, 'Present', 'Manual', '2019-03-20 09:35:19'),
(2704, 24, 'Present', 'Manual', '2019-03-20 09:35:19'),
(2705, 25, 'Present', 'Manual', '2019-03-20 09:35:19'),
(2706, 26, 'Present', 'Manual', '2019-03-20 09:35:19'),
(2707, 27, 'Present', 'Manual', '2019-03-20 09:35:19'),
(2708, 28, 'Present', 'Manual', '2019-03-20 09:35:19'),
(2709, 29, 'Present', 'Manual', '2019-03-20 09:35:19'),
(2710, 30, 'Present', 'Manual', '2019-03-20 09:35:19'),
(2711, 31, 'Present', 'Manual', '2019-03-20 09:35:19'),
(2712, 32, 'Present', 'Manual', '2019-03-20 09:35:19'),
(2713, 33, 'Present', 'Manual', '2019-03-20 09:35:19'),
(2714, 34, 'Present', 'Manual', '2019-03-20 09:35:19'),
(2715, 35, 'Absent', 'Manual', '2019-03-20 09:35:19'),
(2716, 36, 'Present', 'Manual', '2019-03-20 09:35:19'),
(2717, 37, 'Present', 'Manual', '2019-03-20 09:35:19'),
(2718, 38, 'Absent', 'Manual', '2019-03-20 09:35:19'),
(2719, 39, 'Present', 'Manual', '2019-03-20 09:35:19'),
(2720, 40, 'Present', 'Manual', '2019-03-20 09:35:19'),
(2721, 41, 'Present', 'Manual', '2019-03-20 09:35:19'),
(2722, 42, 'Present', 'Manual', '2019-03-20 09:35:19'),
(2723, 43, 'Present', 'Manual', '2019-03-20 09:35:19'),
(2724, 44, 'Absent', 'Manual', '2019-03-20 09:35:19'),
(2725, 45, 'Present', 'Manual', '2019-03-20 09:35:19'),
(2726, 46, 'Present', 'Manual', '2019-03-20 09:35:19'),
(2727, 47, 'Present', 'Manual', '2019-03-20 09:35:19'),
(2728, 48, 'Present', 'Manual', '2019-03-20 09:35:19'),
(2729, 49, 'Present', 'Manual', '2019-03-20 09:35:19'),
(2730, 50, 'Present', 'Manual', '2019-03-20 09:35:19'),
(2731, 51, 'Present', 'Manual', '2019-03-20 09:35:19'),
(2732, 52, 'Present', 'Manual', '2019-03-20 09:35:19'),
(2733, 53, 'Present', 'Manual', '2019-03-20 09:35:19'),
(2734, 54, 'Present', 'Manual', '2019-03-20 09:35:19'),
(2735, 55, 'Present', 'Manual', '2019-03-20 09:35:19'),
(2736, 56, 'Present', 'Manual', '2019-03-20 09:35:19'),
(2737, 57, 'Present', 'Manual', '2019-03-20 09:35:19'),
(2738, 58, 'Present', 'Manual', '2019-03-20 09:35:19'),
(2739, 59, 'Present', 'Manual', '2019-03-20 09:35:19'),
(2740, 61, 'Present', 'Manual', '2019-03-20 09:35:19'),
(2741, 62, 'Present', 'Manual', '2019-03-20 09:35:19'),
(2742, 63, 'Present', 'Manual', '2019-03-20 09:35:19'),
(2743, 64, 'Present', 'Manual', '2019-03-20 09:35:19'),
(2744, 65, 'Present', 'Manual', '2019-03-20 09:35:19'),
(2745, 66, 'Absent', 'Manual', '2019-03-20 09:35:19'),
(2746, 67, 'Present', 'Manual', '2019-03-20 09:35:19'),
(2747, 68, 'Absent', 'Manual', '2019-03-20 09:35:19'),
(2748, 69, 'Present', 'Manual', '2019-03-20 09:35:19'),
(2749, 70, 'Absent', 'Manual', '2019-03-20 09:35:19'),
(2750, 71, 'Present', 'Manual', '2019-03-20 09:35:19'),
(2751, 72, 'Present', 'Manual', '2019-03-20 09:35:19'),
(2752, 73, 'Present', 'Manual', '2019-03-20 09:35:19'),
(2753, 74, 'Present', 'Manual', '2019-03-20 09:35:19'),
(2754, 75, 'Present', 'Manual', '2019-03-20 09:35:19'),
(2755, 76, 'Present', 'Manual', '2019-03-20 09:35:19'),
(2756, 77, 'Present', 'Manual', '2019-03-20 09:35:19'),
(2757, 78, 'Present', 'Manual', '2019-03-20 09:35:19'),
(2758, 79, 'Present', 'Manual', '2019-03-20 09:35:19'),
(2759, 80, 'Present', 'Manual', '2019-03-20 09:35:19'),
(2760, 81, 'Present', 'Manual', '2019-03-20 09:35:19'),
(2761, 82, 'Absent', 'Manual', '2019-03-20 09:35:19'),
(2762, 83, 'Present', 'Manual', '2019-03-20 09:35:19'),
(2763, 84, 'Present', 'Manual', '2019-03-20 09:35:19'),
(2764, 85, 'Present', 'Manual', '2019-03-20 09:35:19'),
(2765, 86, 'Present', 'Manual', '2019-03-20 09:35:19'),
(2766, 87, 'Present', 'Manual', '2019-03-20 09:35:19'),
(2767, 88, 'Absent', 'Manual', '2019-03-20 09:35:19'),
(2768, 89, 'Present', 'Manual', '2019-03-20 09:35:19');
INSERT INTO `attandance` (`id`, `student_id`, `status`, `attandance_status`, `time_to_show`) VALUES
(2769, 90, 'Present', 'Manual', '2019-03-20 09:35:19'),
(2770, 91, 'Present', 'Manual', '2019-03-20 09:35:19'),
(2771, 92, 'Present', 'Manual', '2019-03-20 09:35:19'),
(2772, 93, 'Absent', 'Manual', '2019-03-20 09:35:19'),
(2773, 94, 'Present', 'Manual', '2019-03-20 09:35:19'),
(2774, 95, 'Present', 'Manual', '2019-03-20 09:35:19'),
(2775, 96, 'Absent', 'Manual', '2019-03-20 09:35:19'),
(2776, 97, 'Absent', 'Manual', '2019-03-20 09:35:19'),
(2777, 98, 'Present', 'Manual', '2019-03-20 09:35:19'),
(2778, 99, 'Present', 'Manual', '2019-03-20 09:35:19'),
(2779, 100, 'Present', 'Manual', '2019-03-20 09:35:19'),
(2780, 101, 'Present', 'Manual', '2019-03-20 09:35:19'),
(2781, 102, 'Present', 'Manual', '2019-03-20 09:35:19'),
(2782, 103, 'Present', 'Manual', '2019-03-20 09:35:19'),
(2783, 104, 'Present', 'Manual', '2019-03-20 09:35:19'),
(2784, 105, 'Present', 'Manual', '2019-03-20 09:35:19'),
(2785, 106, 'Present', 'Manual', '2019-03-20 09:35:19'),
(2786, 107, 'Present', 'Manual', '2019-03-20 09:35:19'),
(2787, 108, 'Present', 'Manual', '2019-03-20 09:35:19'),
(2788, 109, 'Present', 'Manual', '2019-03-20 09:35:19'),
(2789, 110, 'Present', 'Manual', '2019-03-20 09:35:19'),
(2790, 111, 'Present', 'Manual', '2019-03-20 09:35:19'),
(2791, 112, 'Present', 'Manual', '2019-03-20 09:35:19'),
(2792, 113, 'Present', 'Manual', '2019-03-20 09:35:19'),
(2793, 114, 'Absent', 'Manual', '2019-03-20 09:35:19'),
(2794, 115, 'Present', 'Manual', '2019-03-20 09:35:19'),
(2795, 116, 'Absent', 'Manual', '2019-03-20 09:35:19'),
(2796, 117, 'Present', 'Manual', '2019-03-20 09:35:19'),
(2797, 118, 'Present', 'Manual', '2019-03-20 09:35:19'),
(2798, 119, 'Present', 'Manual', '2019-03-20 09:35:19'),
(2799, 120, 'Present', 'Manual', '2019-03-20 09:35:19'),
(2800, 121, 'Present', 'Manual', '2019-03-20 09:35:19'),
(2801, 122, 'Present', 'Manual', '2019-03-20 09:35:19'),
(2802, 123, 'Present', 'Manual', '2019-03-20 09:35:19'),
(2803, 124, 'Present', 'Manual', '2019-03-20 09:35:19'),
(2804, 125, 'Absent', 'Manual', '2019-03-20 09:35:19'),
(2805, 126, 'Present', 'Manual', '2019-03-20 09:35:19'),
(2806, 127, 'Present', 'Manual', '2019-03-20 09:35:19'),
(2807, 128, 'Present', 'Manual', '2019-03-20 09:35:19'),
(2808, 129, 'Absent', 'Manual', '2019-03-20 09:35:19'),
(2809, 130, 'Present', 'Manual', '2019-03-20 09:35:19'),
(2810, 131, 'Present', 'Manual', '2019-03-20 09:35:19'),
(2811, 132, 'Present', 'Manual', '2019-03-20 09:35:19'),
(2812, 133, 'Present', 'Manual', '2019-03-20 09:35:19'),
(2813, 134, 'Present', 'Manual', '2019-03-20 09:35:19'),
(2814, 135, 'Present', 'Manual', '2019-03-20 09:35:19'),
(2815, 136, 'Present', 'Manual', '2019-03-20 09:35:19'),
(2816, 137, 'Present', 'Manual', '2019-03-20 09:35:19'),
(2817, 138, 'Present', 'Manual', '2019-03-20 09:35:19'),
(2818, 139, 'Present', 'Manual', '2019-03-20 09:35:19'),
(2819, 140, 'Present', 'Manual', '2019-03-20 09:35:19'),
(2820, 141, 'Present', 'Manual', '2019-03-20 09:35:19'),
(2821, 142, 'Present', 'Manual', '2019-03-20 09:35:19'),
(2822, 143, 'Present', 'Manual', '2019-03-20 09:35:19'),
(2823, 144, 'Present', 'Manual', '2019-03-20 09:35:19'),
(2824, 145, 'Present', 'Manual', '2019-03-20 09:35:19'),
(2825, 146, 'Present', 'Manual', '2019-03-20 09:35:19'),
(2826, 147, 'Present', 'Manual', '2019-03-20 09:35:19'),
(2827, 148, 'Absent', 'Manual', '2019-03-20 09:35:19'),
(2828, 149, 'Absent', 'Manual', '2019-03-20 09:35:19'),
(2829, 150, 'Present', 'Manual', '2019-03-20 09:35:19'),
(2830, 151, 'Present', 'Manual', '2019-03-20 09:35:19'),
(2831, 152, 'Present', 'Manual', '2019-03-20 09:35:19'),
(2832, 153, 'Present', 'Manual', '2019-03-20 09:35:19'),
(2833, 154, 'Present', 'Manual', '2019-03-20 09:35:19'),
(2834, 155, 'Present', 'Manual', '2019-03-20 09:35:19'),
(2835, 157, 'Present', 'Manual', '2019-03-20 09:35:19'),
(2836, 158, 'Present', 'Manual', '2019-03-20 09:35:19'),
(2837, 159, 'Present', 'Manual', '2019-03-20 09:35:19'),
(2838, 160, 'Present', 'Manual', '2019-03-20 09:35:19'),
(2839, 161, 'Present', 'Manual', '2019-03-20 09:35:19'),
(2840, 162, 'Present', 'Manual', '2019-03-20 09:35:19'),
(2841, 163, 'Present', 'Manual', '2019-03-20 09:35:19'),
(2842, 164, 'Present', 'Manual', '2019-03-20 09:35:19'),
(2843, 165, 'Present', 'Manual', '2019-03-20 09:35:19'),
(2844, 166, 'Present', 'Manual', '2019-03-20 09:35:19'),
(2845, 167, 'Present', 'Manual', '2019-03-20 09:35:19'),
(2846, 168, 'Present', 'Manual', '2019-03-20 09:35:19'),
(2847, 169, 'Present', 'Manual', '2019-03-20 09:35:19'),
(2848, 170, 'Present', 'Manual', '2019-03-20 09:35:19'),
(2849, 171, 'Present', 'Manual', '2019-03-20 09:35:19'),
(2850, 172, 'Present', 'Manual', '2019-03-20 09:35:19'),
(2851, 173, 'Present', 'Manual', '2019-03-20 09:35:19'),
(2852, 174, 'Present', 'Manual', '2019-03-20 09:35:19'),
(2853, 175, 'Present', 'Manual', '2019-03-20 09:35:19'),
(2854, 176, 'Present', 'Manual', '2019-03-20 09:35:19'),
(2855, 177, 'Present', 'Manual', '2019-03-20 09:35:19'),
(2856, 178, 'Present', 'Manual', '2019-03-20 09:35:19'),
(2857, 179, 'Present', 'Manual', '2019-03-20 09:35:19'),
(2858, 180, 'Present', 'Manual', '2019-03-20 09:35:19'),
(2859, 181, 'Present', 'Manual', '2019-03-20 09:35:19'),
(2860, 182, 'Present', 'Manual', '2019-03-20 09:35:19'),
(2861, 183, 'Present', 'Manual', '2019-03-20 09:35:19'),
(2862, 184, 'Present', 'Manual', '2019-03-20 09:35:19'),
(2863, 185, 'Present', 'Manual', '2019-03-20 09:35:19'),
(2864, 186, 'Present', 'Manual', '2019-03-20 09:35:19'),
(2865, 187, 'Present', 'Manual', '2019-03-20 09:35:19'),
(2866, 188, 'Present', 'Manual', '2019-03-20 09:35:19'),
(2867, 189, 'Present', 'Manual', '2019-03-20 09:35:19'),
(2868, 190, 'Present', 'Manual', '2019-03-20 09:35:19'),
(2869, 191, 'Present', 'Manual', '2019-03-20 09:35:19'),
(2870, 192, 'Present', 'Manual', '2019-03-20 09:35:19'),
(2871, 193, 'Present', 'Manual', '2019-03-20 09:35:19'),
(2872, 194, 'Present', 'Manual', '2019-03-20 09:35:19'),
(2873, 195, 'Present', 'Manual', '2019-03-20 09:35:19'),
(2874, 196, 'Present', 'Manual', '2019-03-20 09:35:19'),
(2875, 197, 'Present', 'Manual', '2019-03-20 09:35:19'),
(2876, 198, 'Present', 'Manual', '2019-03-20 09:35:19'),
(2877, 200, 'Present', 'Manual', '2019-03-20 09:35:19'),
(2878, 201, 'Present', 'Manual', '2019-03-20 09:35:19'),
(2879, 202, 'Present', 'Manual', '2019-03-20 09:35:19'),
(2880, 203, 'Present', 'Manual', '2019-03-20 09:35:19'),
(2881, 204, 'Present', 'Manual', '2019-03-20 09:35:19'),
(2882, 205, 'Present', 'Manual', '2019-03-20 09:35:19'),
(2883, 206, 'Present', 'Manual', '2019-03-20 09:35:19'),
(2884, 207, 'Present', 'Manual', '2019-03-20 09:35:20'),
(2885, 208, 'Present', 'Manual', '2019-03-20 09:35:20'),
(2886, 209, 'Present', 'Manual', '2019-03-20 09:35:20'),
(2887, 210, 'Present', 'Manual', '2019-03-20 09:35:20'),
(2888, 211, 'Present', 'Manual', '2019-03-20 09:35:20'),
(2889, 212, 'Present', 'Manual', '2019-03-20 09:35:20'),
(2890, 213, 'Present', 'Manual', '2019-03-20 09:35:20'),
(2891, 214, 'Present', 'Manual', '2019-03-20 09:35:20'),
(2892, 215, 'Present', 'Manual', '2019-03-20 09:35:20'),
(2893, 216, 'Present', 'Manual', '2019-03-20 09:35:20'),
(2894, 217, 'Present', 'Manual', '2019-03-20 09:35:20'),
(2895, 218, 'Present', 'Manual', '2019-03-20 09:35:20'),
(2896, 219, 'Present', 'Manual', '2019-03-20 09:35:20'),
(2897, 220, 'Present', 'Manual', '2019-03-20 09:35:20'),
(2898, 221, 'Present', 'Manual', '2019-03-20 09:35:20'),
(2899, 222, 'Present', 'Manual', '2019-03-20 09:35:20'),
(2900, 223, 'Present', 'Manual', '2019-03-20 09:35:20'),
(2901, 225, 'Present', 'Manual', '2019-03-20 09:35:20'),
(2902, 226, 'Present', 'Manual', '2019-03-20 09:35:20'),
(2903, 234, 'Present', 'Manual', '2019-03-20 09:35:20'),
(2904, 235, 'Present', 'Manual', '2019-03-20 09:35:20'),
(2905, 1, 'Absent', 'Manual', '2019-03-21 12:09:44'),
(2906, 2, 'Present', 'Manual', '2019-03-21 12:09:44'),
(2907, 3, 'Present', 'Manual', '2019-03-21 12:09:44'),
(2908, 4, 'Present', 'Manual', '2019-03-21 12:09:44'),
(2909, 5, 'Present', 'Manual', '2019-03-21 12:09:44'),
(2910, 6, 'Present', 'Manual', '2019-03-21 12:09:44'),
(2911, 7, 'Present', 'Manual', '2019-03-21 12:09:44'),
(2912, 8, 'Present', 'Manual', '2019-03-21 12:09:44'),
(2913, 9, 'Present', 'Manual', '2019-03-21 12:09:44'),
(2914, 10, 'Present', 'Manual', '2019-03-21 12:09:44'),
(2915, 11, 'Present', 'Manual', '2019-03-21 12:09:44'),
(2916, 12, 'Present', 'Manual', '2019-03-21 12:09:44'),
(2917, 13, 'Present', 'Manual', '2019-03-21 12:09:44'),
(2918, 14, 'Present', 'Manual', '2019-03-21 12:09:44'),
(2919, 15, 'Present', 'Manual', '2019-03-21 12:09:44'),
(2920, 16, 'Absent', 'Manual', '2019-03-21 12:09:44'),
(2921, 17, 'Present', 'Manual', '2019-03-21 12:09:44'),
(2922, 18, 'Present', 'Manual', '2019-03-21 12:09:44'),
(2923, 19, 'Present', 'Manual', '2019-03-21 12:09:44'),
(2924, 20, 'Present', 'Manual', '2019-03-21 12:09:44'),
(2925, 21, 'Present', 'Manual', '2019-03-21 12:09:44'),
(2926, 22, 'Present', 'Manual', '2019-03-21 12:09:44'),
(2927, 23, 'Present', 'Manual', '2019-03-21 12:09:44'),
(2928, 24, 'Present', 'Manual', '2019-03-21 12:09:44'),
(2929, 25, 'Present', 'Manual', '2019-03-21 12:09:44'),
(2930, 26, 'Present', 'Manual', '2019-03-21 12:09:44'),
(2931, 27, 'Present', 'Manual', '2019-03-21 12:09:44'),
(2932, 28, 'Present', 'Manual', '2019-03-21 12:09:44'),
(2933, 29, 'Present', 'Manual', '2019-03-21 12:09:44'),
(2934, 30, 'Present', 'Manual', '2019-03-21 12:09:44'),
(2935, 31, 'Present', 'Manual', '2019-03-21 12:09:44'),
(2936, 32, 'Present', 'Manual', '2019-03-21 12:09:44'),
(2937, 33, 'Present', 'Manual', '2019-03-21 12:09:44'),
(2938, 34, 'Present', 'Manual', '2019-03-21 12:09:44'),
(2939, 35, 'Present', 'Manual', '2019-03-21 12:09:44'),
(2940, 36, 'Present', 'Manual', '2019-03-21 12:09:44'),
(2941, 37, 'Present', 'Manual', '2019-03-21 12:09:44'),
(2942, 38, 'Present', 'Manual', '2019-03-21 12:09:44'),
(2943, 39, 'Present', 'Manual', '2019-03-21 12:09:44'),
(2944, 40, 'Present', 'Manual', '2019-03-21 12:09:44'),
(2945, 41, 'Present', 'Manual', '2019-03-21 12:09:44'),
(2946, 42, 'Present', 'Manual', '2019-03-21 12:09:44'),
(2947, 43, 'Present', 'Manual', '2019-03-21 12:09:44'),
(2948, 44, 'Absent', 'Manual', '2019-03-21 12:09:44'),
(2949, 45, 'Present', 'Manual', '2019-03-21 12:09:44'),
(2950, 46, 'Present', 'Manual', '2019-03-21 12:09:44'),
(2951, 47, 'Present', 'Manual', '2019-03-21 12:09:44'),
(2952, 48, 'Present', 'Manual', '2019-03-21 12:09:44'),
(2953, 49, 'Present', 'Manual', '2019-03-21 12:09:44'),
(2954, 50, 'Present', 'Manual', '2019-03-21 12:09:44'),
(2955, 51, 'Present', 'Manual', '2019-03-21 12:09:44'),
(2956, 52, 'Present', 'Manual', '2019-03-21 12:09:44'),
(2957, 53, 'Present', 'Manual', '2019-03-21 12:09:44'),
(2958, 54, 'Absent', 'Manual', '2019-03-21 12:09:44'),
(2959, 55, 'Present', 'Manual', '2019-03-21 12:09:44'),
(2960, 56, 'Present', 'Manual', '2019-03-21 12:09:44'),
(2961, 57, 'Present', 'Manual', '2019-03-21 12:09:44'),
(2962, 58, 'Present', 'Manual', '2019-03-21 12:09:44'),
(2963, 59, 'Present', 'Manual', '2019-03-21 12:09:44'),
(2964, 61, 'Present', 'Manual', '2019-03-21 12:09:44'),
(2965, 62, 'Present', 'Manual', '2019-03-21 12:09:44'),
(2966, 63, 'Present', 'Manual', '2019-03-21 12:09:44'),
(2967, 64, 'Present', 'Manual', '2019-03-21 12:09:44'),
(2968, 65, 'Present', 'Manual', '2019-03-21 12:09:44'),
(2969, 66, 'Present', 'Manual', '2019-03-21 12:09:44'),
(2970, 67, 'Present', 'Manual', '2019-03-21 12:09:44'),
(2971, 68, 'Absent', 'Manual', '2019-03-21 12:09:44'),
(2972, 69, 'Present', 'Manual', '2019-03-21 12:09:44'),
(2973, 70, 'Present', 'Manual', '2019-03-21 12:09:44'),
(2974, 71, 'Present', 'Manual', '2019-03-21 12:09:44'),
(2975, 72, 'Present', 'Manual', '2019-03-21 12:09:44'),
(2976, 73, 'Present', 'Manual', '2019-03-21 12:09:44'),
(2977, 74, 'Present', 'Manual', '2019-03-21 12:09:44'),
(2978, 75, 'Present', 'Manual', '2019-03-21 12:09:44'),
(2979, 76, 'Present', 'Manual', '2019-03-21 12:09:44'),
(2980, 77, 'Present', 'Manual', '2019-03-21 12:09:44'),
(2981, 78, 'Present', 'Manual', '2019-03-21 12:09:44'),
(2982, 79, 'Present', 'Manual', '2019-03-21 12:09:44'),
(2983, 80, 'Present', 'Manual', '2019-03-21 12:09:44'),
(2984, 81, 'Present', 'Manual', '2019-03-21 12:09:44'),
(2985, 82, 'Absent', 'Manual', '2019-03-21 12:09:44'),
(2986, 83, 'Present', 'Manual', '2019-03-21 12:09:44'),
(2987, 84, 'Present', 'Manual', '2019-03-21 12:09:44'),
(2988, 85, 'Present', 'Manual', '2019-03-21 12:09:44'),
(2989, 86, 'Present', 'Manual', '2019-03-21 12:09:44'),
(2990, 87, 'Present', 'Manual', '2019-03-21 12:09:44'),
(2991, 88, 'Absent', 'Manual', '2019-03-21 12:09:44'),
(2992, 89, 'Present', 'Manual', '2019-03-21 12:09:44'),
(2993, 90, 'Present', 'Manual', '2019-03-21 12:09:44'),
(2994, 91, 'Present', 'Manual', '2019-03-21 12:09:44'),
(2995, 92, 'Present', 'Manual', '2019-03-21 12:09:44'),
(2996, 93, 'Absent', 'Manual', '2019-03-21 12:09:44'),
(2997, 94, 'Present', 'Manual', '2019-03-21 12:09:44'),
(2998, 95, 'Present', 'Manual', '2019-03-21 12:09:44'),
(2999, 96, 'Present', 'Manual', '2019-03-21 12:09:44'),
(3000, 97, 'Present', 'Manual', '2019-03-21 12:09:44'),
(3001, 98, 'Present', 'Manual', '2019-03-21 12:09:44'),
(3002, 99, 'Present', 'Manual', '2019-03-21 12:09:44'),
(3003, 100, 'Present', 'Manual', '2019-03-21 12:09:44'),
(3004, 101, 'Present', 'Manual', '2019-03-21 12:09:44'),
(3005, 102, 'Present', 'Manual', '2019-03-21 12:09:44'),
(3006, 103, 'Present', 'Manual', '2019-03-21 12:09:44'),
(3007, 104, 'Present', 'Manual', '2019-03-21 12:09:44'),
(3008, 105, 'Present', 'Manual', '2019-03-21 12:09:44'),
(3009, 106, 'Present', 'Manual', '2019-03-21 12:09:44'),
(3010, 107, 'Present', 'Manual', '2019-03-21 12:09:44'),
(3011, 108, 'Present', 'Manual', '2019-03-21 12:09:44'),
(3012, 109, 'Present', 'Manual', '2019-03-21 12:09:44'),
(3013, 110, 'Present', 'Manual', '2019-03-21 12:09:44'),
(3014, 111, 'Present', 'Manual', '2019-03-21 12:09:44'),
(3015, 112, 'Present', 'Manual', '2019-03-21 12:09:44'),
(3016, 113, 'Present', 'Manual', '2019-03-21 12:09:44'),
(3017, 114, 'Present', 'Manual', '2019-03-21 12:09:44'),
(3018, 115, 'Present', 'Manual', '2019-03-21 12:09:44'),
(3019, 116, 'Absent', 'Manual', '2019-03-21 12:09:44'),
(3020, 117, 'Present', 'Manual', '2019-03-21 12:09:44'),
(3021, 118, 'Present', 'Manual', '2019-03-21 12:09:44'),
(3022, 119, 'Present', 'Manual', '2019-03-21 12:09:44'),
(3023, 120, 'Present', 'Manual', '2019-03-21 12:09:44'),
(3024, 121, 'Present', 'Manual', '2019-03-21 12:09:44'),
(3025, 122, 'Present', 'Manual', '2019-03-21 12:09:44'),
(3026, 123, 'Present', 'Manual', '2019-03-21 12:09:44'),
(3027, 124, 'Present', 'Manual', '2019-03-21 12:09:44'),
(3028, 125, 'Absent', 'Manual', '2019-03-21 12:09:44'),
(3029, 126, 'Present', 'Manual', '2019-03-21 12:09:44'),
(3030, 127, 'Present', 'Manual', '2019-03-21 12:09:44'),
(3031, 128, 'Present', 'Manual', '2019-03-21 12:09:44'),
(3032, 129, 'Absent', 'Manual', '2019-03-21 12:09:44'),
(3033, 130, 'Present', 'Manual', '2019-03-21 12:09:44'),
(3034, 131, 'Present', 'Manual', '2019-03-21 12:09:44'),
(3035, 132, 'Present', 'Manual', '2019-03-21 12:09:44'),
(3036, 133, 'Absent', 'Manual', '2019-03-21 12:09:44'),
(3037, 134, 'Present', 'Manual', '2019-03-21 12:09:44'),
(3038, 135, 'Present', 'Manual', '2019-03-21 12:09:44'),
(3039, 136, 'Present', 'Manual', '2019-03-21 12:09:44'),
(3040, 137, 'Present', 'Manual', '2019-03-21 12:09:44'),
(3041, 138, 'Present', 'Manual', '2019-03-21 12:09:44'),
(3042, 139, 'Absent', 'Manual', '2019-03-21 12:09:44'),
(3043, 140, 'Present', 'Manual', '2019-03-21 12:09:44'),
(3044, 141, 'Present', 'Manual', '2019-03-21 12:09:44'),
(3045, 142, 'Present', 'Manual', '2019-03-21 12:09:44'),
(3046, 143, 'Present', 'Manual', '2019-03-21 12:09:44'),
(3047, 144, 'Present', 'Manual', '2019-03-21 12:09:44'),
(3048, 145, 'Present', 'Manual', '2019-03-21 12:09:44'),
(3049, 146, 'Present', 'Manual', '2019-03-21 12:09:44'),
(3050, 147, 'Present', 'Manual', '2019-03-21 12:09:44'),
(3051, 148, 'Present', 'Manual', '2019-03-21 12:09:44'),
(3052, 149, 'Present', 'Manual', '2019-03-21 12:09:44'),
(3053, 150, 'Present', 'Manual', '2019-03-21 12:09:44'),
(3054, 151, 'Present', 'Manual', '2019-03-21 12:09:44'),
(3055, 152, 'Present', 'Manual', '2019-03-21 12:09:44'),
(3056, 153, 'Present', 'Manual', '2019-03-21 12:09:44'),
(3057, 154, 'Present', 'Manual', '2019-03-21 12:09:44'),
(3058, 155, 'Present', 'Manual', '2019-03-21 12:09:44'),
(3059, 157, 'Present', 'Manual', '2019-03-21 12:09:44'),
(3060, 158, 'Present', 'Manual', '2019-03-21 12:09:44'),
(3061, 159, 'Present', 'Manual', '2019-03-21 12:09:44'),
(3062, 160, 'Present', 'Manual', '2019-03-21 12:09:44'),
(3063, 161, 'Present', 'Manual', '2019-03-21 12:09:44'),
(3064, 162, 'Present', 'Manual', '2019-03-21 12:09:44'),
(3065, 163, 'Present', 'Manual', '2019-03-21 12:09:44'),
(3066, 164, 'Present', 'Manual', '2019-03-21 12:09:44'),
(3067, 165, 'Present', 'Manual', '2019-03-21 12:09:44'),
(3068, 166, 'Present', 'Manual', '2019-03-21 12:09:44'),
(3069, 167, 'Present', 'Manual', '2019-03-21 12:09:44'),
(3070, 168, 'Present', 'Manual', '2019-03-21 12:09:44'),
(3071, 169, 'Present', 'Manual', '2019-03-21 12:09:44'),
(3072, 170, 'Present', 'Manual', '2019-03-21 12:09:44'),
(3073, 171, 'Present', 'Manual', '2019-03-21 12:09:44'),
(3074, 172, 'Present', 'Manual', '2019-03-21 12:09:44'),
(3075, 173, 'Present', 'Manual', '2019-03-21 12:09:44'),
(3076, 174, 'Present', 'Manual', '2019-03-21 12:09:44'),
(3077, 175, 'Present', 'Manual', '2019-03-21 12:09:44'),
(3078, 176, 'Present', 'Manual', '2019-03-21 12:09:44'),
(3079, 177, 'Present', 'Manual', '2019-03-21 12:09:44'),
(3080, 178, 'Present', 'Manual', '2019-03-21 12:09:44'),
(3081, 179, 'Present', 'Manual', '2019-03-21 12:09:44'),
(3082, 180, 'Present', 'Manual', '2019-03-21 12:09:44'),
(3083, 181, 'Present', 'Manual', '2019-03-21 12:09:44'),
(3084, 182, 'Present', 'Manual', '2019-03-21 12:09:44'),
(3085, 183, 'Present', 'Manual', '2019-03-21 12:09:44'),
(3086, 184, 'Present', 'Manual', '2019-03-21 12:09:44'),
(3087, 185, 'Present', 'Manual', '2019-03-21 12:09:44'),
(3088, 186, 'Present', 'Manual', '2019-03-21 12:09:44'),
(3089, 187, 'Present', 'Manual', '2019-03-21 12:09:44'),
(3090, 188, 'Present', 'Manual', '2019-03-21 12:09:44'),
(3091, 189, 'Present', 'Manual', '2019-03-21 12:09:44'),
(3092, 190, 'Present', 'Manual', '2019-03-21 12:09:44'),
(3093, 191, 'Present', 'Manual', '2019-03-21 12:09:44'),
(3094, 192, 'Present', 'Manual', '2019-03-21 12:09:44'),
(3095, 193, 'Present', 'Manual', '2019-03-21 12:09:44'),
(3096, 194, 'Present', 'Manual', '2019-03-21 12:09:44'),
(3097, 195, 'Present', 'Manual', '2019-03-21 12:09:44'),
(3098, 196, 'Present', 'Manual', '2019-03-21 12:09:44'),
(3099, 197, 'Present', 'Manual', '2019-03-21 12:09:44'),
(3100, 198, 'Present', 'Manual', '2019-03-21 12:09:44'),
(3101, 200, 'Present', 'Manual', '2019-03-21 12:09:44'),
(3102, 201, 'Present', 'Manual', '2019-03-21 12:09:44'),
(3103, 202, 'Present', 'Manual', '2019-03-21 12:09:44'),
(3104, 203, 'Present', 'Manual', '2019-03-21 12:09:44'),
(3105, 204, 'Present', 'Manual', '2019-03-21 12:09:44'),
(3106, 205, 'Present', 'Manual', '2019-03-21 12:09:44'),
(3107, 206, 'Present', 'Manual', '2019-03-21 12:09:44'),
(3108, 207, 'Present', 'Manual', '2019-03-21 12:09:44'),
(3109, 208, 'Present', 'Manual', '2019-03-21 12:09:44'),
(3110, 209, 'Present', 'Manual', '2019-03-21 12:09:44'),
(3111, 210, 'Present', 'Manual', '2019-03-21 12:09:44'),
(3112, 211, 'Present', 'Manual', '2019-03-21 12:09:44'),
(3113, 212, 'Present', 'Manual', '2019-03-21 12:09:44'),
(3114, 213, 'Present', 'Manual', '2019-03-21 12:09:44'),
(3115, 214, 'Present', 'Manual', '2019-03-21 12:09:44'),
(3116, 215, 'Present', 'Manual', '2019-03-21 12:09:44'),
(3117, 216, 'Present', 'Manual', '2019-03-21 12:09:44'),
(3118, 217, 'Present', 'Manual', '2019-03-21 12:09:44'),
(3119, 218, 'Present', 'Manual', '2019-03-21 12:09:44'),
(3120, 219, 'Present', 'Manual', '2019-03-21 12:09:44'),
(3121, 220, 'Present', 'Manual', '2019-03-21 12:09:44'),
(3122, 221, 'Present', 'Manual', '2019-03-21 12:09:44'),
(3123, 222, 'Present', 'Manual', '2019-03-21 12:09:44'),
(3124, 223, 'Present', 'Manual', '2019-03-21 12:09:44'),
(3125, 225, 'Present', 'Manual', '2019-03-21 12:09:44'),
(3126, 226, 'Present', 'Manual', '2019-03-21 12:09:44'),
(3127, 234, 'Present', 'Manual', '2019-03-21 12:09:44'),
(3128, 235, 'Present', 'Manual', '2019-03-21 12:09:44');

-- --------------------------------------------------------

--
-- Table structure for table `class`
--

CREATE TABLE `class` (
  `classid` int(100) NOT NULL,
  `class_name` varchar(100) NOT NULL,
  `class_fee` int(200) NOT NULL,
  `teacher_id` int(100) NOT NULL,
  `class_status` varchar(200) NOT NULL,
  `running_status` varchar(200) NOT NULL,
  `Date` datetime NOT NULL DEFAULT CURRENT_TIMESTAMP
) ENGINE=InnoDB DEFAULT CHARSET=latin1;

--
-- Dumping data for table `class`
--

INSERT INTO `class` (`classid`, `class_name`, `class_fee`, `teacher_id`, `class_status`, `running_status`, `Date`) VALUES
(3, '1st Year (A.Q.K.M)', 62000, 2, 'Semester', 'Active', '2019-02-14 11:17:06'),
(4, '1st Year (Iqbal.E)', 62000, 2, 'Semester', 'Active', '2019-02-14 11:20:03'),
(5, '1st Year (Saheen.E)', 62000, 2, 'Semester', 'Active', '2019-02-14 11:20:31'),
(6, '1st Year (Johar.E)', 62000, 2, 'Semester', 'Active', '2019-02-14 11:21:05'),
(7, '1st Year (ICS)', 50000, 2, 'Semester', 'Active', '2019-02-14 11:21:37'),
(8, '9th (Ali)', 36000, 2, 'Monthly', 'Active', '2019-02-14 11:23:16'),
(9, '9th (Usman)', 36000, 2, 'Monthly', 'Active', '2019-02-14 11:23:34'),
(10, '9th (IT)', 36000, 2, 'Monthly', 'Active', '2019-02-14 11:24:12'),
(11, '1st Year (Johar.M)', 62000, 2, 'Semester', 'Active', '2019-02-14 14:06:30');

-- --------------------------------------------------------

--
-- Table structure for table `custom_fee`
--

CREATE TABLE `custom_fee` (
  `custom_feeid` int(200) NOT NULL,
  `memo` varchar(200) NOT NULL,
  `class_id` varchar(200) NOT NULL,
  `custom_fee` int(200) NOT NULL,
  `custom_status` varchar(200) NOT NULL,
  `due_date` date NOT NULL,
  `create_on` datetime NOT NULL DEFAULT CURRENT_TIMESTAMP
) ENGINE=InnoDB DEFAULT CHARSET=latin1;

--
-- Dumping data for table `custom_fee`
--

INSERT INTO `custom_fee` (`custom_feeid`, `memo`, `class_id`, `custom_fee`, `custom_status`, `due_date`, `create_on`) VALUES
(6, 'Party Fund', '5, 7, 9, 11', 1000, 'Active', '2019-03-31', '2019-03-22 13:59:35'),
(7, 'Paper Fund', '4, 5', 500, 'Active', '2019-03-29', '2019-03-22 14:11:13');

-- --------------------------------------------------------

--
-- Table structure for table `exams`
--

CREATE TABLE `exams` (
  `examid` int(100) NOT NULL,
  `exam_name` varchar(100) NOT NULL,
  `exam_date` date NOT NULL,
  `exam_comment` text NOT NULL,
  `exam_status` varchar(200) NOT NULL
) ENGINE=InnoDB DEFAULT CHARSET=latin1;

--
-- Dumping data for table `exams`
--

INSERT INTO `exams` (`examid`, `exam_name`, `exam_date`, `exam_comment`, `exam_status`) VALUES
(1, 'T-3', '2019-02-24', '25-02-2019', 'Active'),
(2, 't-4', '2019-03-08', 'this is testing', 'Active');

-- --------------------------------------------------------

--
-- Table structure for table `guest_student`
--

CREATE TABLE `guest_student` (
  `id` int(255) NOT NULL,
  `student_name` varchar(255) NOT NULL,
  `father_name` varchar(255) NOT NULL,
  `father_business` varchar(255) NOT NULL,
  `previous_institute` varchar(255) NOT NULL,
  `class` varchar(255) NOT NULL,
  `contact_number` varchar(255) NOT NULL,
  `address` varchar(255) NOT NULL,
  `source_info` varchar(255) NOT NULL,
  `Add_status` varchar(255) NOT NULL
) ENGINE=InnoDB DEFAULT CHARSET=latin1;

-- --------------------------------------------------------

--
-- Table structure for table `login`
--

CREATE TABLE `login` (
  `loginid` int(200) NOT NULL,
  `type` varchar(200) NOT NULL,
  `user_name` varchar(200) NOT NULL,
  `user_pass` varchar(200) NOT NULL,
  `create_on` datetime NOT NULL DEFAULT CURRENT_TIMESTAMP
) ENGINE=InnoDB DEFAULT CHARSET=latin1;

--
-- Dumping data for table `login`
--

INSERT INTO `login` (`loginid`, `type`, `user_name`, `user_pass`, `create_on`) VALUES
(1, 'Principal/Director', 'principal', '@dir', '2019-03-09 17:44:52'),
(2, 'General Manager', 'general', '@gen', '2019-03-09 17:44:52'),
(3, 'Finance Manager', 'finance', '@fen', '2019-03-09 17:46:51');

-- --------------------------------------------------------

--
-- Table structure for table `marks`
--

CREATE TABLE `marks` (
  `markid` int(200) NOT NULL,
  `student_id` int(200) NOT NULL,
  `class_id` int(200) NOT NULL,
  `subject_id` int(200) NOT NULL,
  `exam_id` int(200) NOT NULL,
  `mark_obt` int(200) NOT NULL,
  `total_mark` int(200) NOT NULL,
  `comment` text NOT NULL,
  `msg_status` varchar(200) NOT NULL
) ENGINE=InnoDB DEFAULT CHARSET=latin1;

--
-- Dumping data for table `marks`
--

INSERT INTO `marks` (`markid`, `student_id`, `class_id`, `subject_id`, `exam_id`, `mark_obt`, `total_mark`, `comment`, `msg_status`) VALUES
(1, 1, 3, 2, 1, 10, 40, '', 'Delivered'),
(2, 2, 3, 2, 1, 10, 40, '', 'Delivered'),
(3, 3, 3, 2, 1, 10, 40, '', 'Delivered'),
(4, 4, 3, 2, 1, 10, 40, '', 'Delivered'),
(5, 5, 3, 2, 1, 0, 40, '', 'Delivered Second Time'),
(6, 6, 3, 2, 1, 10, 40, '', 'Delivered'),
(7, 7, 3, 2, 1, 0, 40, '', 'Delivered'),
(8, 8, 3, 2, 1, 30, 40, '', 'Delivered'),
(9, 9, 3, 2, 1, 25, 40, '', 'Delivered'),
(10, 10, 3, 2, 1, 20, 40, '', 'Delivered'),
(11, 11, 3, 2, 1, 20, 40, '', 'Delivered'),
(12, 12, 3, 2, 1, 10, 40, '', 'Delivered'),
(13, 13, 3, 2, 1, 15, 40, '', 'Delivered'),
(14, 14, 3, 2, 1, 11, 40, '', 'Delivered'),
(15, 15, 3, 2, 1, 30, 40, '', 'Delivered'),
(16, 16, 3, 2, 1, 30, 40, '', 'Delivered'),
(17, 17, 3, 2, 1, 20, 40, '', 'Delivered'),
(18, 18, 3, 2, 1, 15, 40, '', 'Delivered'),
(19, 19, 3, 2, 1, 0, 40, '', 'Delivered'),
(20, 20, 3, 2, 1, 0, 40, '', 'Delivered'),
(21, 21, 3, 2, 1, 0, 40, '', 'Delivered'),
(22, 22, 3, 2, 1, 0, 40, '', 'Delivered'),
(23, 23, 3, 2, 1, 0, 40, '', 'Delivered'),
(24, 24, 3, 2, 1, 0, 40, '', 'Delivered'),
(25, 25, 3, 2, 1, 0, 40, '', 'Delivered'),
(26, 26, 3, 2, 1, 0, 40, '', 'Delivered'),
(27, 27, 3, 2, 1, 0, 40, '', 'Delivered'),
(28, 28, 3, 2, 1, 0, 40, '', 'Delivered'),
(29, 29, 3, 2, 1, 0, 40, '', 'Delivered'),
(30, 30, 3, 2, 1, 0, 40, '', 'Delivered'),
(31, 31, 3, 2, 1, 0, 40, '', 'Delivered'),
(32, 32, 3, 2, 1, 0, 40, '', 'Delivered'),
(33, 33, 3, 2, 1, 0, 40, '', 'Delivered'),
(34, 34, 3, 2, 1, 0, 40, '', 'Delivered'),
(35, 35, 3, 2, 1, 0, 40, '', 'Delivered'),
(36, 36, 3, 2, 1, 0, 40, '', 'Delivered'),
(37, 37, 3, 2, 1, 0, 40, '', 'Delivered'),
(38, 38, 3, 2, 1, 0, 40, '', 'Delivered'),
(39, 39, 3, 2, 1, 0, 40, '', 'Delivered'),
(40, 40, 3, 2, 1, 0, 40, '', 'Delivered'),
(41, 41, 3, 2, 1, 0, 40, '', 'Delivered'),
(42, 42, 3, 2, 1, 0, 40, '', 'Delivered'),
(43, 1, 3, 3, 1, 0, 40, '', 'Delivered'),
(44, 2, 3, 3, 1, 0, 40, '', 'Delivered'),
(45, 3, 3, 3, 1, 0, 40, '', 'Delivered'),
(46, 4, 3, 3, 1, 0, 40, '', 'Delivered'),
(47, 5, 3, 3, 1, 0, 40, '', 'Delivered Second Time'),
(48, 6, 3, 3, 1, 0, 40, '', 'Delivered'),
(49, 7, 3, 3, 1, 0, 40, '', 'Delivered'),
(50, 8, 3, 3, 1, 0, 40, '', 'Delivered'),
(51, 9, 3, 3, 1, 0, 40, '', 'Delivered'),
(52, 10, 3, 3, 1, 0, 40, '', 'Delivered'),
(53, 11, 3, 3, 1, 0, 40, '', 'Delivered'),
(54, 12, 3, 3, 1, 0, 40, '', 'Delivered'),
(55, 13, 3, 3, 1, 0, 40, '', 'Delivered'),
(56, 14, 3, 3, 1, 0, 40, '', 'Delivered'),
(57, 15, 3, 3, 1, 0, 40, '', 'Delivered'),
(58, 16, 3, 3, 1, 0, 40, '', 'Delivered'),
(59, 17, 3, 3, 1, 0, 40, '', 'Delivered'),
(60, 18, 3, 3, 1, 0, 40, '', 'Delivered'),
(61, 19, 3, 3, 1, 0, 40, '', 'Delivered'),
(62, 20, 3, 3, 1, 0, 40, '', 'Delivered'),
(63, 21, 3, 3, 1, 0, 40, '', 'Delivered'),
(64, 22, 3, 3, 1, 0, 40, '', 'Delivered'),
(65, 23, 3, 3, 1, 0, 40, '', 'Delivered'),
(66, 24, 3, 3, 1, 0, 40, '', 'Delivered'),
(67, 25, 3, 3, 1, 0, 40, '', 'Delivered'),
(68, 26, 3, 3, 1, 0, 40, '', 'Delivered'),
(69, 27, 3, 3, 1, 0, 40, '', 'Delivered'),
(70, 28, 3, 3, 1, 0, 40, '', 'Delivered'),
(71, 29, 3, 3, 1, 0, 40, '', 'Delivered'),
(72, 30, 3, 3, 1, 0, 40, '', 'Delivered'),
(73, 31, 3, 3, 1, 0, 40, '', 'Delivered'),
(74, 32, 3, 3, 1, 0, 40, '', 'Delivered'),
(75, 33, 3, 3, 1, 0, 40, '', 'Delivered'),
(76, 34, 3, 3, 1, 0, 40, '', 'Delivered'),
(77, 35, 3, 3, 1, 0, 40, '', 'Delivered'),
(78, 36, 3, 3, 1, 0, 40, '', 'Delivered'),
(79, 37, 3, 3, 1, 0, 40, '', 'Delivered'),
(80, 38, 3, 3, 1, 0, 40, '', 'Delivered'),
(81, 39, 3, 3, 1, 0, 40, '', 'Delivered'),
(82, 40, 3, 3, 1, 0, 40, '', 'Delivered'),
(83, 41, 3, 3, 1, 0, 40, '', 'Delivered'),
(84, 42, 3, 3, 1, 0, 40, '', 'Delivered'),
(85, 1, 3, 4, 1, 0, 40, '', 'Delivered'),
(86, 2, 3, 4, 1, 0, 40, '', 'Delivered'),
(87, 3, 3, 4, 1, 0, 40, '', 'Delivered'),
(88, 4, 3, 4, 1, 0, 40, '', 'Delivered'),
(89, 5, 3, 4, 1, 0, 40, '', 'Delivered Second Time'),
(90, 6, 3, 4, 1, 0, 40, '', 'Delivered'),
(91, 7, 3, 4, 1, 0, 40, '', 'Delivered'),
(92, 8, 3, 4, 1, 0, 40, '', 'Delivered'),
(93, 9, 3, 4, 1, 0, 40, '', 'Delivered'),
(94, 10, 3, 4, 1, 0, 40, '', 'Delivered'),
(95, 11, 3, 4, 1, 0, 40, '', 'Delivered'),
(96, 12, 3, 4, 1, 0, 40, '', 'Delivered'),
(97, 13, 3, 4, 1, 0, 40, '', 'Delivered'),
(98, 14, 3, 4, 1, 0, 40, '', 'Delivered'),
(99, 15, 3, 4, 1, 0, 40, '', 'Delivered'),
(100, 16, 3, 4, 1, 0, 40, '', 'Delivered'),
(101, 17, 3, 4, 1, 0, 40, '', 'Delivered'),
(102, 18, 3, 4, 1, 0, 40, '', 'Delivered'),
(103, 19, 3, 4, 1, 0, 40, '', 'Delivered'),
(104, 20, 3, 4, 1, 0, 40, '', 'Delivered'),
(105, 21, 3, 4, 1, 0, 40, '', 'Delivered'),
(106, 22, 3, 4, 1, 0, 40, '', 'Delivered'),
(107, 23, 3, 4, 1, 0, 40, '', 'Delivered'),
(108, 24, 3, 4, 1, 0, 40, '', 'Delivered'),
(109, 25, 3, 4, 1, 0, 40, '', 'Delivered'),
(110, 26, 3, 4, 1, 0, 40, '', 'Delivered'),
(111, 27, 3, 4, 1, 0, 40, '', 'Delivered'),
(112, 28, 3, 4, 1, 0, 40, '', 'Delivered'),
(113, 29, 3, 4, 1, 0, 40, '', 'Delivered'),
(114, 30, 3, 4, 1, 0, 40, '', 'Delivered'),
(115, 31, 3, 4, 1, 0, 40, '', 'Delivered'),
(116, 32, 3, 4, 1, 0, 40, '', 'Delivered'),
(117, 33, 3, 4, 1, 0, 40, '', 'Delivered'),
(118, 34, 3, 4, 1, 0, 40, '', 'Delivered'),
(119, 35, 3, 4, 1, 0, 40, '', 'Delivered'),
(120, 36, 3, 4, 1, 0, 40, '', 'Delivered'),
(121, 37, 3, 4, 1, 0, 40, '', 'Delivered'),
(122, 38, 3, 4, 1, 0, 40, '', 'Delivered'),
(123, 39, 3, 4, 1, 0, 40, '', 'Delivered'),
(124, 40, 3, 4, 1, 0, 40, '', 'Delivered'),
(125, 41, 3, 4, 1, 0, 40, '', 'Delivered'),
(126, 42, 3, 4, 1, 0, 40, '', 'Delivered'),
(127, 1, 3, 5, 1, 0, 40, '', 'Delivered'),
(128, 2, 3, 5, 1, 0, 40, '', 'Delivered'),
(129, 3, 3, 5, 1, 0, 40, '', 'Delivered'),
(130, 4, 3, 5, 1, 0, 40, '', 'Delivered'),
(131, 5, 3, 5, 1, 0, 40, '', 'Delivered Second Time'),
(132, 6, 3, 5, 1, 0, 40, '', 'Delivered'),
(133, 7, 3, 5, 1, 0, 40, '', 'Delivered'),
(134, 8, 3, 5, 1, 0, 40, '', 'Delivered'),
(135, 9, 3, 5, 1, 0, 40, '', 'Delivered'),
(136, 10, 3, 5, 1, 0, 40, '', 'Delivered'),
(137, 11, 3, 5, 1, 0, 40, '', 'Delivered'),
(138, 12, 3, 5, 1, 0, 40, '', 'Delivered'),
(139, 13, 3, 5, 1, 0, 40, '', 'Delivered'),
(140, 14, 3, 5, 1, 0, 40, '', 'Delivered'),
(141, 15, 3, 5, 1, 0, 40, '', 'Delivered'),
(142, 16, 3, 5, 1, 0, 40, '', 'Delivered'),
(143, 17, 3, 5, 1, 0, 40, '', 'Delivered'),
(144, 18, 3, 5, 1, 0, 40, '', 'Delivered'),
(145, 19, 3, 5, 1, 0, 40, '', 'Delivered'),
(146, 20, 3, 5, 1, 0, 40, '', 'Delivered'),
(147, 21, 3, 5, 1, 0, 40, '', 'Delivered'),
(148, 22, 3, 5, 1, 0, 40, '', 'Delivered'),
(149, 23, 3, 5, 1, 0, 40, '', 'Delivered'),
(150, 24, 3, 5, 1, 0, 40, '', 'Delivered'),
(151, 25, 3, 5, 1, 0, 40, '', 'Delivered'),
(152, 26, 3, 5, 1, 0, 40, '', 'Delivered'),
(153, 27, 3, 5, 1, 0, 40, '', 'Delivered'),
(154, 28, 3, 5, 1, 0, 40, '', 'Delivered'),
(155, 29, 3, 5, 1, 0, 40, '', 'Delivered'),
(156, 30, 3, 5, 1, 0, 40, '', 'Delivered'),
(157, 31, 3, 5, 1, 0, 40, '', 'Delivered'),
(158, 32, 3, 5, 1, 0, 40, '', 'Delivered'),
(159, 33, 3, 5, 1, 0, 40, '', 'Delivered'),
(160, 34, 3, 5, 1, 0, 40, '', 'Delivered'),
(161, 35, 3, 5, 1, 0, 40, '', 'Delivered'),
(162, 36, 3, 5, 1, 0, 40, '', 'Delivered'),
(163, 37, 3, 5, 1, 0, 40, '', 'Delivered'),
(164, 38, 3, 5, 1, 0, 40, '', 'Delivered'),
(165, 39, 3, 5, 1, 0, 40, '', 'Delivered'),
(166, 40, 3, 5, 1, 0, 40, '', 'Delivered'),
(167, 41, 3, 5, 1, 0, 40, '', 'Delivered'),
(168, 42, 3, 5, 1, 0, 40, '', 'Delivered'),
(169, 1, 3, 6, 1, 0, 40, '', 'Delivered'),
(170, 2, 3, 6, 1, 0, 40, '', 'Delivered'),
(171, 3, 3, 6, 1, 0, 40, '', 'Delivered'),
(172, 4, 3, 6, 1, 0, 40, '', 'Delivered'),
(173, 5, 3, 6, 1, 0, 40, '', 'Delivered Second Time'),
(174, 6, 3, 6, 1, 0, 40, '', 'Delivered'),
(175, 7, 3, 6, 1, 0, 40, '', 'Delivered'),
(176, 8, 3, 6, 1, 0, 40, '', 'Delivered'),
(177, 9, 3, 6, 1, 0, 40, '', 'Delivered'),
(178, 10, 3, 6, 1, 0, 40, '', 'Delivered'),
(179, 11, 3, 6, 1, 0, 40, '', 'Delivered'),
(180, 12, 3, 6, 1, 0, 40, '', 'Delivered'),
(181, 13, 3, 6, 1, 0, 40, '', 'Delivered'),
(182, 14, 3, 6, 1, 0, 40, '', 'Delivered'),
(183, 15, 3, 6, 1, 0, 40, '', 'Delivered'),
(184, 16, 3, 6, 1, 0, 40, '', 'Delivered'),
(185, 17, 3, 6, 1, 0, 40, '', 'Delivered'),
(186, 18, 3, 6, 1, 0, 40, '', 'Delivered'),
(187, 19, 3, 6, 1, 0, 40, '', 'Delivered'),
(188, 20, 3, 6, 1, 0, 40, '', 'Delivered'),
(189, 21, 3, 6, 1, 0, 40, '', 'Delivered'),
(190, 22, 3, 6, 1, 0, 40, '', 'Delivered'),
(191, 23, 3, 6, 1, 0, 40, '', 'Delivered'),
(192, 24, 3, 6, 1, 0, 40, '', 'Delivered'),
(193, 25, 3, 6, 1, 0, 40, '', 'Delivered'),
(194, 26, 3, 6, 1, 0, 40, '', 'Delivered'),
(195, 27, 3, 6, 1, 0, 40, '', 'Delivered'),
(196, 28, 3, 6, 1, 0, 40, '', 'Delivered'),
(197, 29, 3, 6, 1, 0, 40, '', 'Delivered'),
(198, 30, 3, 6, 1, 0, 40, '', 'Delivered'),
(199, 31, 3, 6, 1, 0, 40, '', 'Delivered'),
(200, 32, 3, 6, 1, 0, 40, '', 'Delivered'),
(201, 33, 3, 6, 1, 0, 40, '', 'Delivered'),
(202, 34, 3, 6, 1, 0, 40, '', 'Delivered'),
(203, 35, 3, 6, 1, 0, 40, '', 'Delivered'),
(204, 36, 3, 6, 1, 0, 40, '', 'Delivered'),
(205, 37, 3, 6, 1, 0, 40, '', 'Delivered'),
(206, 38, 3, 6, 1, 0, 40, '', 'Delivered'),
(207, 39, 3, 6, 1, 0, 40, '', 'Delivered'),
(208, 40, 3, 6, 1, 0, 40, '', 'Delivered'),
(209, 41, 3, 6, 1, 0, 40, '', 'Delivered'),
(210, 42, 3, 6, 1, 0, 40, '', 'Delivered'),
(211, 1, 3, 7, 1, 0, 40, '', 'Delivered'),
(212, 2, 3, 7, 1, 0, 40, '', 'Delivered'),
(213, 3, 3, 7, 1, 0, 40, '', 'Delivered'),
(214, 4, 3, 7, 1, 0, 40, '', 'Delivered'),
(215, 5, 3, 7, 1, 0, 40, '', 'Delivered Second Time'),
(216, 6, 3, 7, 1, 0, 40, '', 'Delivered'),
(217, 7, 3, 7, 1, 0, 40, '', 'Delivered'),
(218, 8, 3, 7, 1, 0, 40, '', 'Delivered'),
(219, 9, 3, 7, 1, 0, 40, '', 'Delivered'),
(220, 10, 3, 7, 1, 0, 40, '', 'Delivered'),
(221, 11, 3, 7, 1, 0, 40, '', 'Delivered'),
(222, 12, 3, 7, 1, 0, 40, '', 'Delivered'),
(223, 13, 3, 7, 1, 0, 40, '', 'Delivered'),
(224, 14, 3, 7, 1, 0, 40, '', 'Delivered'),
(225, 15, 3, 7, 1, 0, 40, '', 'Delivered'),
(226, 16, 3, 7, 1, 0, 40, '', 'Delivered'),
(227, 17, 3, 7, 1, 0, 40, '', 'Delivered'),
(228, 18, 3, 7, 1, 0, 40, '', 'Delivered'),
(229, 19, 3, 7, 1, 0, 40, '', 'Delivered'),
(230, 20, 3, 7, 1, 0, 40, '', 'Delivered'),
(231, 21, 3, 7, 1, 0, 40, '', 'Delivered'),
(232, 22, 3, 7, 1, 0, 40, '', 'Delivered'),
(233, 23, 3, 7, 1, 0, 40, '', 'Delivered'),
(234, 24, 3, 7, 1, 0, 40, '', 'Delivered'),
(235, 25, 3, 7, 1, 0, 40, '', 'Delivered'),
(236, 26, 3, 7, 1, 0, 40, '', 'Delivered'),
(237, 27, 3, 7, 1, 0, 40, '', 'Delivered'),
(238, 28, 3, 7, 1, 0, 40, '', 'Delivered'),
(239, 29, 3, 7, 1, 0, 40, '', 'Delivered'),
(240, 30, 3, 7, 1, 0, 40, '', 'Delivered'),
(241, 31, 3, 7, 1, 0, 40, '', 'Delivered'),
(242, 32, 3, 7, 1, 0, 40, '', 'Delivered'),
(243, 33, 3, 7, 1, 0, 40, '', 'Delivered'),
(244, 34, 3, 7, 1, 0, 40, '', 'Delivered'),
(245, 35, 3, 7, 1, 0, 40, '', 'Delivered'),
(246, 36, 3, 7, 1, 0, 40, '', 'Delivered'),
(247, 37, 3, 7, 1, 0, 40, '', 'Delivered'),
(248, 38, 3, 7, 1, 0, 40, '', 'Delivered'),
(249, 39, 3, 7, 1, 0, 40, '', 'Delivered'),
(250, 40, 3, 7, 1, 0, 40, '', 'Delivered'),
(251, 41, 3, 7, 1, 0, 40, '', 'Delivered'),
(252, 42, 3, 7, 1, 0, 40, '', 'Delivered'),
(253, 186, 8, 15, 2, 56, 60, '', 'Delivered'),
(254, 187, 8, 15, 2, 56, 60, '', 'Delivered'),
(255, 188, 8, 15, 2, 51, 60, '', 'Delivered'),
(256, 189, 8, 15, 2, 30, 60, '', 'Delivered'),
(257, 190, 8, 15, 2, 22, 60, '', 'Delivered'),
(258, 234, 8, 15, 2, 20, 60, '', 'Delivered Second Time'),
(273, 152, 10, 16, 2, 59, 75, '', 'Delivered'),
(274, 153, 10, 16, 2, 56, 75, '', 'Delivered'),
(275, 154, 10, 16, 2, 50, 75, '', 'Delivered'),
(276, 155, 10, 16, 2, 28, 75, '', 'Delivered'),
(277, 157, 10, 16, 2, 0, 75, '', 'Delivered'),
(278, 158, 10, 16, 2, 51, 75, '', 'Delivered'),
(279, 159, 10, 16, 2, 70, 75, '', 'Delivered'),
(280, 160, 10, 16, 2, 67, 75, '', 'Delivered'),
(281, 161, 10, 16, 2, 36, 75, '', 'Delivered'),
(282, 162, 10, 16, 2, 56, 75, '', 'Delivered'),
(283, 163, 10, 16, 2, 44, 75, '', 'Delivered'),
(284, 164, 10, 16, 2, 49, 75, '', 'Delivered'),
(285, 165, 10, 16, 2, 54, 75, '', 'Delivered'),
(286, 226, 10, 16, 2, 62, 75, '', 'Delivered'),
(288, 152, 10, 17, 2, 56, 75, '', 'Delivered'),
(289, 153, 10, 17, 2, 8, 75, '', 'Delivered'),
(290, 154, 10, 17, 2, 11, 75, '', 'Delivered'),
(291, 155, 10, 17, 2, 40, 75, '', 'Delivered'),
(292, 157, 10, 17, 2, 0, 75, '', 'Delivered'),
(293, 158, 10, 17, 2, 15, 75, '', 'Delivered'),
(294, 159, 10, 17, 2, 65, 75, '', 'Delivered'),
(295, 160, 10, 17, 2, 65, 75, '', 'Delivered'),
(296, 161, 10, 17, 2, 36, 75, '', 'Delivered'),
(297, 162, 10, 17, 2, 56, 75, '', 'Delivered'),
(298, 163, 10, 17, 2, 50, 75, '', 'Delivered'),
(299, 164, 10, 17, 2, 41, 75, '', 'Delivered'),
(300, 165, 10, 17, 2, 13, 75, '', 'Delivered'),
(301, 226, 10, 17, 2, 15, 75, '', 'Delivered'),
(302, 235, 10, 17, 2, 49, 75, '', 'Delivered'),
(303, 152, 10, 23, 2, 36, 50, '', 'Delivered'),
(304, 153, 10, 23, 2, 29, 50, '', 'Delivered'),
(305, 154, 10, 23, 2, 19, 50, '', 'Delivered'),
(306, 155, 10, 23, 2, 15, 50, '', 'Delivered'),
(307, 157, 10, 23, 2, 0, 50, '', 'Delivered'),
(308, 158, 10, 23, 2, 33, 50, '', 'Delivered'),
(309, 159, 10, 23, 2, 48, 50, '', 'Delivered'),
(310, 160, 10, 23, 2, 47, 50, '', 'Delivered'),
(311, 161, 10, 23, 2, 19, 50, '', 'Delivered'),
(312, 162, 10, 23, 2, 0, 50, '', 'Delivered'),
(313, 163, 10, 23, 2, 20, 50, '', 'Delivered'),
(314, 164, 10, 23, 2, 28, 50, '', 'Delivered'),
(315, 165, 10, 23, 2, 40, 50, '', 'Delivered'),
(316, 226, 10, 23, 2, 41, 50, '', 'Delivered'),
(317, 235, 10, 23, 2, 33, 50, '', 'Delivered'),
(318, 152, 10, 18, 2, 38, 50, '', 'Delivered'),
(319, 153, 10, 18, 2, 28, 50, '', 'Delivered'),
(320, 154, 10, 18, 2, 22, 50, '', 'Delivered'),
(321, 155, 10, 18, 2, 22, 50, '', 'Delivered'),
(322, 157, 10, 18, 2, 0, 50, '', 'Delivered'),
(323, 158, 10, 18, 2, 46, 50, '', 'Delivered'),
(324, 159, 10, 18, 2, 47, 50, '', 'Delivered'),
(325, 160, 10, 18, 2, 41, 50, '', 'Delivered'),
(326, 161, 10, 18, 2, 14, 50, '', 'Delivered'),
(327, 162, 10, 18, 2, 35, 50, '', 'Delivered'),
(328, 163, 10, 18, 2, 32, 50, '', 'Delivered'),
(329, 164, 10, 18, 2, 43, 50, '', 'Delivered'),
(330, 165, 10, 18, 2, 38, 50, '', 'Delivered'),
(331, 226, 10, 18, 2, 48, 50, '', 'Delivered'),
(332, 235, 10, 18, 2, 23, 50, '', 'Delivered'),
(363, 152, 10, 25, 2, 51, 60, '', 'Delivered'),
(364, 153, 10, 25, 2, 39, 60, '', 'Delivered'),
(365, 154, 10, 25, 2, 0, 60, '', 'Delivered'),
(366, 155, 10, 25, 2, 0, 60, '', 'Delivered'),
(367, 157, 10, 25, 2, 4, 60, '', 'Delivered'),
(368, 158, 10, 25, 2, 42, 60, '', 'Delivered'),
(369, 159, 10, 25, 2, 52, 60, '', 'Delivered'),
(370, 160, 10, 25, 2, 34, 60, '', 'Delivered'),
(371, 161, 10, 25, 2, 19, 60, '', 'Delivered'),
(372, 162, 10, 25, 2, 54, 60, '', 'Delivered'),
(373, 163, 10, 25, 2, 41, 60, '', 'Delivered'),
(374, 164, 10, 25, 2, 59, 60, '', 'Delivered'),
(375, 165, 10, 25, 2, 32, 60, '', 'Delivered'),
(376, 226, 10, 25, 2, 49, 60, '', 'Delivered'),
(377, 235, 10, 25, 2, 7, 60, '', 'Delivered'),
(378, 152, 10, 26, 2, 30, 60, '', 'Delivered'),
(379, 153, 10, 26, 2, 17, 60, '', 'Delivered'),
(380, 154, 10, 26, 2, 10, 60, '', 'Delivered'),
(381, 155, 10, 26, 2, 0, 60, '', 'Delivered'),
(382, 157, 10, 26, 2, 0, 60, '', 'Delivered'),
(383, 158, 10, 26, 2, 8, 60, '', 'Delivered'),
(384, 159, 10, 26, 2, 56, 60, '', 'Delivered'),
(385, 160, 10, 26, 2, 56, 60, '', 'Delivered'),
(386, 161, 10, 26, 2, 6, 60, '', 'Delivered'),
(387, 162, 10, 26, 2, 28, 60, '', 'Delivered'),
(388, 163, 10, 26, 2, 19, 60, '', 'Delivered'),
(389, 164, 10, 26, 2, 11, 60, '', 'Delivered'),
(390, 165, 10, 26, 2, 10, 60, '', 'Delivered'),
(391, 226, 10, 26, 2, 0, 60, '', 'Delivered'),
(392, 235, 10, 26, 2, 4, 60, '', 'Delivered'),
(393, 152, 10, 22, 2, 0, 60, '', 'Delivered'),
(394, 153, 10, 22, 2, 0, 60, '', 'Delivered'),
(395, 154, 10, 22, 2, 0, 60, '', 'Delivered'),
(396, 155, 10, 22, 2, 0, 60, '', 'Delivered'),
(397, 157, 10, 22, 2, 0, 60, '', 'Delivered'),
(398, 158, 10, 22, 2, 0, 60, '', 'Delivered'),
(399, 159, 10, 22, 2, 0, 60, '', 'Delivered'),
(400, 160, 10, 22, 2, 0, 60, '', 'Delivered'),
(401, 161, 10, 22, 2, 0, 60, '', 'Delivered'),
(402, 162, 10, 22, 2, 0, 60, '', 'Delivered'),
(403, 163, 10, 22, 2, 0, 60, '', 'Delivered'),
(404, 164, 10, 22, 2, 0, 60, '', 'Delivered'),
(405, 165, 10, 22, 2, 0, 60, '', 'Delivered'),
(406, 226, 10, 22, 2, 0, 60, '', 'Delivered'),
(407, 235, 10, 22, 2, 0, 60, '', 'Delivered'),
(408, 152, 10, 27, 2, 40, 50, '', 'Delivered'),
(409, 153, 10, 27, 2, 33, 50, '', 'Delivered'),
(410, 154, 10, 27, 2, 38, 50, '', 'Delivered'),
(411, 155, 10, 27, 2, 0, 50, '', 'Delivered'),
(412, 157, 10, 27, 2, 0, 50, '', 'Delivered'),
(413, 158, 10, 27, 2, 31, 50, '', 'Delivered'),
(414, 159, 10, 27, 2, 49, 50, '', 'Delivered'),
(415, 160, 10, 27, 2, 49, 50, '', 'Delivered'),
(416, 161, 10, 27, 2, 37, 50, '', 'Delivered'),
(417, 162, 10, 27, 2, 32, 50, '', 'Delivered'),
(418, 163, 10, 27, 2, 31, 50, '', 'Delivered'),
(419, 164, 10, 27, 2, 44, 50, '', 'Delivered'),
(420, 165, 10, 27, 2, 45, 50, '', 'Delivered'),
(421, 226, 10, 27, 2, 49, 50, '', 'Delivered'),
(422, 235, 10, 27, 2, 18, 50, '', 'Delivered'),
(423, 152, 10, 20, 2, 31, 75, '', 'Delivered'),
(424, 153, 10, 20, 2, 28, 75, '', 'Delivered'),
(425, 154, 10, 20, 2, 19, 75, '', 'Delivered'),
(426, 155, 10, 20, 2, 0, 75, '', 'Delivered'),
(427, 157, 10, 20, 2, 7, 75, '', 'Delivered'),
(428, 158, 10, 20, 2, 57, 75, '', 'Delivered'),
(429, 159, 10, 20, 2, 66, 75, '', 'Delivered'),
(430, 160, 10, 20, 2, 44, 75, '', 'Delivered'),
(431, 161, 10, 20, 2, 23, 75, '', 'Delivered'),
(432, 162, 10, 20, 2, 13, 75, '', 'Delivered'),
(433, 163, 10, 20, 2, 29, 75, '', 'Delivered'),
(434, 164, 10, 20, 2, 32, 75, '', 'Delivered'),
(435, 165, 10, 20, 2, 27, 75, '', 'Delivered'),
(436, 226, 10, 20, 2, 0, 75, '', 'Delivered'),
(437, 235, 10, 20, 2, 15, 75, '', 'Delivered'),
(438, 191, 9, 28, 2, 55, 75, '', 'Not send'),
(439, 192, 9, 28, 2, 54, 75, '', 'Not send'),
(440, 193, 9, 28, 2, 30, 75, '', 'Not send'),
(441, 194, 9, 28, 2, 31, 75, '', 'Not send'),
(442, 195, 9, 28, 2, 50, 75, '', 'Not send'),
(443, 196, 9, 28, 2, 51, 75, '', 'Not send'),
(444, 197, 9, 28, 2, 0, 75, '', 'Not send'),
(445, 198, 9, 28, 2, 39, 75, '', 'Not send'),
(446, 200, 9, 28, 2, 49, 75, '', 'Not send'),
(447, 201, 9, 28, 2, 53, 75, '', 'Not send'),
(448, 202, 9, 28, 2, 40, 75, '', 'Not send'),
(449, 203, 9, 28, 2, 32, 75, '', 'Not send'),
(450, 204, 9, 28, 2, 45, 75, '', 'Not send'),
(451, 205, 9, 28, 2, 58, 75, '', 'Not send'),
(452, 206, 9, 28, 2, 29, 75, '', 'Not send'),
(453, 207, 9, 28, 2, 31, 75, '', 'Not send'),
(454, 208, 9, 28, 2, 67, 75, '', 'Not send'),
(455, 209, 9, 28, 2, 38, 75, '', 'Not send'),
(456, 210, 9, 28, 2, 36, 75, '', 'Not send'),
(457, 211, 9, 28, 2, 64, 75, '', 'Not send'),
(458, 212, 9, 28, 2, 50, 75, '', 'Not send'),
(459, 213, 9, 28, 2, 45, 75, '', 'Not send'),
(460, 214, 9, 28, 2, 0, 75, '', 'Not send'),
(461, 215, 9, 28, 2, 42, 75, '', 'Not send'),
(462, 216, 9, 28, 2, 44, 75, '', 'Not send'),
(463, 217, 9, 28, 2, 43, 75, '', 'Not send'),
(464, 218, 9, 28, 2, 50, 75, '', 'Not send'),
(465, 219, 9, 28, 2, 46, 75, '', 'Not send'),
(466, 220, 9, 28, 2, 65, 75, '', 'Not send'),
(467, 221, 9, 28, 2, 47, 75, '', 'Not send'),
(468, 222, 9, 28, 2, 43, 75, '', 'Not send'),
(469, 223, 9, 28, 2, 46, 75, '', 'Not send'),
(470, 191, 9, 29, 2, 37, 60, '', 'Not send'),
(471, 192, 9, 29, 2, 31, 60, '', 'Not send'),
(472, 193, 9, 29, 2, 19, 60, '', 'Not send'),
(473, 194, 9, 29, 2, 28, 60, '', 'Not send'),
(474, 195, 9, 29, 2, 28, 60, '', 'Not send'),
(475, 196, 9, 29, 2, 47, 60, '', 'Not send'),
(476, 197, 9, 29, 2, 0, 60, '', 'Not send'),
(477, 198, 9, 29, 2, 30, 60, '', 'Not send'),
(478, 200, 9, 29, 2, 35, 60, '', 'Not send'),
(479, 201, 9, 29, 2, 29, 60, '', 'Not send'),
(480, 202, 9, 29, 2, 24, 60, '', 'Not send'),
(481, 203, 9, 29, 2, 17, 60, '', 'Not send'),
(482, 204, 9, 29, 2, 22, 60, '', 'Not send'),
(483, 205, 9, 29, 2, 42, 60, '', 'Not send'),
(484, 206, 9, 29, 2, 22, 60, '', 'Not send'),
(485, 207, 9, 29, 2, 20, 60, '', 'Not send'),
(486, 208, 9, 29, 2, 46, 60, '', 'Not send'),
(487, 209, 9, 29, 2, 24, 60, '', 'Not send'),
(488, 210, 9, 29, 2, 18, 60, '', 'Not send'),
(489, 211, 9, 29, 2, 44, 60, '', 'Not send'),
(490, 212, 9, 29, 2, 22, 60, '', 'Not send'),
(491, 213, 9, 29, 2, 34, 60, '', 'Not send'),
(492, 214, 9, 29, 2, 0, 60, '', 'Not send'),
(493, 215, 9, 29, 2, 38, 60, '', 'Not send'),
(494, 216, 9, 29, 2, 36, 60, '', 'Not send'),
(495, 217, 9, 29, 2, 15, 60, '', 'Not send'),
(496, 218, 9, 29, 2, 34, 60, '', 'Not send'),
(497, 219, 9, 29, 2, 38, 60, '', 'Not send'),
(498, 220, 9, 29, 2, 44, 60, '', 'Not send'),
(499, 221, 9, 29, 2, 37, 60, '', 'Not send'),
(500, 222, 9, 29, 2, 33, 60, '', 'Not send'),
(501, 223, 9, 29, 2, 39, 60, '', 'Not send'),
(502, 191, 9, 30, 2, 39, 60, '', 'Not send'),
(503, 192, 9, 30, 2, 48, 60, '', 'Not send'),
(504, 193, 9, 30, 2, 31, 60, '', 'Not send'),
(505, 194, 9, 30, 2, 38, 60, '', 'Not send'),
(506, 195, 9, 30, 2, 44, 60, '', 'Not send'),
(507, 196, 9, 30, 2, 58, 60, '', 'Not send'),
(508, 197, 9, 30, 2, 25, 60, '', 'Not send'),
(509, 198, 9, 30, 2, 56, 60, '', 'Not send'),
(510, 200, 9, 30, 2, 54, 60, '', 'Not send'),
(511, 201, 9, 30, 2, 38, 60, '', 'Not send'),
(512, 202, 9, 30, 2, 39, 60, '', 'Not send'),
(513, 203, 9, 30, 2, 33, 60, '', 'Not send'),
(514, 204, 9, 30, 2, 41, 60, '', 'Not send'),
(515, 205, 9, 30, 2, 58, 60, '', 'Not send'),
(516, 206, 9, 30, 2, 37, 60, '', 'Not send'),
(517, 207, 9, 30, 2, 29, 60, '', 'Not send'),
(518, 208, 9, 30, 2, 53, 60, '', 'Not send'),
(519, 209, 9, 30, 2, 38, 60, '', 'Not send'),
(520, 210, 9, 30, 2, 31, 60, '', 'Not send'),
(521, 211, 9, 30, 2, 54, 60, '', 'Not send'),
(522, 212, 9, 30, 2, 37, 60, '', 'Not send'),
(523, 213, 9, 30, 2, 46, 60, '', 'Not send'),
(524, 214, 9, 30, 2, 0, 60, '', 'Not send'),
(525, 215, 9, 30, 2, 47, 60, '', 'Not send'),
(526, 216, 9, 30, 2, 47, 60, '', 'Not send'),
(527, 217, 9, 30, 2, 38, 60, '', 'Not send'),
(528, 218, 9, 30, 2, 50, 60, '', 'Not send'),
(529, 219, 9, 30, 2, 48, 60, '', 'Not send'),
(530, 220, 9, 30, 2, 60, 60, '', 'Not send'),
(531, 221, 9, 30, 2, 49, 60, '', 'Not send'),
(532, 222, 9, 30, 2, 42, 60, '', 'Not send'),
(533, 223, 9, 30, 2, 49, 60, '', 'Not send'),
(534, 191, 9, 31, 2, 34, 60, '', 'Not send'),
(535, 192, 9, 31, 2, 30, 60, '', 'Not send'),
(536, 193, 9, 31, 2, 25, 60, '', 'Not send'),
(537, 194, 9, 31, 2, 0, 60, '', 'Not send'),
(538, 195, 9, 31, 2, 35, 60, '', 'Not send'),
(539, 196, 9, 31, 2, 54, 60, '', 'Not send'),
(540, 197, 9, 31, 2, 28, 60, '', 'Not send'),
(541, 198, 9, 31, 2, 53, 60, '', 'Not send'),
(542, 200, 9, 31, 2, 32, 60, '', 'Not send'),
(543, 201, 9, 31, 2, 22, 60, '', 'Not send'),
(544, 202, 9, 31, 2, 11, 60, '', 'Not send'),
(545, 203, 9, 31, 2, 24, 60, '', 'Not send'),
(546, 204, 9, 31, 2, 10, 60, '', 'Not send'),
(547, 205, 9, 31, 2, 58, 60, '', 'Not send'),
(548, 206, 9, 31, 2, 12, 60, '', 'Not send'),
(549, 207, 9, 31, 2, 20, 60, '', 'Not send'),
(550, 208, 9, 31, 2, 57, 60, '', 'Not send'),
(551, 209, 9, 31, 2, 13, 60, '', 'Not send'),
(552, 210, 9, 31, 2, 16, 60, '', 'Not send'),
(553, 211, 9, 31, 2, 47, 60, '', 'Not send'),
(554, 212, 9, 31, 2, 15, 60, '', 'Not send'),
(555, 213, 9, 31, 2, 43, 60, '', 'Not send'),
(556, 214, 9, 31, 2, 0, 60, '', 'Not send'),
(557, 215, 9, 31, 2, 32, 60, '', 'Not send'),
(558, 216, 9, 31, 2, 21, 60, '', 'Not send'),
(559, 217, 9, 31, 2, 10, 60, '', 'Not send'),
(560, 218, 9, 31, 2, 32, 60, '', 'Not send'),
(561, 219, 9, 31, 2, 54, 60, '', 'Not send'),
(562, 220, 9, 31, 2, 47, 60, '', 'Not send'),
(563, 221, 9, 31, 2, 28, 60, '', 'Not send'),
(564, 222, 9, 31, 2, 30, 60, '', 'Not send'),
(565, 223, 9, 31, 2, 35, 60, '', 'Not send'),
(566, 191, 9, 32, 2, 47, 75, '', 'Not send'),
(567, 192, 9, 32, 2, 60, 75, '', 'Not send'),
(568, 193, 9, 32, 2, 26, 75, '', 'Not send'),
(569, 194, 9, 32, 2, 33, 75, '', 'Not send'),
(570, 195, 9, 32, 2, 52, 75, '', 'Not send'),
(571, 196, 9, 32, 2, 59, 75, '', 'Not send'),
(572, 197, 9, 32, 2, 48, 75, '', 'Not send'),
(573, 198, 9, 32, 2, 51, 75, '', 'Not send'),
(574, 200, 9, 32, 2, 62, 75, '', 'Not send'),
(575, 201, 9, 32, 2, 45, 75, '', 'Not send'),
(576, 202, 9, 32, 2, 46, 75, '', 'Not send'),
(577, 203, 9, 32, 2, 17, 75, '', 'Not send'),
(578, 204, 9, 32, 2, 42, 75, '', 'Not send'),
(579, 205, 9, 32, 2, 62, 75, '', 'Not send'),
(580, 206, 9, 32, 2, 49, 75, '', 'Not send'),
(581, 207, 9, 32, 2, 44, 75, '', 'Not send'),
(582, 208, 9, 32, 2, 65, 75, '', 'Not send'),
(583, 209, 9, 32, 2, 58, 75, '', 'Not send'),
(584, 210, 9, 32, 2, 46, 75, '', 'Not send'),
(585, 211, 9, 32, 2, 69, 75, '', 'Not send'),
(586, 212, 9, 32, 2, 53, 75, '', 'Not send'),
(587, 213, 9, 32, 2, 62, 75, '', 'Not send'),
(588, 214, 9, 32, 2, 0, 75, '', 'Not send'),
(589, 215, 9, 32, 2, 66, 75, '', 'Not send'),
(590, 216, 9, 32, 2, 69, 75, '', 'Not send'),
(591, 217, 9, 32, 2, 44, 75, '', 'Not send'),
(592, 218, 9, 32, 2, 49, 75, '', 'Not send'),
(593, 219, 9, 32, 2, 60, 75, '', 'Not send'),
(594, 220, 9, 32, 2, 64, 75, '', 'Not send'),
(595, 221, 9, 32, 2, 65, 75, '', 'Not send'),
(596, 222, 9, 32, 2, 55, 75, '', 'Not send'),
(597, 223, 9, 32, 2, 55, 75, '', 'Not send'),
(598, 191, 9, 33, 2, 35, 50, '', 'Not send'),
(599, 192, 9, 33, 2, 31, 50, '', 'Not send'),
(600, 193, 9, 33, 2, 25, 50, '', 'Not send'),
(601, 194, 9, 33, 2, 0, 50, '', 'Not send'),
(602, 195, 9, 33, 2, 40, 50, '', 'Not send'),
(603, 196, 9, 33, 2, 0, 50, '', 'Not send'),
(604, 197, 9, 33, 2, 8, 50, '', 'Not send'),
(605, 198, 9, 33, 2, 24, 50, '', 'Not send'),
(606, 200, 9, 33, 2, 43, 50, '', 'Not send'),
(607, 201, 9, 33, 2, 46, 50, '', 'Not send'),
(608, 202, 9, 33, 2, 35, 50, '', 'Not send'),
(609, 203, 9, 33, 2, 25, 50, '', 'Not send'),
(610, 204, 9, 33, 2, 21, 50, '', 'Not send'),
(611, 205, 9, 33, 2, 48, 50, '', 'Not send'),
(612, 206, 9, 33, 2, 34, 50, '', 'Not send'),
(613, 207, 9, 33, 2, 24, 50, '', 'Not send'),
(614, 208, 9, 33, 2, 49, 50, '', 'Not send'),
(615, 209, 9, 33, 2, 20, 50, '', 'Not send'),
(616, 210, 9, 33, 2, 29, 50, '', 'Not send'),
(617, 211, 9, 33, 2, 49, 50, '', 'Not send'),
(618, 212, 9, 33, 2, 30, 50, '', 'Not send'),
(619, 213, 9, 33, 2, 43, 50, '', 'Not send'),
(620, 214, 9, 33, 2, 0, 50, '', 'Not send'),
(621, 215, 9, 33, 2, 38, 50, '', 'Not send'),
(622, 216, 9, 33, 2, 41, 50, '', 'Not send'),
(623, 217, 9, 33, 2, 32, 50, '', 'Not send'),
(624, 218, 9, 33, 2, 26, 50, '', 'Not send'),
(625, 219, 9, 33, 2, 40, 50, '', 'Not send'),
(626, 220, 9, 33, 2, 46, 50, '', 'Not send'),
(627, 221, 9, 33, 2, 41, 50, '', 'Not send'),
(628, 222, 9, 33, 2, 46, 50, '', 'Not send'),
(629, 223, 9, 33, 2, 45, 50, '', 'Not send'),
(630, 191, 9, 34, 2, 32, 50, '', 'Not send'),
(631, 192, 9, 34, 2, 33, 50, '', 'Not send'),
(632, 193, 9, 34, 2, 15, 50, '', 'Not send'),
(633, 194, 9, 34, 2, 11, 50, '', 'Not send'),
(634, 195, 9, 34, 2, 19, 50, '', 'Not send'),
(635, 196, 9, 34, 2, 49, 50, '', 'Not send'),
(636, 197, 9, 34, 2, 0, 50, '', 'Not send'),
(637, 198, 9, 34, 2, 47, 50, '', 'Not send'),
(638, 200, 9, 34, 2, 40, 50, '', 'Not send'),
(639, 201, 9, 34, 2, 41, 50, '', 'Not send'),
(640, 202, 9, 34, 2, 21, 50, '', 'Not send'),
(641, 203, 9, 34, 2, 12, 50, '', 'Not send'),
(642, 204, 9, 34, 2, 22, 50, '', 'Not send'),
(643, 205, 9, 34, 2, 44, 50, '', 'Not send'),
(644, 206, 9, 34, 2, 30, 50, '', 'Not send'),
(645, 207, 9, 34, 2, 31, 50, '', 'Not send'),
(646, 208, 9, 34, 2, 49, 50, '', 'Not send'),
(647, 209, 9, 34, 2, 41, 50, '', 'Not send'),
(648, 210, 9, 34, 2, 37, 50, '', 'Not send'),
(649, 211, 9, 34, 2, 50, 50, '', 'Not send'),
(650, 212, 9, 34, 2, 25, 50, '', 'Not send'),
(651, 213, 9, 34, 2, 35, 50, '', 'Not send'),
(652, 214, 9, 34, 2, 0, 50, '', 'Not send'),
(653, 215, 9, 34, 2, 39, 50, '', 'Not send'),
(654, 216, 9, 34, 2, 45, 50, '', 'Not send'),
(655, 217, 9, 34, 2, 42, 50, '', 'Not send'),
(656, 218, 9, 34, 2, 48, 50, '', 'Not send'),
(657, 219, 9, 34, 2, 43, 50, '', 'Not send'),
(658, 220, 9, 34, 2, 46, 50, '', 'Not send'),
(659, 221, 9, 34, 2, 46, 50, '', 'Not send'),
(660, 222, 9, 34, 2, 48, 50, '', 'Not send'),
(661, 223, 9, 34, 2, 42, 50, '', 'Not send'),
(662, 191, 9, 35, 2, 48, 75, '', 'Not send'),
(663, 192, 9, 35, 2, 57, 75, '', 'Not send'),
(664, 193, 9, 35, 2, 29, 75, '', 'Not send'),
(665, 194, 9, 35, 2, 26, 75, '', 'Not send'),
(666, 195, 9, 35, 2, 36, 75, '', 'Not send'),
(667, 196, 9, 35, 2, 0, 75, '', 'Not send'),
(668, 197, 9, 35, 2, 0, 75, '', 'Not send'),
(669, 198, 9, 35, 2, 56, 75, '', 'Not send'),
(670, 200, 9, 35, 2, 66, 75, '', 'Not send'),
(671, 201, 9, 35, 2, 44, 75, '', 'Not send'),
(672, 202, 9, 35, 2, 47, 75, '', 'Not send'),
(673, 203, 9, 35, 2, 24, 75, '', 'Not send'),
(674, 204, 9, 35, 2, 52, 75, '', 'Not send'),
(675, 205, 9, 35, 2, 66, 75, '', 'Not send'),
(676, 206, 9, 35, 2, 22, 75, '', 'Not send'),
(677, 207, 9, 35, 2, 39, 75, '', 'Not send'),
(678, 208, 9, 35, 2, 72, 75, '', 'Not send'),
(679, 209, 9, 35, 2, 49, 75, '', 'Not send'),
(680, 210, 9, 35, 2, 41, 75, '', 'Not send'),
(681, 211, 9, 35, 2, 69, 75, '', 'Not send'),
(682, 212, 9, 35, 2, 40, 75, '', 'Not send'),
(683, 213, 9, 35, 2, 42, 75, '', 'Not send'),
(684, 214, 9, 35, 2, 50, 75, '', 'Not send'),
(685, 215, 9, 35, 2, 38, 75, '', 'Not send'),
(686, 216, 9, 35, 2, 38, 75, '', 'Not send'),
(687, 217, 9, 35, 2, 40, 75, '', 'Not send'),
(688, 218, 9, 35, 2, 38, 75, '', 'Not send'),
(689, 219, 9, 35, 2, 60, 75, '', 'Not send'),
(690, 220, 9, 35, 2, 70, 75, '', 'Not send'),
(691, 221, 9, 35, 2, 54, 75, '', 'Not send'),
(692, 222, 9, 35, 2, 42, 75, '', 'Not send'),
(693, 223, 9, 35, 2, 49, 75, '', 'Not send'),
(694, 43, 11, 36, 2, 0, 40, '', 'Delivered'),
(695, 44, 11, 36, 2, 0, 40, '', 'Delivered'),
(696, 45, 11, 36, 2, 0, 40, '', 'Delivered'),
(697, 46, 11, 36, 2, 0, 40, '', 'Delivered'),
(698, 47, 11, 36, 2, 0, 40, '', 'Delivered'),
(699, 48, 11, 36, 2, 0, 40, '', 'Delivered'),
(700, 49, 11, 36, 2, 0, 40, '', 'Delivered'),
(701, 50, 11, 36, 2, 0, 40, '', 'Delivered'),
(702, 51, 11, 36, 2, 0, 40, '', 'Delivered'),
(703, 52, 11, 36, 2, 0, 40, '', 'Delivered'),
(704, 53, 11, 36, 2, 0, 40, '', 'Delivered'),
(705, 54, 11, 36, 2, 0, 40, '', 'Delivered'),
(706, 55, 11, 36, 2, 0, 40, '', 'Delivered'),
(707, 56, 11, 36, 2, 0, 40, '', 'Delivered'),
(708, 57, 11, 36, 2, 0, 40, '', 'Delivered'),
(709, 58, 11, 36, 2, 0, 40, '', 'Delivered'),
(710, 59, 11, 36, 2, 0, 40, '', 'Delivered'),
(711, 43, 11, 0, 2, 0, 40, '', 'Delivered'),
(712, 44, 11, 0, 2, 0, 40, '', 'Delivered'),
(713, 45, 11, 0, 2, 0, 40, '', 'Delivered'),
(714, 46, 11, 0, 2, 0, 40, '', 'Delivered'),
(715, 47, 11, 0, 2, 0, 40, '', 'Delivered'),
(716, 48, 11, 0, 2, 0, 40, '', 'Delivered'),
(717, 49, 11, 0, 2, 0, 40, '', 'Delivered'),
(718, 50, 11, 0, 2, 0, 40, '', 'Delivered'),
(719, 51, 11, 0, 2, 0, 40, '', 'Delivered'),
(720, 52, 11, 0, 2, 0, 40, '', 'Delivered'),
(721, 53, 11, 0, 2, 0, 40, '', 'Delivered'),
(722, 54, 11, 0, 2, 0, 40, '', 'Delivered'),
(723, 55, 11, 0, 2, 0, 40, '', 'Delivered'),
(724, 56, 11, 0, 2, 0, 40, '', 'Delivered'),
(725, 57, 11, 0, 2, 0, 40, '', 'Delivered'),
(726, 58, 11, 0, 2, 0, 40, '', 'Delivered'),
(727, 59, 11, 0, 2, 0, 40, '', 'Delivered'),
(728, 1, 3, 38, 2, 19, 40, '', 'Delivered Second Time'),
(729, 2, 3, 38, 2, 24, 40, '', 'Delivered'),
(730, 3, 3, 38, 2, 0, 40, '', 'Delivered'),
(731, 4, 3, 38, 2, 15, 40, '', 'Delivered'),
(732, 5, 3, 38, 2, 14, 40, '', 'Delivered'),
(733, 6, 3, 38, 2, 9, 40, '', 'Delivered'),
(734, 7, 3, 38, 2, 9, 40, '', 'Delivered'),
(735, 8, 3, 38, 2, 25, 40, '', 'Delivered'),
(736, 9, 3, 38, 2, 23, 40, '', 'Delivered'),
(737, 10, 3, 38, 2, 11, 40, '', 'Delivered'),
(738, 11, 3, 38, 2, 11, 40, '', 'Delivered'),
(739, 12, 3, 38, 2, 12, 40, '', 'Delivered'),
(740, 13, 3, 38, 2, 26, 40, '', 'Delivered'),
(741, 14, 3, 38, 2, 24, 40, '', 'Delivered'),
(742, 15, 3, 38, 2, 29, 40, '', 'Delivered'),
(743, 16, 3, 38, 2, 0, 40, '', 'Delivered'),
(744, 17, 3, 38, 2, 34, 40, '', 'Delivered'),
(745, 18, 3, 38, 2, 19, 40, '', 'Delivered'),
(746, 19, 3, 38, 2, 18, 40, '', 'Delivered'),
(747, 20, 3, 38, 2, 15, 40, '', 'Delivered'),
(748, 21, 3, 38, 2, 18, 40, '', 'Delivered'),
(749, 22, 3, 38, 2, 26, 40, '', 'Delivered'),
(750, 23, 3, 38, 2, 0, 40, '', 'Delivered'),
(751, 24, 3, 38, 2, 21, 40, '', 'Delivered'),
(752, 25, 3, 38, 2, 21, 40, '', 'Delivered'),
(753, 26, 3, 38, 2, 20, 40, '', 'Delivered'),
(754, 27, 3, 38, 2, 12, 40, '', 'Delivered'),
(755, 28, 3, 38, 2, 10, 40, '', 'Delivered'),
(756, 29, 3, 38, 2, 20, 40, '', 'Delivered'),
(757, 30, 3, 38, 2, 13, 40, '', 'Delivered'),
(758, 31, 3, 38, 2, 28, 40, '', 'Delivered'),
(759, 32, 3, 38, 2, 28, 40, '', 'Delivered'),
(760, 33, 3, 38, 2, 13, 40, '', 'Delivered'),
(761, 34, 3, 38, 2, 17, 40, '', 'Delivered'),
(762, 35, 3, 38, 2, 0, 40, '', 'Delivered'),
(763, 36, 3, 38, 2, 7, 40, '', 'Delivered'),
(764, 37, 3, 38, 2, 18, 40, '', 'Delivered'),
(765, 38, 3, 38, 2, 0, 40, '', 'Delivered'),
(766, 39, 3, 38, 2, 22, 40, '', 'Delivered'),
(767, 40, 3, 38, 2, 14, 40, '', 'Delivered'),
(768, 41, 3, 38, 2, 30, 40, '', 'Delivered'),
(769, 42, 3, 38, 2, 22, 40, '', 'Delivered'),
(770, 1, 3, 7, 2, 33, 40, '', 'Delivered Second Time'),
(771, 2, 3, 7, 2, 34, 40, '', 'Delivered'),
(772, 3, 3, 7, 2, 0, 40, '', 'Delivered'),
(773, 4, 3, 7, 2, 28, 40, '', 'Delivered'),
(774, 5, 3, 7, 2, 21, 40, '', 'Delivered'),
(775, 6, 3, 7, 2, 14, 40, '', 'Delivered'),
(776, 7, 3, 7, 2, 22, 40, '', 'Delivered'),
(777, 8, 3, 7, 2, 13, 40, '', 'Delivered'),
(778, 9, 3, 7, 2, 38, 40, '', 'Delivered'),
(779, 10, 3, 7, 2, 15, 40, '', 'Delivered'),
(780, 11, 3, 7, 2, 18, 40, '', 'Delivered'),
(781, 12, 3, 7, 2, 22, 40, '', 'Delivered'),
(782, 13, 3, 7, 2, 34, 40, '', 'Delivered'),
(783, 14, 3, 7, 2, 16, 40, '', 'Delivered'),
(784, 15, 3, 7, 2, 31, 40, '', 'Delivered'),
(785, 16, 3, 7, 2, 0, 40, '', 'Delivered'),
(786, 17, 3, 7, 2, 35, 40, '', 'Delivered'),
(787, 18, 3, 7, 2, 27, 40, '', 'Delivered'),
(788, 19, 3, 7, 2, 24, 40, '', 'Delivered'),
(789, 20, 3, 7, 2, 10, 40, '', 'Delivered'),
(790, 21, 3, 7, 2, 23, 40, '', 'Delivered'),
(791, 22, 3, 7, 2, 20, 40, '', 'Delivered'),
(792, 23, 3, 7, 2, 0, 40, '', 'Delivered'),
(793, 24, 3, 7, 2, 29, 40, '', 'Delivered'),
(794, 25, 3, 7, 2, 29, 40, '', 'Delivered'),
(795, 26, 3, 7, 2, 25, 40, '', 'Delivered'),
(796, 27, 3, 7, 2, 22, 40, '', 'Delivered'),
(797, 28, 3, 7, 2, 11, 40, '', 'Delivered'),
(798, 29, 3, 7, 2, 30, 40, '', 'Delivered'),
(799, 30, 3, 7, 2, 19, 40, '', 'Delivered'),
(800, 31, 3, 7, 2, 37, 40, '', 'Delivered'),
(801, 32, 3, 7, 2, 29, 40, '', 'Delivered'),
(802, 33, 3, 7, 2, 23, 40, '', 'Delivered'),
(803, 34, 3, 7, 2, 22, 40, '', 'Delivered'),
(804, 35, 3, 7, 2, 0, 40, '', 'Delivered'),
(805, 36, 3, 7, 2, 11, 40, '', 'Delivered'),
(806, 37, 3, 7, 2, 26, 40, '', 'Delivered'),
(807, 38, 3, 7, 2, 0, 40, '', 'Delivered'),
(808, 39, 3, 7, 2, 28, 40, '', 'Delivered'),
(809, 40, 3, 7, 2, 18, 40, '', 'Delivered'),
(810, 41, 3, 7, 2, 39, 40, '', 'Delivered'),
(811, 42, 3, 7, 2, 23, 40, '', 'Delivered'),
(812, 1, 3, 4, 2, 33, 40, '', 'Delivered Second Time'),
(813, 2, 3, 4, 2, 35, 40, '', 'Delivered'),
(814, 3, 3, 4, 2, 12, 40, '', 'Delivered'),
(815, 4, 3, 4, 2, 32, 40, '', 'Delivered'),
(816, 5, 3, 4, 2, 28, 40, '', 'Delivered'),
(817, 6, 3, 4, 2, 19, 40, '', 'Delivered'),
(818, 7, 3, 4, 2, 15, 40, '', 'Delivered'),
(819, 8, 3, 4, 2, 32, 40, '', 'Delivered'),
(820, 9, 3, 4, 2, 34, 40, '', 'Delivered'),
(821, 10, 3, 4, 2, 18, 40, '', 'Delivered'),
(822, 11, 3, 4, 2, 16, 40, '', 'Delivered'),
(823, 12, 3, 4, 2, 30, 40, '', 'Delivered'),
(824, 13, 3, 4, 2, 35, 40, '', 'Delivered'),
(825, 14, 3, 4, 2, 31, 40, '', 'Delivered'),
(826, 15, 3, 4, 2, 35, 40, '', 'Delivered'),
(827, 16, 3, 4, 2, 0, 40, '', 'Delivered'),
(828, 17, 3, 4, 2, 32, 40, '', 'Delivered'),
(829, 18, 3, 4, 2, 0, 40, '', 'Delivered'),
(830, 19, 3, 4, 2, 32, 40, '', 'Delivered'),
(831, 20, 3, 4, 2, 23, 40, '', 'Delivered'),
(832, 21, 3, 4, 2, 36, 40, '', 'Delivered'),
(833, 22, 3, 4, 2, 29, 40, '', 'Delivered'),
(834, 23, 3, 4, 2, 28, 40, '', 'Delivered'),
(835, 24, 3, 4, 2, 31, 40, '', 'Delivered'),
(836, 25, 3, 4, 2, 27, 40, '', 'Delivered'),
(837, 26, 3, 4, 2, 27, 40, '', 'Delivered'),
(838, 27, 3, 4, 2, 30, 40, '', 'Delivered'),
(839, 28, 3, 4, 2, 21, 40, '', 'Delivered'),
(840, 29, 3, 4, 2, 28, 40, '', 'Delivered'),
(841, 30, 3, 4, 2, 17, 40, '', 'Delivered'),
(842, 31, 3, 4, 2, 35, 40, '', 'Delivered'),
(843, 32, 3, 4, 2, 34, 40, '', 'Delivered'),
(844, 33, 3, 4, 2, 27, 40, '', 'Delivered'),
(845, 34, 3, 4, 2, 25, 40, '', 'Delivered'),
(846, 35, 3, 4, 2, 0, 40, '', 'Delivered'),
(847, 36, 3, 4, 2, 17, 40, '', 'Delivered'),
(848, 37, 3, 4, 2, 25, 40, '', 'Delivered'),
(849, 38, 3, 4, 2, 0, 40, '', 'Delivered'),
(850, 39, 3, 4, 2, 15, 40, '', 'Delivered'),
(851, 40, 3, 4, 2, 22, 40, '', 'Delivered'),
(852, 41, 3, 4, 2, 0, 40, '', 'Delivered'),
(853, 42, 3, 4, 2, 0, 40, '', 'Delivered'),
(896, 1, 3, 39, 2, 26, 50, '', 'Delivered Second Time'),
(897, 2, 3, 39, 2, 29, 50, '', 'Delivered'),
(898, 3, 3, 39, 2, 25, 50, '', 'Delivered'),
(899, 4, 3, 39, 2, 21, 50, '', 'Delivered'),
(900, 5, 3, 39, 2, 16, 50, '', 'Delivered'),
(901, 6, 3, 39, 2, 15, 50, '', 'Delivered'),
(902, 7, 3, 39, 2, 0, 50, '', 'Delivered'),
(903, 8, 3, 39, 2, 27, 50, '', 'Delivered'),
(904, 9, 3, 39, 2, 33, 50, '', 'Delivered'),
(905, 10, 3, 39, 2, 24, 50, '', 'Delivered'),
(906, 11, 3, 39, 2, 22, 50, '', 'Delivered'),
(907, 12, 3, 39, 2, 23, 50, '', 'Delivered'),
(908, 13, 3, 39, 2, 26, 50, '', 'Delivered'),
(909, 14, 3, 39, 2, 15, 50, '', 'Delivered'),
(910, 15, 3, 39, 2, 20, 50, '', 'Delivered'),
(911, 16, 3, 39, 2, 0, 50, '', 'Delivered'),
(912, 17, 3, 39, 2, 31, 50, '', 'Delivered'),
(913, 18, 3, 39, 2, 29, 50, '', 'Delivered'),
(914, 19, 3, 39, 2, 19, 50, '', 'Delivered'),
(915, 20, 3, 39, 2, 18, 50, '', 'Delivered'),
(916, 21, 3, 39, 2, 22, 50, '', 'Delivered'),
(917, 22, 3, 39, 2, 17, 50, '', 'Delivered'),
(918, 23, 3, 39, 2, 0, 50, '', 'Delivered'),
(919, 24, 3, 39, 2, 24, 50, '', 'Delivered'),
(920, 25, 3, 39, 2, 22, 50, '', 'Delivered'),
(921, 26, 3, 39, 2, 19, 50, '', 'Delivered'),
(922, 27, 3, 39, 2, 15, 50, '', 'Delivered'),
(923, 28, 3, 39, 2, 17, 50, '', 'Delivered'),
(924, 29, 3, 39, 2, 21, 50, '', 'Delivered'),
(925, 30, 3, 39, 2, 27, 50, '', 'Delivered'),
(926, 31, 3, 39, 2, 26, 50, '', 'Delivered'),
(927, 32, 3, 39, 2, 33, 50, '', 'Delivered'),
(928, 33, 3, 39, 2, 19, 50, '', 'Delivered'),
(929, 34, 3, 39, 2, 17, 50, '', 'Delivered'),
(930, 35, 3, 39, 2, 17, 50, '', 'Delivered'),
(931, 36, 3, 39, 2, 17, 50, '', 'Delivered'),
(932, 37, 3, 39, 2, 25, 50, '', 'Delivered'),
(933, 38, 3, 39, 2, 14, 50, '', 'Delivered'),
(934, 39, 3, 39, 2, 17, 50, '', 'Delivered'),
(935, 40, 3, 39, 2, 29, 50, '', 'Delivered'),
(936, 41, 3, 39, 2, 26, 50, '', 'Delivered'),
(937, 42, 3, 39, 2, 19, 50, '', 'Delivered'),
(938, 1, 3, 3, 2, 40, 50, '', 'Delivered Second Time'),
(939, 2, 3, 3, 2, 40, 50, '', 'Delivered'),
(940, 3, 3, 3, 2, 0, 50, '', 'Delivered'),
(941, 4, 3, 3, 2, 37, 50, '', 'Delivered'),
(942, 5, 3, 3, 2, 38, 50, '', 'Delivered'),
(943, 6, 3, 3, 2, 36, 50, '', 'Delivered'),
(944, 7, 3, 3, 2, 0, 50, '', 'Delivered'),
(945, 8, 3, 3, 2, 42, 50, '', 'Delivered'),
(946, 9, 3, 3, 2, 43, 50, '', 'Delivered'),
(947, 10, 3, 3, 2, 33, 50, '', 'Delivered'),
(948, 11, 3, 3, 2, 39, 50, '', 'Delivered'),
(949, 12, 3, 3, 2, 34, 50, '', 'Delivered'),
(950, 13, 3, 3, 2, 38, 50, '', 'Delivered'),
(951, 14, 3, 3, 2, 41, 50, '', 'Delivered'),
(952, 15, 3, 3, 2, 39, 50, '', 'Delivered'),
(953, 16, 3, 3, 2, 0, 50, '', 'Delivered'),
(954, 17, 3, 3, 2, 42, 50, '', 'Delivered'),
(955, 18, 3, 3, 2, 36, 50, '', 'Delivered'),
(956, 19, 3, 3, 2, 42, 50, '', 'Delivered'),
(957, 20, 3, 3, 2, 37, 50, '', 'Delivered'),
(958, 21, 3, 3, 2, 38, 50, '', 'Delivered'),
(959, 22, 3, 3, 2, 41, 50, '', 'Delivered'),
(960, 23, 3, 3, 2, 36, 50, '', 'Delivered'),
(961, 24, 3, 3, 2, 39, 50, '', 'Delivered'),
(962, 25, 3, 3, 2, 38, 50, '', 'Delivered'),
(963, 26, 3, 3, 2, 37, 50, '', 'Delivered'),
(964, 27, 3, 3, 2, 40, 50, '', 'Delivered'),
(965, 28, 3, 3, 2, 32, 50, '', 'Delivered'),
(966, 29, 3, 3, 2, 37, 50, '', 'Delivered'),
(967, 30, 3, 3, 2, 38, 50, '', 'Delivered'),
(968, 31, 3, 3, 2, 38, 50, '', 'Delivered'),
(969, 32, 3, 3, 2, 42, 50, '', 'Delivered'),
(970, 33, 3, 3, 2, 34, 50, '', 'Delivered'),
(971, 34, 3, 3, 2, 37, 50, '', 'Delivered'),
(972, 35, 3, 3, 2, 37, 50, '', 'Delivered'),
(973, 36, 3, 3, 2, 37, 50, '', 'Delivered'),
(974, 37, 3, 3, 2, 0, 50, '', 'Delivered'),
(975, 38, 3, 3, 2, 33, 50, '', 'Delivered'),
(976, 39, 3, 3, 2, 38, 50, '', 'Delivered'),
(977, 40, 3, 3, 2, 36, 50, '', 'Delivered'),
(978, 41, 3, 3, 2, 41, 50, '', 'Delivered'),
(979, 42, 3, 3, 2, 37, 50, '', 'Delivered'),
(980, 100, 5, 40, 2, 4, 40, '', 'Delivered'),
(981, 101, 5, 40, 2, 16, 40, '', 'Delivered'),
(982, 102, 5, 40, 2, 6, 40, '', 'Delivered'),
(983, 103, 5, 40, 2, 7, 40, '', 'Delivered'),
(984, 104, 5, 40, 2, 13, 40, '', 'Delivered'),
(985, 105, 5, 40, 2, 15, 40, '', 'Delivered'),
(986, 106, 5, 40, 2, 12, 40, '', 'Delivered'),
(987, 107, 5, 40, 2, 7, 40, '', 'Delivered'),
(988, 108, 5, 40, 2, 6, 40, '', 'Delivered'),
(989, 109, 5, 40, 2, 12, 40, '', 'Delivered'),
(990, 110, 5, 40, 2, 7, 40, '', 'Delivered'),
(991, 111, 5, 40, 2, 14, 40, '', 'Delivered'),
(992, 112, 5, 40, 2, 9, 40, '', 'Delivered'),
(993, 113, 5, 40, 2, 20, 40, '', 'Delivered'),
(994, 114, 5, 40, 2, 12, 40, '', 'Delivered'),
(995, 115, 5, 40, 2, 3, 40, '', 'Delivered'),
(996, 116, 5, 40, 2, 0, 40, '', 'Delivered'),
(997, 117, 5, 40, 2, 5, 40, '', 'Delivered'),
(998, 118, 5, 40, 2, 0, 40, '', 'Delivered'),
(999, 119, 5, 40, 2, 12, 40, '', 'Delivered'),
(1000, 120, 5, 40, 2, 12, 40, '', 'Delivered'),
(1001, 121, 5, 40, 2, 0, 40, '', 'Delivered'),
(1024, 100, 5, 42, 2, 8, 50, '', 'Delivered'),
(1025, 101, 5, 42, 2, 21, 50, '', 'Delivered'),
(1026, 102, 5, 42, 2, 6, 50, '', 'Delivered'),
(1027, 103, 5, 42, 2, 3, 50, '', 'Delivered'),
(1028, 104, 5, 42, 2, 18, 50, '', 'Delivered'),
(1029, 105, 5, 42, 2, 15, 50, '', 'Delivered'),
(1030, 106, 5, 42, 2, 9, 50, '', 'Delivered'),
(1031, 107, 5, 42, 2, 6, 50, '', 'Delivered'),
(1032, 108, 5, 42, 2, 12, 50, '', 'Delivered'),
(1033, 109, 5, 42, 2, 18, 50, '', 'Delivered'),
(1034, 110, 5, 42, 2, 20, 50, '', 'Delivered'),
(1035, 111, 5, 42, 2, 6, 50, '', 'Delivered'),
(1036, 112, 5, 42, 2, 16, 50, '', 'Delivered'),
(1037, 113, 5, 42, 2, 17, 50, '', 'Delivered'),
(1038, 114, 5, 42, 2, 13, 50, '', 'Delivered'),
(1039, 115, 5, 42, 2, 14, 50, '', 'Delivered'),
(1040, 116, 5, 42, 2, 0, 50, '', 'Delivered'),
(1041, 117, 5, 42, 2, 3, 50, '', 'Delivered'),
(1042, 118, 5, 42, 2, 7, 50, '', 'Delivered'),
(1043, 119, 5, 42, 2, 13, 50, '', 'Delivered'),
(1044, 120, 5, 42, 2, 24, 50, '', 'Delivered'),
(1045, 121, 5, 42, 2, 0, 50, '', 'Delivered'),
(1046, 100, 5, 44, 2, 29, 50, '', 'Delivered'),
(1047, 101, 5, 44, 2, 40, 50, '', 'Delivered'),
(1048, 102, 5, 44, 2, 34, 50, '', 'Delivered'),
(1049, 103, 5, 44, 2, 18, 50, '', 'Delivered'),
(1050, 104, 5, 44, 2, 30, 50, '', 'Delivered'),
(1051, 105, 5, 44, 2, 27, 50, '', 'Delivered'),
(1052, 106, 5, 44, 2, 28, 50, '', 'Delivered'),
(1053, 107, 5, 44, 2, 29, 50, '', 'Delivered'),
(1054, 108, 5, 44, 2, 37, 50, '', 'Delivered'),
(1055, 109, 5, 44, 2, 27, 50, '', 'Delivered'),
(1056, 110, 5, 44, 2, 32, 50, '', 'Delivered'),
(1057, 111, 5, 44, 2, 36, 50, '', 'Delivered'),
(1058, 112, 5, 44, 2, 26, 50, '', 'Delivered'),
(1059, 113, 5, 44, 2, 38, 50, '', 'Delivered'),
(1060, 114, 5, 44, 2, 28, 50, '', 'Delivered'),
(1061, 115, 5, 44, 2, 23, 50, '', 'Delivered'),
(1062, 116, 5, 44, 2, 0, 50, '', 'Delivered'),
(1063, 117, 5, 44, 2, 35, 50, '', 'Delivered'),
(1064, 118, 5, 44, 2, 31, 50, '', 'Delivered'),
(1065, 119, 5, 44, 2, 27, 50, '', 'Delivered'),
(1066, 120, 5, 44, 2, 36, 50, '', 'Delivered'),
(1067, 121, 5, 44, 2, 0, 50, '', 'Delivered'),
(1068, 100, 5, 45, 2, 24, 40, '', 'Delivered'),
(1069, 101, 5, 45, 2, 22, 40, '', 'Delivered'),
(1070, 102, 5, 45, 2, 7, 40, '', 'Delivered'),
(1071, 103, 5, 45, 2, 17, 40, '', 'Delivered'),
(1072, 104, 5, 45, 2, 12, 40, '', 'Delivered'),
(1073, 105, 5, 45, 2, 16, 40, '', 'Delivered'),
(1074, 106, 5, 45, 2, 15, 40, '', 'Delivered'),
(1075, 107, 5, 45, 2, 2, 40, '', 'Delivered'),
(1076, 108, 5, 45, 2, 19, 40, '', 'Delivered'),
(1077, 109, 5, 45, 2, 17, 40, '', 'Delivered'),
(1078, 110, 5, 45, 2, 10, 40, '', 'Delivered'),
(1079, 111, 5, 45, 2, 12, 40, '', 'Delivered'),
(1080, 112, 5, 45, 2, 18, 40, '', 'Delivered'),
(1081, 113, 5, 45, 2, 20, 40, '', 'Delivered'),
(1082, 114, 5, 45, 2, 0, 40, '', 'Delivered'),
(1083, 115, 5, 45, 2, 4, 40, '', 'Delivered'),
(1084, 116, 5, 45, 2, 0, 40, '', 'Delivered'),
(1085, 117, 5, 45, 2, 15, 40, '', 'Delivered'),
(1086, 118, 5, 45, 2, 4, 40, '', 'Delivered'),
(1087, 119, 5, 45, 2, 17, 40, '', 'Delivered'),
(1088, 120, 5, 45, 2, 12, 40, '', 'Delivered'),
(1089, 121, 5, 45, 2, 11, 40, '', 'Delivered'),
(1090, 100, 5, 41, 2, 18, 40, '', 'Delivered'),
(1091, 101, 5, 41, 2, 23, 40, '', 'Delivered'),
(1092, 102, 5, 41, 2, 7, 40, '', 'Delivered'),
(1093, 103, 5, 41, 2, 7, 40, '', 'Delivered'),
(1094, 104, 5, 41, 2, 13, 40, '', 'Delivered'),
(1095, 105, 5, 41, 2, 18, 40, '', 'Delivered'),
(1096, 106, 5, 41, 2, 21, 40, '', 'Delivered'),
(1097, 107, 5, 41, 2, 7, 40, '', 'Delivered'),
(1098, 108, 5, 41, 2, 11, 40, '', 'Delivered'),
(1099, 109, 5, 41, 2, 16, 40, '', 'Delivered'),
(1100, 110, 5, 41, 2, 17, 40, '', 'Delivered'),
(1101, 111, 5, 41, 2, 12, 40, '', 'Delivered'),
(1102, 112, 5, 41, 2, 16, 40, '', 'Delivered'),
(1103, 113, 5, 41, 2, 21, 40, '', 'Delivered'),
(1104, 114, 5, 41, 2, 14, 40, '', 'Delivered'),
(1105, 115, 5, 41, 2, 5, 40, '', 'Delivered'),
(1106, 116, 5, 41, 2, 0, 40, '', 'Delivered'),
(1107, 117, 5, 41, 2, 8, 40, '', 'Delivered'),
(1108, 118, 5, 41, 2, 9, 40, '', 'Delivered'),
(1109, 119, 5, 41, 2, 18, 40, '', 'Delivered'),
(1110, 120, 5, 41, 2, 4, 40, '', 'Delivered'),
(1111, 121, 5, 41, 2, 8, 40, '', 'Delivered'),
(1112, 1, 3, 5, 2, 35, 40, '', 'Delivered Second Time'),
(1113, 2, 3, 5, 2, 36, 40, '', 'Delivered'),
(1114, 3, 3, 5, 2, 25, 40, '', 'Delivered'),
(1115, 4, 3, 5, 2, 36, 40, '', 'Delivered'),
(1116, 5, 3, 5, 2, 35, 40, '', 'Delivered'),
(1117, 6, 3, 5, 2, 21, 40, '', 'Delivered'),
(1118, 7, 3, 5, 2, 16, 40, '', 'Delivered'),
(1119, 8, 3, 5, 2, 36, 40, '', 'Delivered'),
(1120, 9, 3, 5, 2, 38, 40, '', 'Delivered'),
(1121, 10, 3, 5, 2, 24, 40, '', 'Delivered'),
(1122, 11, 3, 5, 2, 30, 40, '', 'Delivered'),
(1123, 12, 3, 5, 2, 29, 40, '', 'Delivered'),
(1124, 13, 3, 5, 2, 38, 40, '', 'Delivered'),
(1125, 14, 3, 5, 2, 21, 40, '', 'Delivered'),
(1126, 15, 3, 5, 2, 31, 40, '', 'Delivered'),
(1127, 16, 3, 5, 2, 0, 40, '', 'Delivered'),
(1128, 17, 3, 5, 2, 36, 40, '', 'Delivered'),
(1129, 18, 3, 5, 2, 34, 40, '', 'Delivered'),
(1130, 19, 3, 5, 2, 30, 40, '', 'Delivered'),
(1131, 20, 3, 5, 2, 31, 40, '', 'Delivered'),
(1132, 21, 3, 5, 2, 35, 40, '', 'Delivered'),
(1133, 22, 3, 5, 2, 30, 40, '', 'Delivered'),
(1134, 23, 3, 5, 2, 33, 40, '', 'Delivered'),
(1135, 24, 3, 5, 2, 28, 40, '', 'Delivered'),
(1136, 25, 3, 5, 2, 35, 40, '', 'Delivered'),
(1137, 26, 3, 5, 2, 29, 40, '', 'Delivered'),
(1138, 27, 3, 5, 2, 35, 40, '', 'Delivered'),
(1139, 28, 3, 5, 2, 20, 40, '', 'Delivered'),
(1140, 29, 3, 5, 2, 35, 40, '', 'Delivered'),
(1141, 30, 3, 5, 2, 22, 40, '', 'Delivered'),
(1142, 31, 3, 5, 2, 36, 40, '', 'Delivered'),
(1143, 32, 3, 5, 2, 36, 40, '', 'Delivered'),
(1144, 33, 3, 5, 2, 26, 40, '', 'Delivered'),
(1145, 34, 3, 5, 2, 37, 40, '', 'Delivered'),
(1146, 35, 3, 5, 2, 0, 40, '', 'Delivered'),
(1147, 36, 3, 5, 2, 26, 40, '', 'Delivered'),
(1148, 37, 3, 5, 2, 36, 40, '', 'Delivered'),
(1149, 38, 3, 5, 2, 10, 40, '', 'Delivered'),
(1150, 39, 3, 5, 2, 26, 40, '', 'Delivered'),
(1151, 40, 3, 5, 2, 33, 40, '', 'Delivered'),
(1152, 41, 3, 5, 2, 38, 40, '', 'Delivered'),
(1153, 42, 3, 5, 2, 32, 40, '', 'Delivered'),
(1154, 122, 6, 47, 2, 6, 40, '', 'Delivered'),
(1155, 123, 6, 47, 2, 0, 40, '', 'Delivered'),
(1156, 124, 6, 47, 2, 11, 40, '', 'Delivered'),
(1157, 125, 6, 47, 2, 8, 40, '', 'Delivered'),
(1158, 126, 6, 47, 2, 15, 40, '', 'Delivered'),
(1159, 127, 6, 47, 2, 9, 40, '', 'Delivered'),
(1160, 128, 6, 47, 2, 9, 40, '', 'Delivered'),
(1161, 129, 6, 47, 2, 0, 40, '', 'Delivered'),
(1162, 130, 6, 47, 2, 5, 40, '', 'Delivered'),
(1163, 131, 6, 47, 2, 0, 40, '', 'Delivered'),
(1164, 132, 6, 47, 2, 8, 40, '', 'Delivered'),
(1165, 133, 6, 47, 2, 3, 40, '', 'Delivered'),
(1166, 134, 6, 47, 2, 18, 40, '', 'Delivered'),
(1167, 135, 6, 47, 2, 11, 40, '', 'Delivered'),
(1168, 122, 6, 48, 2, 10, 40, '', 'Delivered'),
(1169, 123, 6, 48, 2, 8, 40, '', 'Delivered'),
(1170, 124, 6, 48, 2, 11, 40, '', 'Delivered'),
(1171, 125, 6, 48, 2, 9, 40, '', 'Delivered'),
(1172, 126, 6, 48, 2, 7, 40, '', 'Delivered'),
(1173, 127, 6, 48, 2, 12, 40, '', 'Delivered'),
(1174, 128, 6, 48, 2, 15, 40, '', 'Delivered'),
(1175, 129, 6, 48, 2, 0, 40, '', 'Delivered'),
(1176, 130, 6, 48, 2, 7, 40, '', 'Delivered'),
(1177, 131, 6, 48, 2, 12, 40, '', 'Delivered'),
(1178, 132, 6, 48, 2, 13, 40, '', 'Delivered'),
(1179, 133, 6, 48, 2, 10, 40, '', 'Delivered'),
(1180, 134, 6, 48, 2, 13, 40, '', 'Delivered'),
(1181, 135, 6, 48, 2, 9, 40, '', 'Delivered'),
(1182, 122, 6, 49, 2, 11, 50, '', 'Delivered'),
(1183, 123, 6, 49, 2, 13, 50, '', 'Delivered'),
(1184, 124, 6, 49, 2, 10, 50, '', 'Delivered'),
(1185, 125, 6, 49, 2, 19, 50, '', 'Delivered'),
(1186, 126, 6, 49, 2, 5, 50, '', 'Delivered'),
(1187, 127, 6, 49, 2, 4, 50, '', 'Delivered'),
(1188, 128, 6, 49, 2, 8, 50, '', 'Delivered'),
(1189, 129, 6, 49, 2, 0, 50, '', 'Delivered'),
(1190, 130, 6, 49, 2, 11, 50, '', 'Delivered'),
(1191, 131, 6, 49, 2, 0, 50, '', 'Delivered'),
(1192, 132, 6, 49, 2, 4, 50, '', 'Delivered'),
(1193, 133, 6, 49, 2, 7, 50, '', 'Delivered'),
(1194, 134, 6, 49, 2, 17, 50, '', 'Delivered'),
(1195, 135, 6, 49, 2, 11, 50, '', 'Delivered'),
(1196, 122, 6, 51, 2, 19, 50, '', 'Delivered'),
(1197, 123, 6, 51, 2, 26, 50, '', 'Delivered'),
(1198, 124, 6, 51, 2, 32, 50, '', 'Delivered'),
(1199, 125, 6, 51, 2, 28, 50, '', 'Delivered'),
(1200, 126, 6, 51, 2, 31, 50, '', 'Delivered'),
(1201, 127, 6, 51, 2, 28, 50, '', 'Delivered'),
(1202, 128, 6, 51, 2, 21, 50, '', 'Delivered'),
(1203, 129, 6, 51, 2, 0, 50, '', 'Delivered'),
(1204, 130, 6, 51, 2, 0, 50, '', 'Delivered'),
(1205, 131, 6, 51, 2, 0, 50, '', 'Delivered'),
(1206, 132, 6, 51, 2, 32, 50, '', 'Delivered'),
(1207, 133, 6, 51, 2, 26, 50, '', 'Delivered'),
(1208, 134, 6, 51, 2, 26, 50, '', 'Delivered'),
(1209, 135, 6, 51, 2, 36, 50, '', 'Delivered'),
(1210, 122, 6, 50, 2, 5, 40, '', 'Delivered'),
(1211, 123, 6, 50, 2, 0, 40, '', 'Delivered'),
(1212, 124, 6, 50, 2, 15, 40, '', 'Delivered'),
(1213, 125, 6, 50, 2, 15, 40, '', 'Delivered'),
(1214, 126, 6, 50, 2, 17, 40, '', 'Delivered'),
(1215, 127, 6, 50, 2, 19, 40, '', 'Delivered'),
(1216, 128, 6, 50, 2, 21, 40, '', 'Delivered'),
(1217, 129, 6, 50, 2, 0, 40, '', 'Delivered'),
(1218, 130, 6, 50, 2, 0, 40, '', 'Delivered'),
(1219, 131, 6, 50, 2, 0, 40, '', 'Delivered'),
(1220, 132, 6, 50, 2, 19, 40, '', 'Delivered'),
(1221, 133, 6, 50, 2, 13, 40, '', 'Delivered'),
(1222, 134, 6, 50, 2, 0, 40, '', 'Delivered'),
(1223, 135, 6, 50, 2, 22, 40, '', 'Delivered'),
(1224, 61, 4, 54, 2, 28, 40, '', 'Delivered'),
(1225, 62, 4, 54, 2, 30, 40, '', 'Delivered'),
(1226, 63, 4, 54, 2, 26, 40, '', 'Delivered'),
(1227, 64, 4, 54, 2, 35, 40, '', 'Delivered'),
(1228, 65, 4, 54, 2, 38, 40, '', 'Delivered'),
(1229, 66, 4, 54, 2, 0, 40, '', 'Delivered'),
(1230, 67, 4, 54, 2, 31, 40, '', 'Delivered'),
(1231, 68, 4, 54, 2, 0, 40, '', 'Delivered'),
(1232, 69, 4, 54, 2, 25, 40, '', 'Delivered'),
(1233, 70, 4, 54, 2, 36, 40, '', 'Delivered'),
(1234, 71, 4, 54, 2, 36, 40, '', 'Delivered'),
(1235, 72, 4, 54, 2, 35, 40, '', 'Delivered'),
(1236, 73, 4, 54, 2, 35, 40, '', 'Delivered'),
(1237, 74, 4, 54, 2, 30, 40, '', 'Delivered'),
(1238, 75, 4, 54, 2, 33, 40, '', 'Delivered'),
(1239, 76, 4, 54, 2, 32, 40, '', 'Delivered'),
(1240, 77, 4, 54, 2, 34, 40, '', 'Delivered'),
(1241, 78, 4, 54, 2, 36, 40, '', 'Delivered'),
(1242, 79, 4, 54, 2, 28, 40, '', 'Delivered'),
(1243, 80, 4, 54, 2, 22, 40, '', 'Delivered'),
(1244, 81, 4, 54, 2, 31, 40, '', 'Delivered'),
(1245, 82, 4, 54, 2, 0, 40, '', 'Delivered'),
(1246, 83, 4, 54, 2, 34, 40, '', 'Delivered');
INSERT INTO `marks` (`markid`, `student_id`, `class_id`, `subject_id`, `exam_id`, `mark_obt`, `total_mark`, `comment`, `msg_status`) VALUES
(1247, 84, 4, 54, 2, 0, 40, '', 'Delivered'),
(1248, 85, 4, 54, 2, 33, 40, '', 'Delivered'),
(1249, 86, 4, 54, 2, 26, 40, '', 'Delivered'),
(1250, 87, 4, 54, 2, 25, 40, '', 'Delivered'),
(1251, 88, 4, 54, 2, 33, 40, '', 'Delivered'),
(1252, 89, 4, 54, 2, 20, 40, '', 'Delivered'),
(1253, 90, 4, 54, 2, 24, 40, '', 'Delivered Second Time'),
(1254, 91, 4, 54, 2, 37, 40, '', 'Delivered'),
(1255, 92, 4, 54, 2, 31, 40, '', 'Delivered'),
(1256, 93, 4, 54, 2, 0, 40, '', 'Delivered'),
(1257, 94, 4, 54, 2, 0, 40, '', 'Delivered'),
(1258, 95, 4, 54, 2, 27, 40, '', 'Delivered'),
(1259, 96, 4, 54, 2, 24, 40, '', 'Delivered'),
(1260, 97, 4, 54, 2, 37, 40, '', 'Delivered'),
(1261, 98, 4, 54, 2, 29, 40, '', 'Delivered'),
(1262, 99, 4, 54, 2, 33, 40, '', 'Delivered'),
(1263, 225, 4, 54, 2, 34, 40, '', 'Delivered'),
(1264, 61, 4, 58, 2, 27, 40, '', 'Delivered'),
(1265, 62, 4, 58, 2, 15, 40, '', 'Delivered'),
(1266, 63, 4, 58, 2, 33, 40, '', 'Delivered'),
(1267, 64, 4, 58, 2, 36, 40, '', 'Delivered'),
(1268, 65, 4, 58, 2, 31, 40, '', 'Delivered'),
(1269, 66, 4, 58, 2, 32, 40, '', 'Delivered'),
(1270, 67, 4, 58, 2, 36, 40, '', 'Delivered'),
(1271, 68, 4, 58, 2, 0, 40, '', 'Delivered'),
(1272, 69, 4, 58, 2, 34, 40, '', 'Delivered'),
(1273, 70, 4, 58, 2, 33, 40, '', 'Delivered'),
(1274, 71, 4, 58, 2, 26, 40, '', 'Delivered'),
(1275, 72, 4, 58, 2, 26, 40, '', 'Delivered'),
(1276, 73, 4, 58, 2, 31, 40, '', 'Delivered'),
(1277, 74, 4, 58, 2, 13, 40, '', 'Delivered'),
(1278, 75, 4, 58, 2, 27, 40, '', 'Delivered'),
(1279, 76, 4, 58, 2, 18, 40, '', 'Delivered'),
(1280, 77, 4, 58, 2, 14, 40, '', 'Delivered'),
(1281, 78, 4, 58, 2, 32, 40, '', 'Delivered'),
(1282, 79, 4, 58, 2, 19, 40, '', 'Delivered'),
(1283, 80, 4, 58, 2, 11, 40, '', 'Delivered'),
(1284, 81, 4, 58, 2, 32, 40, '', 'Delivered'),
(1285, 82, 4, 58, 2, 25, 40, '', 'Delivered'),
(1286, 83, 4, 58, 2, 38, 40, '', 'Delivered'),
(1287, 84, 4, 58, 2, 7, 40, '', 'Delivered'),
(1288, 85, 4, 58, 2, 23, 40, '', 'Delivered'),
(1289, 86, 4, 58, 2, 29, 40, '', 'Delivered'),
(1290, 87, 4, 58, 2, 21, 40, '', 'Delivered'),
(1291, 88, 4, 58, 2, 30, 40, '', 'Delivered'),
(1292, 89, 4, 58, 2, 14, 40, '', 'Delivered'),
(1293, 90, 4, 58, 2, 34, 40, '', 'Delivered Second Time'),
(1294, 91, 4, 58, 2, 25, 40, '', 'Delivered'),
(1295, 92, 4, 58, 2, 22, 40, '', 'Delivered'),
(1296, 93, 4, 58, 2, 17, 40, '', 'Delivered'),
(1297, 94, 4, 58, 2, 0, 40, '', 'Delivered'),
(1298, 95, 4, 58, 2, 23, 40, '', 'Delivered'),
(1299, 96, 4, 58, 2, 21, 40, '', 'Delivered'),
(1300, 97, 4, 58, 2, 18, 40, '', 'Delivered'),
(1301, 98, 4, 58, 2, 22, 40, '', 'Delivered'),
(1302, 99, 4, 58, 2, 23, 40, '', 'Delivered'),
(1303, 225, 4, 58, 2, 30, 40, '', 'Delivered'),
(1304, 61, 4, 56, 2, 19, 50, '', 'Delivered'),
(1305, 62, 4, 56, 2, 20, 50, '', 'Delivered'),
(1306, 63, 4, 56, 2, 24, 50, '', 'Delivered'),
(1307, 64, 4, 56, 2, 36, 50, '', 'Delivered'),
(1308, 65, 4, 56, 2, 29, 50, '', 'Delivered'),
(1309, 66, 4, 56, 2, 0, 50, '', 'Delivered'),
(1310, 67, 4, 56, 2, 18, 50, '', 'Delivered'),
(1311, 68, 4, 56, 2, 0, 50, '', 'Delivered'),
(1312, 69, 4, 56, 2, 26, 50, '', 'Delivered'),
(1313, 70, 4, 56, 2, 22, 50, '', 'Delivered'),
(1314, 71, 4, 56, 2, 25, 50, '', 'Delivered'),
(1315, 72, 4, 56, 2, 23, 50, '', 'Delivered'),
(1316, 73, 4, 56, 2, 27, 50, '', 'Delivered'),
(1317, 74, 4, 56, 2, 19, 50, '', 'Delivered'),
(1318, 75, 4, 56, 2, 12, 50, '', 'Delivered'),
(1319, 76, 4, 56, 2, 18, 50, '', 'Delivered'),
(1320, 77, 4, 56, 2, 27, 50, '', 'Delivered'),
(1321, 78, 4, 56, 2, 22, 50, '', 'Delivered'),
(1322, 79, 4, 56, 2, 17, 50, '', 'Delivered'),
(1323, 80, 4, 56, 2, 11, 50, '', 'Delivered'),
(1324, 81, 4, 56, 2, 12, 50, '', 'Delivered'),
(1325, 82, 4, 56, 2, 15, 50, '', 'Delivered'),
(1326, 83, 4, 56, 2, 31, 50, '', 'Delivered'),
(1327, 84, 4, 56, 2, 16, 50, '', 'Delivered'),
(1328, 85, 4, 56, 2, 18, 50, '', 'Delivered'),
(1329, 86, 4, 56, 2, 11, 50, '', 'Delivered'),
(1330, 87, 4, 56, 2, 12, 50, '', 'Delivered'),
(1331, 88, 4, 56, 2, 12, 50, '', 'Delivered'),
(1332, 89, 4, 56, 2, 11, 50, '', 'Delivered'),
(1333, 90, 4, 56, 2, 29, 50, '', 'Delivered Second Time'),
(1334, 91, 4, 56, 2, 16, 50, '', 'Delivered'),
(1335, 92, 4, 56, 2, 24, 50, '', 'Delivered'),
(1336, 93, 4, 56, 2, 18, 50, '', 'Delivered'),
(1337, 94, 4, 56, 2, 0, 50, '', 'Delivered'),
(1338, 95, 4, 56, 2, 14, 50, '', 'Delivered'),
(1339, 96, 4, 56, 2, 20, 50, '', 'Delivered'),
(1340, 97, 4, 56, 2, 15, 50, '', 'Delivered'),
(1341, 98, 4, 56, 2, 11, 50, '', 'Delivered'),
(1342, 99, 4, 56, 2, 16, 50, '', 'Delivered'),
(1343, 225, 4, 56, 2, 14, 50, '', 'Delivered'),
(1344, 61, 4, 57, 2, 22, 40, '', 'Delivered'),
(1345, 62, 4, 57, 2, 25, 40, '', 'Delivered'),
(1346, 63, 4, 57, 2, 28, 40, '', 'Delivered'),
(1347, 64, 4, 57, 2, 31, 40, '', 'Delivered'),
(1348, 65, 4, 57, 2, 31, 40, '', 'Delivered'),
(1349, 66, 4, 57, 2, 24, 40, '', 'Delivered'),
(1350, 67, 4, 57, 2, 26, 40, '', 'Delivered'),
(1351, 68, 4, 57, 2, 0, 40, '', 'Delivered'),
(1352, 69, 4, 57, 2, 22, 40, '', 'Delivered'),
(1353, 70, 4, 57, 2, 27, 40, '', 'Delivered'),
(1354, 71, 4, 57, 2, 33, 40, '', 'Delivered'),
(1355, 72, 4, 57, 2, 26, 40, '', 'Delivered'),
(1356, 73, 4, 57, 2, 25, 40, '', 'Delivered'),
(1357, 74, 4, 57, 2, 9, 40, '', 'Delivered'),
(1358, 75, 4, 57, 2, 18, 40, '', 'Delivered'),
(1359, 76, 4, 57, 2, 16, 40, '', 'Delivered'),
(1360, 77, 4, 57, 2, 24, 40, '', 'Delivered'),
(1361, 78, 4, 57, 2, 32, 40, '', 'Delivered'),
(1362, 79, 4, 57, 2, 24, 40, '', 'Delivered'),
(1363, 80, 4, 57, 2, 20, 40, '', 'Delivered'),
(1364, 81, 4, 57, 2, 24, 40, '', 'Delivered'),
(1365, 82, 4, 57, 2, 23, 40, '', 'Delivered'),
(1366, 83, 4, 57, 2, 34, 40, '', 'Delivered'),
(1367, 84, 4, 57, 2, 12, 40, '', 'Delivered'),
(1368, 85, 4, 57, 2, 20, 40, '', 'Delivered'),
(1369, 86, 4, 57, 2, 19, 40, '', 'Delivered'),
(1370, 87, 4, 57, 2, 25, 40, '', 'Delivered'),
(1371, 88, 4, 57, 2, 25, 40, '', 'Delivered'),
(1372, 89, 4, 57, 2, 23, 40, '', 'Delivered'),
(1373, 90, 4, 57, 2, 35, 40, '', 'Delivered Second Time'),
(1374, 91, 4, 57, 2, 29, 40, '', 'Delivered'),
(1375, 92, 4, 57, 2, 17, 40, '', 'Delivered'),
(1376, 93, 4, 57, 2, 20, 40, '', 'Delivered'),
(1377, 94, 4, 57, 2, 0, 40, '', 'Delivered'),
(1378, 95, 4, 57, 2, 17, 40, '', 'Delivered'),
(1379, 96, 4, 57, 2, 14, 40, '', 'Delivered'),
(1380, 97, 4, 57, 2, 20, 40, '', 'Delivered'),
(1381, 98, 4, 57, 2, 20, 40, '', 'Delivered'),
(1382, 99, 4, 57, 2, 10, 40, '', 'Delivered'),
(1383, 225, 4, 57, 2, 10, 40, '', 'Delivered'),
(1384, 61, 4, 59, 2, 22, 40, '', 'Delivered'),
(1385, 62, 4, 59, 2, 21, 40, '', 'Delivered'),
(1386, 63, 4, 59, 2, 27, 40, '', 'Delivered'),
(1387, 64, 4, 59, 2, 23, 40, '', 'Delivered'),
(1388, 65, 4, 59, 2, 21, 40, '', 'Delivered'),
(1389, 66, 4, 59, 2, 17, 40, '', 'Delivered'),
(1390, 67, 4, 59, 2, 16, 40, '', 'Delivered'),
(1391, 68, 4, 59, 2, 0, 40, '', 'Delivered'),
(1392, 69, 4, 59, 2, 22, 40, '', 'Delivered'),
(1393, 70, 4, 59, 2, 27, 40, '', 'Delivered'),
(1394, 71, 4, 59, 2, 20, 40, '', 'Delivered'),
(1395, 72, 4, 59, 2, 30, 40, '', 'Delivered'),
(1396, 73, 4, 59, 2, 31, 40, '', 'Delivered'),
(1397, 74, 4, 59, 2, 14, 40, '', 'Delivered'),
(1398, 75, 4, 59, 2, 7, 40, '', 'Delivered'),
(1399, 76, 4, 59, 2, 15, 40, '', 'Delivered'),
(1400, 77, 4, 59, 2, 21, 40, '', 'Delivered'),
(1401, 78, 4, 59, 2, 23, 40, '', 'Delivered'),
(1402, 79, 4, 59, 2, 16, 40, '', 'Delivered'),
(1403, 80, 4, 59, 2, 15, 40, '', 'Delivered'),
(1404, 81, 4, 59, 2, 17, 40, '', 'Delivered'),
(1405, 82, 4, 59, 2, 0, 40, '', 'Delivered'),
(1406, 83, 4, 59, 2, 31, 40, '', 'Delivered'),
(1407, 84, 4, 59, 2, 9, 40, '', 'Delivered'),
(1408, 85, 4, 59, 2, 7, 40, '', 'Delivered'),
(1409, 86, 4, 59, 2, 16, 40, '', 'Delivered'),
(1410, 87, 4, 59, 2, 11, 40, '', 'Delivered'),
(1411, 88, 4, 59, 2, 19, 40, '', 'Delivered'),
(1412, 89, 4, 59, 2, 16, 40, '', 'Delivered'),
(1413, 90, 4, 59, 2, 26, 40, '', 'Delivered Second Time'),
(1414, 91, 4, 59, 2, 23, 40, '', 'Delivered'),
(1415, 92, 4, 59, 2, 18, 40, '', 'Delivered'),
(1416, 93, 4, 59, 2, 21, 40, '', 'Delivered'),
(1417, 94, 4, 59, 2, 0, 40, '', 'Delivered'),
(1418, 95, 4, 59, 2, 19, 40, '', 'Delivered'),
(1419, 96, 4, 59, 2, 12, 40, '', 'Delivered'),
(1420, 97, 4, 59, 2, 21, 40, '', 'Delivered'),
(1421, 98, 4, 59, 2, 8, 40, '', 'Delivered'),
(1422, 99, 4, 59, 2, 11, 40, '', 'Delivered'),
(1423, 225, 4, 59, 2, 10, 40, '', 'Delivered'),
(1424, 43, 11, 60, 2, 23, 50, '', 'Delivered'),
(1425, 44, 11, 60, 2, 25, 50, '', 'Delivered'),
(1426, 45, 11, 60, 2, 29, 50, '', 'Delivered'),
(1427, 46, 11, 60, 2, 22, 50, '', 'Delivered'),
(1428, 47, 11, 60, 2, 26, 50, '', 'Delivered'),
(1429, 48, 11, 60, 2, 21, 50, '', 'Delivered'),
(1430, 49, 11, 60, 2, 24, 50, '', 'Delivered'),
(1431, 50, 11, 60, 2, 17, 50, '', 'Delivered'),
(1432, 51, 11, 60, 2, 20, 50, '', 'Delivered'),
(1433, 52, 11, 60, 2, 23, 50, '', 'Delivered'),
(1434, 53, 11, 60, 2, 24, 50, '', 'Delivered'),
(1435, 54, 11, 60, 2, 24, 50, '', 'Delivered'),
(1436, 55, 11, 60, 2, 0, 50, '', 'Delivered'),
(1437, 56, 11, 60, 2, 19, 50, '', 'Delivered'),
(1438, 57, 11, 60, 2, 6, 50, '', 'Delivered'),
(1439, 58, 11, 60, 2, 25, 50, '', 'Delivered'),
(1440, 59, 11, 60, 2, 18, 50, '', 'Delivered'),
(1441, 43, 11, 61, 2, 38, 50, '', 'Delivered'),
(1442, 44, 11, 61, 2, 32, 50, '', 'Delivered'),
(1443, 45, 11, 61, 2, 38, 50, '', 'Delivered'),
(1444, 46, 11, 61, 2, 34, 50, '', 'Delivered'),
(1445, 47, 11, 61, 2, 0, 50, '', 'Delivered'),
(1446, 48, 11, 61, 2, 35, 50, '', 'Delivered'),
(1447, 49, 11, 61, 2, 38, 50, '', 'Delivered'),
(1448, 50, 11, 61, 2, 34, 50, '', 'Delivered'),
(1449, 51, 11, 61, 2, 30, 50, '', 'Delivered'),
(1450, 52, 11, 61, 2, 34, 50, '', 'Delivered'),
(1451, 53, 11, 61, 2, 34, 50, '', 'Delivered'),
(1452, 54, 11, 61, 2, 36, 50, '', 'Delivered'),
(1453, 55, 11, 61, 2, 27, 50, '', 'Delivered'),
(1454, 56, 11, 61, 2, 34, 50, '', 'Delivered'),
(1455, 57, 11, 61, 2, 27, 50, '', 'Delivered'),
(1456, 58, 11, 61, 2, 37, 50, '', 'Delivered'),
(1457, 59, 11, 61, 2, 38, 50, '', 'Delivered'),
(1458, 43, 11, 62, 2, 31, 40, '', 'Delivered'),
(1459, 44, 11, 62, 2, 33, 40, '', 'Delivered'),
(1460, 45, 11, 62, 2, 34, 40, '', 'Delivered'),
(1461, 46, 11, 62, 2, 25, 40, '', 'Delivered'),
(1462, 47, 11, 62, 2, 0, 40, '', 'Delivered'),
(1463, 48, 11, 62, 2, 31, 40, '', 'Delivered'),
(1464, 49, 11, 62, 2, 20, 40, '', 'Delivered'),
(1465, 50, 11, 62, 2, 16, 40, '', 'Delivered'),
(1466, 51, 11, 62, 2, 0, 40, '', 'Delivered'),
(1467, 52, 11, 62, 2, 30, 40, '', 'Delivered'),
(1468, 53, 11, 62, 2, 18, 40, '', 'Delivered'),
(1469, 54, 11, 62, 2, 0, 40, '', 'Delivered'),
(1470, 55, 11, 62, 2, 29, 40, '', 'Delivered'),
(1471, 56, 11, 62, 2, 28, 40, '', 'Delivered'),
(1472, 57, 11, 62, 2, 25, 40, '', 'Delivered'),
(1473, 58, 11, 62, 2, 31, 40, '', 'Delivered'),
(1474, 59, 11, 62, 2, 25, 40, '', 'Delivered'),
(1475, 43, 11, 63, 2, 23, 40, '', 'Delivered'),
(1476, 44, 11, 63, 2, 11, 40, '', 'Delivered'),
(1477, 45, 11, 63, 2, 17, 40, '', 'Delivered'),
(1478, 46, 11, 63, 2, 16, 40, '', 'Delivered'),
(1479, 47, 11, 63, 2, 24, 40, '', 'Delivered'),
(1480, 48, 11, 63, 2, 20, 40, '', 'Delivered'),
(1481, 49, 11, 63, 2, 21, 40, '', 'Delivered'),
(1482, 50, 11, 63, 2, 16, 40, '', 'Delivered'),
(1483, 51, 11, 63, 2, 23, 40, '', 'Delivered'),
(1484, 52, 11, 63, 2, 21, 40, '', 'Delivered'),
(1485, 53, 11, 63, 2, 11, 40, '', 'Delivered'),
(1486, 54, 11, 63, 2, 21, 40, '', 'Delivered'),
(1487, 55, 11, 63, 2, 15, 40, '', 'Delivered'),
(1488, 56, 11, 63, 2, 21, 40, '', 'Delivered'),
(1489, 57, 11, 63, 2, 9, 40, '', 'Delivered'),
(1490, 58, 11, 63, 2, 27, 40, '', 'Delivered'),
(1491, 59, 11, 63, 2, 27, 40, '', 'Delivered'),
(1492, 43, 11, 64, 2, 0, 40, '', 'Delivered'),
(1493, 44, 11, 64, 2, 19, 40, '', 'Delivered'),
(1494, 45, 11, 64, 2, 19, 40, '', 'Delivered'),
(1495, 46, 11, 64, 2, 22, 40, '', 'Delivered'),
(1496, 47, 11, 64, 2, 33, 40, '', 'Delivered'),
(1497, 48, 11, 64, 2, 12, 40, '', 'Delivered'),
(1498, 49, 11, 64, 2, 14, 40, '', 'Delivered'),
(1499, 50, 11, 64, 2, 13, 40, '', 'Delivered'),
(1500, 51, 11, 64, 2, 15, 40, '', 'Delivered'),
(1501, 52, 11, 64, 2, 15, 40, '', 'Delivered'),
(1502, 53, 11, 64, 2, 17, 40, '', 'Delivered'),
(1503, 54, 11, 64, 2, 0, 40, '', 'Delivered'),
(1504, 55, 11, 64, 2, 19, 40, '', 'Delivered'),
(1505, 56, 11, 64, 2, 17, 40, '', 'Delivered'),
(1506, 57, 11, 64, 2, 12, 40, '', 'Delivered'),
(1507, 58, 11, 64, 2, 25, 40, '', 'Delivered'),
(1508, 59, 11, 64, 2, 12, 40, '', 'Delivered'),
(1509, 136, 7, 65, 2, 11, 40, '', 'Delivered'),
(1510, 137, 7, 65, 2, 9, 40, '', 'Delivered'),
(1511, 138, 7, 65, 2, 14, 40, '', 'Delivered'),
(1512, 139, 7, 65, 2, 10, 40, '', 'Delivered'),
(1513, 140, 7, 65, 2, 5, 40, '', 'Delivered'),
(1514, 141, 7, 65, 2, 6, 40, '', 'Delivered'),
(1515, 142, 7, 65, 2, 7, 40, '', 'Delivered'),
(1516, 143, 7, 65, 2, 3, 40, '', 'Delivered'),
(1517, 144, 7, 65, 2, 11, 40, '', 'Delivered'),
(1518, 145, 7, 65, 2, 6, 40, '', 'Delivered'),
(1519, 146, 7, 65, 2, 6, 40, '', 'Delivered'),
(1520, 147, 7, 65, 2, 8, 40, '', 'Delivered'),
(1521, 148, 7, 65, 2, 19, 40, '', 'Delivered'),
(1522, 149, 7, 65, 2, 8, 40, '', 'Delivered'),
(1523, 150, 7, 65, 2, 0, 40, '', 'Delivered'),
(1524, 151, 7, 65, 2, 5, 40, '', 'Delivered'),
(1525, 136, 7, 67, 2, 0, 50, '', 'Delivered'),
(1526, 137, 7, 67, 2, 6, 50, '', 'Delivered'),
(1527, 138, 7, 67, 2, 18, 50, '', 'Delivered'),
(1528, 139, 7, 67, 2, 12, 50, '', 'Delivered'),
(1529, 140, 7, 67, 2, 1, 50, '', 'Delivered'),
(1530, 141, 7, 67, 2, 11, 50, '', 'Delivered'),
(1531, 142, 7, 67, 2, 6, 50, '', 'Delivered'),
(1532, 143, 7, 67, 2, 4, 50, '', 'Delivered'),
(1533, 144, 7, 67, 2, 10, 50, '', 'Delivered'),
(1534, 145, 7, 67, 2, 0, 50, '', 'Delivered'),
(1535, 146, 7, 67, 2, 6, 50, '', 'Delivered'),
(1536, 147, 7, 67, 2, 15, 50, '', 'Delivered'),
(1537, 148, 7, 67, 2, 1, 50, '', 'Delivered'),
(1538, 149, 7, 67, 2, 5, 50, '', 'Delivered'),
(1539, 150, 7, 67, 2, 0, 50, '', 'Delivered'),
(1540, 151, 7, 67, 2, 3, 50, '', 'Delivered'),
(1541, 136, 7, 69, 2, 17, 40, '', 'Delivered'),
(1542, 137, 7, 69, 2, 11, 40, '', 'Delivered'),
(1543, 138, 7, 69, 2, 0, 40, '', 'Delivered'),
(1544, 139, 7, 69, 2, 13, 40, '', 'Delivered'),
(1545, 140, 7, 69, 2, 4, 40, '', 'Delivered'),
(1546, 141, 7, 69, 2, 10, 40, '', 'Delivered'),
(1547, 142, 7, 69, 2, 22, 40, '', 'Delivered'),
(1548, 143, 7, 69, 2, 15, 40, '', 'Delivered'),
(1549, 144, 7, 69, 2, 11, 40, '', 'Delivered'),
(1550, 145, 7, 69, 2, 4, 40, '', 'Delivered'),
(1551, 146, 7, 69, 2, 9, 40, '', 'Delivered'),
(1552, 147, 7, 69, 2, 5, 40, '', 'Delivered'),
(1553, 148, 7, 69, 2, 29, 40, '', 'Delivered'),
(1554, 149, 7, 69, 2, 11, 40, '', 'Delivered'),
(1555, 150, 7, 69, 2, 6, 40, '', 'Delivered'),
(1556, 151, 7, 69, 2, 0, 40, '', 'Delivered'),
(1557, 61, 4, 55, 2, 25, 50, '', 'Delivered'),
(1558, 62, 4, 55, 2, 36, 50, '', 'Delivered'),
(1559, 63, 4, 55, 2, 38, 50, '', 'Delivered'),
(1560, 64, 4, 55, 2, 38, 50, '', 'Delivered'),
(1561, 65, 4, 55, 2, 41, 50, '', 'Delivered'),
(1562, 66, 4, 55, 2, 0, 50, '', 'Delivered'),
(1563, 67, 4, 55, 2, 0, 50, '', 'Delivered'),
(1564, 68, 4, 55, 2, 0, 50, '', 'Delivered'),
(1565, 69, 4, 55, 2, 34, 50, '', 'Delivered'),
(1566, 70, 4, 55, 2, 38, 50, '', 'Delivered'),
(1567, 71, 4, 55, 2, 39, 50, '', 'Delivered'),
(1568, 72, 4, 55, 2, 40, 50, '', 'Delivered'),
(1569, 73, 4, 55, 2, 35, 50, '', 'Delivered'),
(1570, 74, 4, 55, 2, 33, 50, '', 'Delivered'),
(1571, 75, 4, 55, 2, 33, 50, '', 'Delivered'),
(1572, 76, 4, 55, 2, 31, 50, '', 'Delivered'),
(1573, 77, 4, 55, 2, 33, 50, '', 'Delivered'),
(1574, 78, 4, 55, 2, 38, 50, '', 'Delivered'),
(1575, 79, 4, 55, 2, 37, 50, '', 'Delivered'),
(1576, 80, 4, 55, 2, 36, 50, '', 'Delivered'),
(1577, 81, 4, 55, 2, 37, 50, '', 'Delivered'),
(1578, 82, 4, 55, 2, 0, 50, '', 'Delivered'),
(1579, 83, 4, 55, 2, 38, 50, '', 'Delivered'),
(1580, 84, 4, 55, 2, 30, 50, '', 'Delivered'),
(1581, 85, 4, 55, 2, 31, 50, '', 'Delivered'),
(1582, 86, 4, 55, 2, 30, 50, '', 'Delivered'),
(1583, 87, 4, 55, 2, 31, 50, '', 'Delivered'),
(1584, 88, 4, 55, 2, 36, 50, '', 'Delivered'),
(1585, 89, 4, 55, 2, 24, 50, '', 'Delivered'),
(1586, 90, 4, 55, 2, 40, 50, '', 'Delivered Second Time'),
(1587, 91, 4, 55, 2, 37, 50, '', 'Delivered'),
(1588, 92, 4, 55, 2, 31, 50, '', 'Delivered'),
(1589, 93, 4, 55, 2, 28, 50, '', 'Delivered'),
(1590, 94, 4, 55, 2, 0, 50, '', 'Delivered'),
(1591, 95, 4, 55, 2, 40, 50, '', 'Delivered'),
(1592, 96, 4, 55, 2, 38, 50, '', 'Delivered'),
(1593, 97, 4, 55, 2, 35, 50, '', 'Delivered'),
(1594, 98, 4, 55, 2, 26, 50, '', 'Delivered'),
(1595, 99, 4, 55, 2, 41, 50, '', 'Delivered'),
(1596, 225, 4, 55, 2, 36, 50, '', 'Delivered'),
(1597, 122, 6, 52, 2, 9, 40, '', 'Delivered'),
(1598, 123, 6, 52, 2, 23, 40, '', 'Delivered'),
(1599, 124, 6, 52, 2, 22, 40, '', 'Delivered'),
(1600, 125, 6, 52, 2, 19, 40, '', 'Delivered'),
(1601, 126, 6, 52, 2, 15, 40, '', 'Delivered'),
(1602, 127, 6, 52, 2, 21, 40, '', 'Delivered'),
(1603, 128, 6, 52, 2, 18, 40, '', 'Delivered'),
(1604, 129, 6, 52, 2, 0, 40, '', 'Delivered'),
(1605, 130, 6, 52, 2, 24, 40, '', 'Delivered'),
(1606, 131, 6, 52, 2, 19, 40, '', 'Delivered'),
(1607, 132, 6, 52, 2, 17, 40, '', 'Delivered'),
(1608, 133, 6, 52, 2, 13, 40, '', 'Delivered'),
(1609, 134, 6, 52, 2, 21, 40, '', 'Delivered'),
(1610, 135, 6, 52, 2, 17, 40, '', 'Delivered'),
(1611, 43, 11, 70, 2, 35, 40, '', 'Delivered'),
(1612, 44, 11, 70, 2, 24, 40, '', 'Delivered'),
(1613, 45, 11, 70, 2, 29, 40, '', 'Delivered'),
(1614, 46, 11, 70, 2, 32, 40, '', 'Delivered'),
(1615, 47, 11, 70, 2, 34, 40, '', 'Delivered'),
(1616, 48, 11, 70, 2, 28, 40, '', 'Delivered'),
(1617, 49, 11, 70, 2, 35, 40, '', 'Delivered'),
(1618, 50, 11, 70, 2, 29, 40, '', 'Delivered'),
(1619, 51, 11, 70, 2, 0, 40, '', 'Delivered'),
(1620, 52, 11, 70, 2, 37, 40, '', 'Delivered'),
(1621, 53, 11, 70, 2, 35, 40, '', 'Delivered'),
(1622, 54, 11, 70, 2, 27, 40, '', 'Delivered'),
(1623, 55, 11, 70, 2, 26, 40, '', 'Delivered'),
(1624, 56, 11, 70, 2, 28, 40, '', 'Delivered'),
(1625, 57, 11, 70, 2, 26, 40, '', 'Delivered'),
(1626, 58, 11, 70, 2, 31, 40, '', 'Delivered'),
(1627, 59, 11, 70, 2, 37, 40, '', 'Delivered'),
(1628, 136, 7, 68, 2, 37, 50, '', 'Delivered'),
(1629, 137, 7, 68, 2, 28, 50, '', 'Delivered'),
(1630, 138, 7, 68, 2, 0, 50, '', 'Delivered'),
(1631, 139, 7, 68, 2, 27, 50, '', 'Delivered'),
(1632, 140, 7, 68, 2, 34, 50, '', 'Delivered'),
(1633, 141, 7, 68, 2, 24, 50, '', 'Delivered'),
(1634, 142, 7, 68, 2, 16, 50, '', 'Delivered'),
(1635, 143, 7, 68, 2, 34, 50, '', 'Delivered'),
(1636, 144, 7, 68, 2, 35, 50, '', 'Delivered'),
(1637, 145, 7, 68, 2, 21, 50, '', 'Delivered'),
(1638, 146, 7, 68, 2, 24, 50, '', 'Delivered'),
(1639, 147, 7, 68, 2, 17, 50, '', 'Delivered'),
(1640, 148, 7, 68, 2, 36, 50, '', 'Delivered'),
(1641, 149, 7, 68, 2, 26, 50, '', 'Delivered'),
(1642, 150, 7, 68, 2, 17, 50, '', 'Delivered'),
(1643, 151, 7, 68, 2, 16, 50, '', 'Delivered'),
(1644, 136, 7, 71, 2, 0, 40, '', 'Delivered'),
(1645, 137, 7, 71, 2, 20, 40, '', 'Delivered'),
(1646, 138, 7, 71, 2, 0, 40, '', 'Delivered'),
(1647, 139, 7, 71, 2, 23, 40, '', 'Delivered'),
(1648, 140, 7, 71, 2, 12, 40, '', 'Delivered'),
(1649, 141, 7, 71, 2, 14, 40, '', 'Delivered'),
(1650, 142, 7, 71, 2, 35, 40, '', 'Delivered'),
(1651, 143, 7, 71, 2, 25, 40, '', 'Delivered'),
(1652, 144, 7, 71, 2, 34, 40, '', 'Delivered'),
(1653, 145, 7, 71, 2, 13, 40, '', 'Delivered'),
(1654, 146, 7, 71, 2, 19, 40, '', 'Delivered'),
(1655, 147, 7, 71, 2, 20, 40, '', 'Delivered'),
(1656, 148, 7, 71, 2, 0, 40, '', 'Delivered'),
(1657, 149, 7, 71, 2, 0, 40, '', 'Delivered'),
(1658, 150, 7, 71, 2, 12, 40, '', 'Delivered'),
(1659, 151, 7, 71, 2, 12, 40, '', 'Delivered'),
(1660, 100, 5, 46, 2, 22, 40, '', 'Delivered'),
(1661, 101, 5, 46, 2, 33, 40, '', 'Delivered'),
(1662, 102, 5, 46, 2, 16, 40, '', 'Delivered'),
(1663, 103, 5, 46, 2, 13, 40, '', 'Delivered'),
(1664, 104, 5, 46, 2, 24, 40, '', 'Delivered'),
(1665, 105, 5, 46, 2, 17, 40, '', 'Delivered'),
(1666, 106, 5, 46, 2, 22, 40, '', 'Delivered'),
(1667, 107, 5, 46, 2, 20, 40, '', 'Delivered'),
(1668, 108, 5, 46, 2, 31, 40, '', 'Delivered'),
(1669, 109, 5, 46, 2, 22, 40, '', 'Delivered'),
(1670, 110, 5, 46, 2, 37, 40, '', 'Delivered'),
(1671, 111, 5, 46, 2, 29, 40, '', 'Delivered'),
(1672, 112, 5, 46, 2, 22, 40, '', 'Delivered'),
(1673, 113, 5, 46, 2, 14, 40, '', 'Delivered'),
(1674, 114, 5, 46, 2, 27, 40, '', 'Delivered'),
(1675, 115, 5, 46, 2, 20, 40, '', 'Delivered'),
(1676, 116, 5, 46, 2, 0, 40, '', 'Delivered'),
(1677, 117, 5, 46, 2, 15, 40, '', 'Delivered'),
(1678, 118, 5, 46, 2, 12, 40, '', 'Delivered'),
(1679, 119, 5, 46, 2, 21, 40, '', 'Delivered'),
(1680, 120, 5, 46, 2, 31, 40, '', 'Delivered'),
(1681, 121, 5, 46, 2, 12, 40, '', 'Delivered'),
(1682, 136, 7, 72, 2, 0, 40, '', 'Delivered'),
(1683, 137, 7, 72, 2, 0, 40, '', 'Delivered'),
(1684, 138, 7, 72, 2, 30, 40, '', 'Delivered'),
(1685, 139, 7, 72, 2, 15, 40, '', 'Delivered'),
(1686, 140, 7, 72, 2, 11, 40, '', 'Delivered'),
(1687, 141, 7, 72, 2, 12, 40, '', 'Delivered'),
(1688, 142, 7, 72, 2, 10, 40, '', 'Delivered'),
(1689, 143, 7, 72, 2, 4, 40, '', 'Delivered'),
(1690, 144, 7, 72, 2, 35, 40, '', 'Delivered'),
(1691, 145, 7, 72, 2, 20, 40, '', 'Delivered'),
(1692, 146, 7, 72, 2, 21, 40, '', 'Delivered'),
(1693, 147, 7, 72, 2, 0, 40, '', 'Delivered'),
(1694, 148, 7, 72, 2, 0, 40, '', 'Delivered'),
(1695, 149, 7, 72, 2, 27, 40, '', 'Delivered'),
(1696, 150, 7, 72, 2, 0, 40, '', 'Delivered'),
(1697, 151, 7, 72, 2, 0, 40, '', 'Delivered');

-- --------------------------------------------------------

--
-- Table structure for table `settings`
--

CREATE TABLE `settings` (
  `settingid` int(200) NOT NULL,
  `logo` varchar(200) NOT NULL,
  `name` varchar(200) NOT NULL,
  `phone` varchar(200) NOT NULL,
  `absent_sms` text NOT NULL,
  `leave_sms` text NOT NULL,
  `visitor_sms` text NOT NULL,
  `defaulter_sms` text NOT NULL
) ENGINE=InnoDB DEFAULT CHARSET=latin1;

--
-- Dumping data for table `settings`
--

INSERT INTO `settings` (`settingid`, `logo`, `name`, `phone`, `absent_sms`, `leave_sms`, `visitor_sms`, `defaulter_sms`) VALUES
(2, 'logo.jpg', 'Quaid-E-Azam College Gojra', '923371677766', 'Absent ', '', '', '');

-- --------------------------------------------------------

--
-- Table structure for table `sms_to_all`
--

CREATE TABLE `sms_to_all` (
  `smsid` int(100) NOT NULL,
  `sms_title` varchar(200) NOT NULL,
  `sms_details` text NOT NULL,
  `status` varchar(200) NOT NULL,
  `create_on` datetime NOT NULL DEFAULT CURRENT_TIMESTAMP
) ENGINE=InnoDB DEFAULT CHARSET=latin1;

-- --------------------------------------------------------

--
-- Table structure for table `sms_to_class`
--

CREATE TABLE `sms_to_class` (
  `smsid` int(200) NOT NULL,
  `class_id` int(200) NOT NULL,
  `sms_title` varchar(200) NOT NULL,
  `sms_details` text NOT NULL,
  `status` varchar(200) NOT NULL,
  `create_on` datetime NOT NULL DEFAULT CURRENT_TIMESTAMP
) ENGINE=InnoDB DEFAULT CHARSET=latin1;

-- --------------------------------------------------------

--
-- Table structure for table `students`
--

CREATE TABLE `students` (
  `studentid` int(200) NOT NULL,
  `stu_first_name` varchar(200) NOT NULL,
  `stu_last_name` varchar(200) NOT NULL,
  `stu_reg_no` varchar(200) NOT NULL,
  `birthday` varchar(200) NOT NULL,
  `sex` varchar(200) NOT NULL,
  `religion` varchar(200) NOT NULL,
  `blood_group` varchar(200) NOT NULL,
  `address` varchar(200) NOT NULL,
  `phone` varchar(200) NOT NULL,
  `class_id` varchar(200) NOT NULL,
  `mother_name` varchar(200) NOT NULL,
  `create_on` date NOT NULL,
  `image` varchar(255) NOT NULL,
  `student_fee` int(200) NOT NULL,
  `discount_category` varchar(200) NOT NULL
) ENGINE=InnoDB DEFAULT CHARSET=latin1;

--
-- Dumping data for table `students`
--

INSERT INTO `students` (`studentid`, `stu_first_name`, `stu_last_name`, `stu_reg_no`, `birthday`, `sex`, `religion`, `blood_group`, `address`, `phone`, `class_id`, `mother_name`, `create_on`, `image`, `student_fee`, `discount_category`) VALUES
(1, 'M Mushaf ', 'Tahir Mazhar Chaudhry', '180001', '', 'Male', 'Islam', '--Select Blood Group--', 'Gojra', '923451721144', '3', '', '2019-02-14', '15117871-3d-people-man-person-with-a-open-book-.jpg', 0, 'No Discount'),
(2, 'M Usman', 'Ashfaq Ahmad Naz', '180002', '', 'Male', 'Islam', '--Select Blood Group--', 'Gojra', '923446353172', '3', '', '2019-02-14', '15117871-3d-people-man-person-with-a-open-book-.jpg', 0, 'No Discount'),
(3, 'Junaid Afzal ', 'M Afzal', '180003', '', 'Male', 'Islam', '--Select Blood Group--', 'gojra', '923006556096', '3', '', '2019-02-14', '15117871-3d-people-man-person-with-a-open-book-.jpg', 0, 'No Discount'),
(4, 'Hashim Tufail', 'Arif Tufail randhawa', '180004', '', 'Male', 'Islam', '--Select Blood Group--', 'Gojra', '923444821350', '3', '', '2019-02-14', '15117871-3d-people-man-person-with-a-open-book-.jpg', 0, 'No Discount'),
(5, 'Arslan Manzoor', 'Manzoor Husnain', '180005', '', 'Male', 'Islam', '--Select Blood Group--', 'Gojra', '923417797693', '3', '', '2019-02-14', '15117871-3d-people-man-person-with-a-open-book-.jpg', 0, 'No Discount'),
(6, 'M Frazam Ahsan ', 'Muhammad Aslam', '180006', '', 'Male', 'Islam', '--Select Blood Group--', 'Gojra', '923472121518', '3', '', '2019-02-14', '15117871-3d-people-man-person-with-a-open-book-.jpg', 0, 'No Discount'),
(7, 'M Imran Khan', 'Muhammad Amir Khan', '180007', '', 'Male', 'Islam', '--Select Blood Group--', 'Gojra', '923007674582', '3', '', '2019-02-14', '15117871-3d-people-man-person-with-a-open-book-.jpg', 0, 'No Discount'),
(8, 'M Shaheer', 'Qamar hussain', '180008', '', 'Male', 'Islam', '--Select Blood Group--', 'Gojra', '923007279418', '3', '', '2019-02-14', '15117871-3d-people-man-person-with-a-open-book-.jpg', 0, 'No Discount'),
(9, 'M Fahad ', 'Qamar Hussain ', '180009', '', 'Male', 'Islam', '--Select Blood Group--', 'Gojra', '923007279418', '3', '', '2019-02-14', '15117871-3d-people-man-person-with-a-open-book-.jpg', 0, 'No Discount'),
(10, 'Abdul Moeed', 'Mahmood Ur Rehman', '180010', '', 'Male', 'Islam', '--Select Blood Group--', 'Gojra', '923464849588', '3', '', '2019-02-14', '', 0, 'No Discount'),
(11, 'M Abdullah', 'Anwar Ul Haq', '180011', '', 'Male', 'Islam', '--Select Blood Group--', 'Gojra', '923026070324', '3', '', '2019-02-14', '15117871-3d-people-man-person-with-a-open-book-.jpg', 0, 'No Discount'),
(12, 'Zeeshan Ul Hassan ', 'Anwaar Ul Hassan', '180012', '', 'Male', 'Islam', '--Select Blood Group--', 'Gojra', '923006561810', '3', '', '2019-02-14', '15117871-3d-people-man-person-with-a-open-book-.jpg', 0, 'No Discount'),
(13, 'M Talha Sarfraz ', 'Muhammad Sarfraz', '180013', '', 'Male', 'Islam', '--Select Blood Group--', 'Gojra', '923068468900', '3', '', '2019-02-14', '15117871-3d-people-man-person-with-a-open-book-.jpg', 0, 'No Discount'),
(14, 'Hassam Ali ', 'Muhammad Ramzan ', '180014', '', 'Male', 'Islam', '--Select Blood Group--', 'Gojra', '923454356180', '3', '', '2019-02-14', '15117871-3d-people-man-person-with-a-open-book-.jpg', 0, 'No Discount'),
(15, 'M Hammad Raza', 'Raza Ahmad ', '180015', '', 'Male', 'Islam', '--Select Blood Group--', 'Gojra', '923056769788', '3', '', '2019-02-14', '15117871-3d-people-man-person-with-a-open-book-.jpg', 0, 'No Discount'),
(16, 'Saif Ur Rehman ', 'Tanwir Hussain ', '180016', '', 'Male', 'Islam', '--Select Blood Group--', 'Gojra', '923006550200', '3', '', '2019-02-14', '15117871-3d-people-man-person-with-a-open-book-.jpg', 0, 'No Discount'),
(17, 'Usman Haider ', 'Syed Akhtar Hussain', '180017', '', 'Male', 'Islam', '--Select Blood Group--', 'Gojra', '923004253430', '3', '', '2019-02-14', '15117871-3d-people-man-person-with-a-open-book-.jpg', 0, 'No Discount'),
(18, 'M Ahsan ', 'Amanat Ali Athar', '180018', '', 'Male', 'Islam', '--Select Blood Group--', 'Gojra', '923070688427', '3', '', '2019-02-14', '15117871-3d-people-man-person-with-a-open-book-.jpg', 0, 'No Discount'),
(19, 'Jawad Ali ', 'Basharat Ali ', '180019', '', 'Male', 'Islam', '--Select Blood Group--', 'Gojra', '923457568356', '3', '', '2019-02-14', '15117871-3d-people-man-person-with-a-open-book-.jpg', 0, 'No Discount'),
(20, 'Abdul Rehman Zahid ', 'Muhammad Zahid ', '180020', '', 'Male', 'Islam', '--Select Blood Group--', 'Gojra', '923453824159', '3', '', '2019-02-14', '15117871-3d-people-man-person-with-a-open-book-.jpg', 0, 'No Discount'),
(21, 'M Azan ', 'Abdulrauf', '180021', '', 'Male', 'Islam', '--Select Blood Group--', 'Gojra', '923015133021', '3', '', '2019-02-14', '15117871-3d-people-man-person-with-a-open-book-.jpg', 0, 'No Discount'),
(22, 'Hafiz M Salman ', 'Muhammad sultan Mehmood', '180022', '', 'Male', 'Islam', '--Select Blood Group--', 'Gojra', '923142785897', '3', '', '2019-02-14', '15117871-3d-people-man-person-with-a-open-book-.jpg', 0, 'No Discount'),
(23, 'Shahzad Iqbal ', 'Muhammad Iqbal', '180023', '', 'Male', 'Islam', '--Select Blood Group--', 'Gojra', '923424847110', '3', '', '2019-02-14', '15117871-3d-people-man-person-with-a-open-book-.jpg', 0, 'No Discount'),
(24, 'M Ali ', 'Muhammad Yasin', '180024', '', 'Male', 'Islam', '--Select Blood Group--', 'Gojra', '923346521367', '3', '', '2019-02-14', '15117871-3d-people-man-person-with-a-open-book-.jpg', 0, 'No Discount'),
(25, 'M Hashim', 'Muhammad Ramzan ', '180025', '', 'Male', 'Islam', '--Select Blood Group--', 'Gojra', '923367246018', '3', '', '2019-02-14', '15117871-3d-people-man-person-with-a-open-book-.jpg', 0, 'No Discount'),
(26, 'M Abdullah Saleh ', 'Manshad Ahmad ', '180026', '', 'Male', 'Islam', '--Select Blood Group--', 'Gojra', '923217859369', '3', '', '2019-02-14', '15117871-3d-people-man-person-with-a-open-book-.jpg', 0, 'No Discount'),
(27, 'M Umar', 'Traiq Mehmood', '180027', '', 'Male', 'Islam', '--Select Blood Group--', 'Gojra', '923036354884', '3', '', '2019-02-14', '15117871-3d-people-man-person-with-a-open-book-.jpg', 0, 'No Discount'),
(28, 'Rameel Haider', 'Muhammad Heera', '180028', '', 'Male', 'Islam', '--Select Blood Group--', 'Gojra', '923002701889', '3', '', '2019-02-14', '15117871-3d-people-man-person-with-a-open-book-.jpg', 0, 'No Discount'),
(29, 'M junaid ', 'Muahmmad Afzal ', '180029', '', 'Male', 'Islam', '--Select Blood Group--', 'Gojra', '923367627233', '3', '', '2019-02-14', '15117871-3d-people-man-person-with-a-open-book-.jpg', 0, 'No Discount'),
(30, 'M dawood Allahi', 'Sabir Ali ', '180030', '', 'Male', 'Islam', '--Select Blood Group--', 'Gojra', '923457617428', '3', '', '2019-02-14', '15117871-3d-people-man-person-with-a-open-book-.jpg', 0, 'No Discount'),
(31, 'Muneeb Haider ', 'Musharaf Hussain', '180031', '', 'Male', 'Islam', '--Select Blood Group--', 'Gojra', '923049370426', '3', '', '2019-02-07', '15117871-3d-people-man-person-with-a-open-book-.jpg', 0, 'No Discount'),
(32, 'Ahtasham Raza ', 'Qasaim Raza', '180032', '', 'Male', 'Islam', '--Select Blood Group--', 'Gojra', '923007669734', '3', '', '2019-02-14', '15117871-3d-people-man-person-with-a-open-book-.jpg', 0, 'No Discount'),
(33, 'M Saud ', 'Shahid Iftkhar', '180033', '', 'Male', 'Islam', '--Select Blood Group--', 'Gojra', '923476740009', '3', '', '2019-02-14', '15117871-3d-people-man-person-with-a-open-book-.jpg', 0, 'No Discount'),
(34, 'M Hussnain ', 'Abdul Shakoor Zia', '180034', '', 'Male', 'Islam', '--Select Blood Group--', 'Gojra', '923464856945', '3', '', '2019-02-14', '15117871-3d-people-man-person-with-a-open-book-.jpg', 0, 'No Discount'),
(35, 'M Saadullah ', 'Zafar Iqbal ', '180035', '', 'Male', 'Islam', '--Select Blood Group--', 'Gojra', '923007685370', '3', '', '2019-02-14', '15117871-3d-people-man-person-with-a-open-book-.jpg', 0, 'No Discount'),
(36, 'M Waleed', 'Qasim Ali', '180036', '', 'Male', 'Islam', '--Select Blood Group--', 'Gojra', '923464841278', '3', '', '2019-02-14', '15117871-3d-people-man-person-with-a-open-book-.jpg', 0, 'No Discount'),
(37, 'Sufyan Hussain ', 'Altaf hussain', '180037', '', 'Male', 'Islam', '--Select Blood Group--', 'Gojra', '923457908945', '3', '', '2019-02-14', '15117871-3d-people-man-person-with-a-open-book-.jpg', 0, 'No Discount'),
(38, 'M Zohaib ', 'Irshad Ahmad ', '180038', '', 'Male', 'Islam', '--Select Blood Group--', 'Gojra', '923013209895', '3', '', '2019-02-14', '15117871-3d-people-man-person-with-a-open-book-.jpg', 0, 'No Discount'),
(39, 'M Uzair ', 'Muhammad sawar', '180039', '', 'Male', 'Islam', '--Select Blood Group--', 'Gojra', '923480625184', '3', '', '2019-02-07', '15117871-3d-people-man-person-with-a-open-book-.jpg', 0, 'No Discount'),
(40, 'M Tayyab ', 'Talib Hussain ', '180040', '', 'Male', 'Islam', '--Select Blood Group--', 'Gojra', '923414832109', '3', '', '2019-02-14', '15117871-3d-people-man-person-with-a-open-book-.jpg', 0, 'No Discount'),
(41, 'M faisal ', 'Muhammad Younis', '180041', '', 'Male', 'Islam', '--Select Blood Group--', 'Gojra', '923000028011', '3', '', '2019-02-14', '15117871-3d-people-man-person-with-a-open-book-.jpg', 0, 'No Discount'),
(42, 'Jawad ', 'Nisar Ahmad ', '180042', '', 'Male', 'Islam', '--Select Blood Group--', 'Gojra', '923440743307', '3', '', '2019-02-14', 'download.jpg', 15000, 'No Discount'),
(43, 'Usama Ahmad ', 'Muhammad Jamil', '180301', '', 'Male', 'Islam', '--Select Blood Group--', 'Gojra', '923110400046', '11', '', '2019-02-14', '15117871-3d-people-man-person-with-a-open-book-.jpg', 0, 'No Discount'),
(44, 'M Adil ', 'Mushtaq Ahmad', '180302', '', 'Male', 'Islam', '--Select Blood Group--', 'Gojra', '923417960408', '11', '', '2019-02-14', '15117871-3d-people-man-person-with-a-open-book-.jpg', 0, 'No Discount'),
(45, 'M Adeel', 'Siraj Shahid', '180303', '', 'Male', 'Islam', '--Select Blood Group--', 'Gojra', '923015142887', '11', '', '2019-02-14', '15117871-3d-people-man-person-with-a-open-book-.jpg', 0, 'No Discount'),
(46, 'M Shahzaib Adil ', 'Gulam Muhammd', '180304', '', 'Male', 'Islam', '--Select Blood Group--', 'Gojra', '923227668810', '11', '', '2019-02-14', '15117871-3d-people-man-person-with-a-open-book-.jpg', 0, 'No Discount'),
(47, 'Ghulam Muhmmad ', 'Hafiz ghulam Murtaza', '180305', '', 'Male', 'Islam', '--Select Blood Group--', 'Gojra', '923457869740', '11', '', '2019-02-14', '15117871-3d-people-man-person-with-a-open-book-.jpg', 0, 'No Discount'),
(48, 'M Haseed', 'Muhammad Latif', '180306', '', 'Male', 'Islam', '--Select Blood Group--', 'Gojra', '923170524644', '11', '', '2019-02-14', '15117871-3d-people-man-person-with-a-open-book-.jpg', 0, 'No Discount'),
(49, 'M Hussnain', 'Mushtaq Ahmad ', '180307', '', 'Male', 'Islam', '--Select Blood Group--', 'Gojra', '923457855309', '11', '', '2019-02-14', '15117871-3d-people-man-person-with-a-open-book-.jpg', 0, 'No Discount'),
(50, 'M Zaid', 'Saleem', '180308', '', 'Male', 'Islam', '--Select Blood Group--', 'Gojra', '923464858151', '11', '', '2019-02-14', '15117871-3d-people-man-person-with-a-open-book-.jpg', 0, 'No Discount'),
(51, 'Hassan Ahmad', 'Khaleeq Ahmad', '180309', '', 'Male', 'Islam', '--Select Blood Group--', 'Gojra', '923368112050', '11', '', '2019-02-14', '15117871-3d-people-man-person-with-a-open-book-.jpg', 0, 'No Discount'),
(52, 'Asad Waseem', 'Tariq Ali', '180310', '', 'Male', 'Islam', '--Select Blood Group--', 'Gojra', '923004059224', '11', '', '2019-02-14', '15117871-3d-people-man-person-with-a-open-book-.jpg', 0, 'No Discount'),
(53, 'Dilawar Abbas', 'Mushtaq hussain', '180311', '', 'Male', 'Islam', '--Select Blood Group--', 'Gojra', '923477341894', '11', '', '2019-02-14', '15117871-3d-people-man-person-with-a-open-book-.jpg', 0, 'No Discount'),
(54, 'M Ahmad', 'Muhammad Sadiq', '180312', '', 'Male', 'Islam', '--Select Blood Group--', 'Gojra', '923423082495', '11', '', '2019-02-14', '15117871-3d-people-man-person-with-a-open-book-.jpg', 0, 'No Discount'),
(55, 'M Mohsin', 'Muhammad Khalid', '180313', '', 'Male', 'Islam', '--Select Blood Group--', 'Gojra', '923064636100', '11', '', '2019-02-14', '15117871-3d-people-man-person-with-a-open-book-.jpg', 0, 'No Discount'),
(56, 'M Shahzad', 'Muhammad Nawaz', '180314', '', 'Male', 'Islam', '--Select Blood Group--', 'Gojra', '923465688431', '11', '', '2019-02-14', '15117871-3d-people-man-person-with-a-open-book-.jpg', 0, 'No Discount'),
(57, 'Ateeq Ur Rehman', 'Habib Ur Rehman', '180315', '', 'Male', 'Islam', '--Select Blood Group--', 'Gojra', '923064127372', '11', '', '2019-02-14', '15117871-3d-people-man-person-with-a-open-book-.jpg', 0, 'No Discount'),
(58, 'M Ehtsham', 'Ghulam Jilani', '180316', '', 'Male', 'Islam', '--Select Blood Group--', 'Gojra', '923458010280', '11', '', '2019-02-14', '15117871-3d-people-man-person-with-a-open-book-.jpg', 0, 'No Discount'),
(59, 'M Tayyab ', 'Muhammad Iqbal', '180317', '', 'Male', 'Islam', '--Select Blood Group--', 'Gojra', '923462063052', '11', '', '2019-02-14', '15117871-3d-people-man-person-with-a-open-book-.jpg', 0, 'No Discount'),
(61, 'Farhan', 'Muhammad Yousaf', '180101', '', 'Male', 'Islam', '--Select Blood Group--', 'Gojra', '923367621813', '4', '', '2019-02-15', '', 0, 'No Discount'),
(62, 'Samiullah', 'zulfiqar Ali', '180102', '', 'Male', 'Islam', '--Select Blood Group--', 'Gojra', '923401792650', '4', '', '2019-02-13', '', 0, 'No Discount'),
(63, 'Hiader Khan ', 'Fakhar Abbas Khan', '180103', '', 'Male', 'Islam', '--Select Blood Group--', 'Gojra', '923040587281', '4', '', '2019-02-15', '', 0, 'No Discount'),
(64, 'Ghufran Ullah', 'Muhammad asjid', '180104', '', 'Male', 'Islam', '--Select Blood Group--', 'Gojra', '923441269157', '4', '', '2019-02-15', '', 0, 'No Discount'),
(65, 'M Arslan ', 'Muhammad Arshad ', '180105', '', 'Male', 'Islam', '--Select Blood Group--', 'Gojra', '923086791854', '4', '', '2019-02-15', '', 0, 'No Discount'),
(66, 'M Ans', 'M Yaqoob', '180106', '', 'Male', 'Islam', '--Select Blood Group--', 'Gojra', '923014378020', '4', '', '2019-02-15', '', 0, 'No Discount'),
(67, 'M dawood ', 'Mushtaq Ahmad ', '180107', '', 'Male', 'Islam', '--Select Blood Group--', 'Gojra', '923067235174', '4', '', '2019-02-15', '', 0, 'No Discount'),
(68, 'M Atta', 'Ghulam Mustafa', '180108', '', 'Male', 'Islam', '--Select Blood Group--', 'Gojra', '923432872043', '4', '', '2019-02-15', '', 0, 'No Discount'),
(69, 'M Amaad', 'Muzaffar Hussain', '180109', '', 'Male', 'Islam', '--Select Blood Group--', 'Gojra', '923086439684', '4', '', '2019-02-15', '', 0, 'No Discount'),
(70, 'M Zeeshan ', 'Muhammad Habib ', '180110', '', 'Male', 'Islam', '--Select Blood Group--', 'Gojra', '923463884724', '4', '', '2019-02-15', '', 0, 'No Discount'),
(71, 'M Zeeshan ', 'Saeed Ahmad', '180111', '', 'Male', 'Islam', '--Select Blood Group--', 'Gojra', '923490696025', '4', '', '2019-02-15', '', 0, 'No Discount'),
(72, 'Abdul Waheed', 'Ahmad Saeed Cheema', '180112', '', 'Male', 'Islam', '--Select Blood Group--', 'Gojra', '923216937303', '4', '', '2019-02-15', '', 0, 'No Discount'),
(73, 'M Awais ', 'Muhammad Shahbaz Iqbal ', '180113', '', 'Male', 'Islam', '--Select Blood Group--', 'Gojra', '923336856982', '4', '', '2019-02-15', '', 0, 'No Discount'),
(74, 'Usman Siddique ', 'Muhammad Arshad ', '180114', '', 'Male', 'Islam', '--Select Blood Group--', 'Gojra', '923006532157', '4', '', '2019-02-15', '', 0, 'No Discount'),
(75, 'M Tayyab ', 'Nazir Ahmad', '180115', '', 'Male', 'Islam', '--Select Blood Group--', 'Gojra', '923346402077', '4', '', '2019-02-15', '', 0, 'No Discount'),
(76, 'Pur Noor', 'Mehmood Ahmad', '180116', '', 'Male', 'Islam', '--Select Blood Group--', 'Gojra', '923006135096', '4', '', '2019-02-08', '', 0, 'No Discount'),
(77, 'M Ahmad', 'Tariq Hayat', '180117', '', 'Male', 'Islam', '--Select Blood Group--', 'Gojra', '923067235037', '4', '', '2019-02-15', '', 0, 'No Discount'),
(78, 'M Hamid ', 'Naeem Sattar', '180118', '', 'Male', 'Islam', '--Select Blood Group--', 'Gojra', '923039813113', '4', '', '2019-02-15', '', 0, 'No Discount'),
(79, 'M Ahmad ', 'Abdul Wase', '180119', '', 'Male', 'Islam', '--Select Blood Group--', 'Gojra', '923464858320', '4', '', '2019-02-14', '', 0, 'No Discount'),
(80, 'Saad ', 'Muhammad Ashraf', '180120', '', 'Male', 'Islam', '--Select Blood Group--', 'Gojra', '923457991673', '4', '', '2019-02-15', '', 0, 'No Discount'),
(81, 'Umar Hayat', 'Irfan Amin', '180121', '', 'Male', 'Islam', '--Select Blood Group--', 'Gojra', '923427944241', '4', '', '2019-02-15', '', 0, 'No Discount'),
(82, 'Abdullah', 'Amir Khan', '180122', '', 'Male', 'Islam', '--Select Blood Group--', 'Gojra', '933006559123', '4', '', '2019-02-15', '', 0, 'No Discount'),
(83, 'Faizan Hassan ', 'Abdul Qadir ', '180123', '', 'Male', 'Islam', '--Select Blood Group--', 'Gojra', '923006568702', '4', '', '2019-02-15', '', 0, 'No Discount'),
(84, 'Dawood Usman ', 'Mehmood Iqbal ', '180124', '', 'Male', 'Islam', '--Select Blood Group--', 'Gojra', '923366878699', '4', '', '2019-02-15', '', 0, 'No Discount'),
(85, 'Zain hasan ', 'Muhammad Shakar', '180125', '', 'Male', 'Islam', '--Select Blood Group--', 'Gojra', '923438782055', '4', '', '2019-02-15', '', 0, 'No Discount'),
(86, 'Haseeb ', 'Aziz Ur Rehman ', '180126', '', 'Male', 'Islam', '--Select Blood Group--', 'Gojra', '923315154556', '4', '', '2019-02-08', '', 0, 'No Discount'),
(87, 'Haris ', 'Tariq Saleem ', '180127', '', 'Male', 'Islam', '--Select Blood Group--', 'Gojra', '923084444310', '4', '', '2019-02-15', '', 0, 'No Discount'),
(88, 'Taseef ', 'Abid Hussain', '180128', '', 'Male', 'Islam', '--Select Blood Group--', 'Gojra', '923487380673', '4', '', '2019-02-15', '', 0, 'No Discount'),
(89, 'Mohsin Raza', 'Muhammad Waheed', '180129', '', 'Male', 'Islam', '--Select Blood Group--', 'Gojra', '923039041132', '4', '', '2019-02-15', '', 0, 'No Discount'),
(90, 'Abu Bakar', 'Abdul Kayoom ', '180130', '', 'Male', 'Islam', '--Select Blood Group--', 'Gojra', '923371677766', '4', '', '2019-02-15', '', 0, 'No Discount'),
(91, 'Adeel ', 'Taj Din ', '180131', '', 'Male', 'Islam', '--Select Blood Group--', 'Gojra', '923486919483', '4', '', '2019-02-15', '', 0, 'No Discount'),
(92, 'Usman ', 'Muhammad Shahid ', '180132', '', 'Male', 'Islam', '--Select Blood Group--', 'Gojra', '923123129848', '4', '', '2019-02-15', '', 0, 'No Discount'),
(93, 'Ahsan ', 'Manzoor Ahmad ', '180133', '', 'Male', 'Islam', '--Select Blood Group--', 'Gojra', '923014377212', '4', '', '2019-02-15', '', 0, 'No Discount'),
(94, 'Rizwan ', 'Iftikhar Ali ', '180134', '', 'Male', 'Islam', '--Select Blood Group--', 'Gojra', '923007260968', '4', '', '2019-02-15', '', 0, 'No Discount'),
(95, 'Zaryab ', 'Muhammad Akram ', '180135', '', 'Male', 'Islam', '--Select Blood Group--', 'Gojra', '923467644295', '4', '', '2019-02-15', '', 0, 'No Discount'),
(96, 'Bilal Sayyam ', 'Muhammad Shafiq', '180136', '', 'Male', 'Islam', '--Select Blood Group--', 'Gojra', '923467754181', '4', '', '2019-02-15', '', 0, 'No Discount'),
(97, 'Farukh Tahir ', 'Naseer Ahmad ', '180137', '', 'Male', 'Islam', '--Select Blood Group--', 'Gojra', '923027688303', '4', '', '2019-02-15', '', 0, 'No Discount'),
(98, 'Asad  ', 'Muhammad Hafeez Khan', '180138', '', 'Male', 'Islam', '--Select Blood Group--', 'Gojra', '923027204796', '4', '', '2019-02-15', '', 0, 'No Discount'),
(99, 'Husnain Ali', 'Munir Ahmad ', '180139', '', 'Male', 'Islam', '--Select Blood Group--', 'Gojra', '923447845242', '4', '', '2019-02-15', '', 0, 'No Discount'),
(100, 'Zaid ', 'Zahir bashir ', '180201', '', 'Male', 'Islam', '--Select Blood Group--', 'Gojra', '923457577243', '5', '', '2019-02-15', '', 0, 'No Discount'),
(101, 'Zain ', 'Muhammad Shahbaz Iqbal ', '180202', '', 'Male', 'Islam', '--Select Blood Group--', 'Gojra', '923336856982', '5', '', '2019-02-15', '', 0, 'No Discount'),
(102, 'Azhar ', 'Awias Hassan ', '180203', '', 'Male', 'Islam', '--Select Blood Group--', 'Gojra', '923479717371', '5', '', '2019-02-15', '', 0, 'No Discount'),
(103, 'Moaz Ali ', 'Mehmood Ahmad', '180204', '', 'Male', 'Islam', '--Select Blood Group--', 'Gojra', '923061350364', '5', '', '2019-02-15', '', 0, 'No Discount'),
(104, 'Bilal ', 'Muhammad Shafiq ', '180205', '', 'Male', 'Islam', '--Select Blood Group--', 'Gojra', '923483798825', '5', '', '2019-02-15', '', 0, 'No Discount'),
(105, 'Usman ', 'Ghulam Rabbani', '180206', '', 'Male', 'Islam', '--Select Blood Group--', 'Gojra', '923002347059', '5', '', '2019-02-15', '', 0, 'No Discount'),
(106, 'Azam ', 'Ghulam Fareed', '180207', '', 'Male', 'Islam', '--Select Blood Group--', 'Gojra', '923055568834', '5', '', '2019-02-15', '', 0, 'No Discount'),
(107, 'Usama', 'Muhammad Aslam', '180208', '', 'Male', 'Islam', '--Select Blood Group--', 'Gojra', '923448662271', '5', '', '2019-02-15', '', 0, 'No Discount'),
(108, 'Zaid ', 'Arif hussain', '180209', '', 'Male', 'Islam', '--Select Blood Group--', 'Gojra', '923464847462', '5', '', '2019-02-16', '', 0, 'No Discount'),
(109, 'Assad Ullah ', 'Muhammad Nasim Babar ', '180210', '', 'Male', 'Islam', '--Select Blood Group--', 'Gojra', '923006551956', '5', '', '2019-02-15', '', 0, 'No Discount'),
(110, 'Umair ', 'Muhammad Tanvir', '180211', '', 'Male', 'Islam', '--Select Blood Group--', 'Gojra', '923467184178', '5', '', '2019-02-15', '', 0, 'No Discount'),
(111, 'Awias ', 'Ghulam Mustafa', '180212', '', 'Male', 'Islam', '--Select Blood Group--', 'Gojra', '923464864186', '5', '', '2019-02-15', '', 0, 'No Discount'),
(112, 'Bilal ', 'Muhammad Zahid ', '180213', '', 'Male', 'Islam', '--Select Blood Group--', 'Gojra', '923346250502', '5', '', '2019-02-15', '', 0, 'No Discount'),
(113, 'Talal ', 'Muhammad Zahid', '180214', '', 'Male', 'Islam', '--Select Blood Group--', 'Gojra', '923346250502', '5', '', '2019-02-15', '', 0, 'No Discount'),
(114, 'Zubair ', 'Zulfiqar ALI ', '180215', '', 'Male', 'Islam', '--Select Blood Group--', 'Gojra', '923036311897', '5', '', '2019-02-15', '', 0, 'No Discount'),
(115, 'Sanwal ', 'Muhammad khurshid Alam', '180216', '', 'Male', 'Islam', '--Select Blood Group--', 'Gojra', '923486378648', '5', '', '2019-02-15', '', 0, 'No Discount'),
(116, 'Ihtisham ', 'Zafar Iqbal ', '180217', '', 'Male', 'Islam', '--Select Blood Group--', 'Gojra', '923457924366', '5', '', '2019-02-15', '', 0, 'No Discount'),
(117, 'Hafiz Awais', 'Muhammad Sarwar', '180218', '', 'Male', 'Islam', '--Select Blood Group--', 'Gojra', '923006613244', '5', '', '2019-02-15', '', 0, 'No Discount'),
(118, 'Zeeshan ', 'Muhammad Shabbir', '180219', '', 'Male', 'Islam', '--Select Blood Group--', 'Gojra', '923466218245', '5', '', '2019-02-15', '', 0, 'No Discount'),
(119, 'Abdul Wahab ', 'Abdul Rauf', '180220', '', 'Male', 'Islam', '--Select Blood Group--', 'Gojra', '923436386132', '5', '', '2019-02-15', '', 0, 'No Discount'),
(120, 'Qamar Ul Salam', 'Shoukat ALI', '180221', '', 'Male', 'Islam', '--Select Blood Group--', 'Gojra', '923416869126', '5', '', '2019-02-15', '', 0, 'No Discount'),
(121, 'Zaid ', 'Abdul Ghaffar Asim', '180222', '', 'Male', 'Islam', '--Select Blood Group--', 'Gojra', '923457270205', '5', '', '2019-02-15', '', 0, 'No Discount'),
(122, 'Shehar Yar ', 'Muhammad Asif Mumtaz', '180351', '', 'Male', 'Islam', '--Select Blood Group--', 'Gojra', '923007643930', '6', '', '2019-02-15', '', 0, 'No Discount'),
(123, 'Shayan ', 'Shouket Ali', '180352', '', 'Male', 'Islam', '--Select Blood Group--', 'Gojra', '923009897737', '6', '', '2019-02-15', '', 0, 'No Discount'),
(124, 'Abdullah Shah Nawaz', 'Muhammad Ayaz Mahmood', '180353', '', 'Male', 'Islam', '--Select Blood Group--', 'Gojra', '923007994353', '6', '', '2019-02-15', '', 0, 'No Discount'),
(125, 'Usama ', 'Kaleemullah ', '180354', '', 'Male', 'Islam', '--Select Blood Group--', 'Gojra', '923009462383', '6', '', '2019-02-15', '', 0, 'No Discount'),
(126, 'Usman ', 'Muhammad Anwar Ali', '180355', '', 'Male', 'Islam', '--Select Blood Group--', 'Gojra', '923457481059', '6', '', '2019-02-15', '', 0, 'No Discount'),
(127, 'Umair Ali ', 'Muhammad Afzal Javed', '180356', '', 'Male', 'Islam', '--Select Blood Group--', 'Gojra', '923008798956', '6', '', '2019-02-15', '', 0, 'No Discount'),
(128, 'Abdullah ', 'Ghullam Abbas ', '180357', '', 'Male', 'Islam', '--Select Blood Group--', 'Gojra', '923419675696', '6', '', '2019-02-15', '', 0, 'No Discount'),
(129, 'Tahir ', 'Tariq Saleem ', '180358', '', 'Male', 'Islam', '--Select Blood Group--', 'Gojra', '923451460274', '6', '', '2019-02-15', '', 0, 'No Discount'),
(130, 'Umair ', 'Abdul Ghaffar', '180359', '', 'Male', 'Islam', '--Select Blood Group--', 'Gojra', '923447823344', '6', '', '2019-02-15', '', 0, 'No Discount'),
(131, 'Rana Ahsan', 'Iftakhar Ahmad', '180360', '', 'Male', 'Islam', '--Select Blood Group--', 'Gojra', '923061516318', '6', '', '2019-02-15', '', 0, 'No Discount'),
(132, 'Abdullah ', 'Azam Ali', '180361', '', 'Male', 'Islam', '--Select Blood Group--', 'Gojra', '923007263417', '6', '', '2019-02-15', '', 0, 'No Discount'),
(133, 'Ali Raza', 'Arshad Ahmad', '180362', '', 'Male', 'Islam', '--Select Blood Group--', 'Gojra', '923005327068', '6', '', '2019-02-15', '', 0, 'No Discount'),
(134, 'Huzaifa  ', 'Munir Ahmad ', '180363', '', 'Male', 'Islam', '--Select Blood Group--', 'Gojra', '923007251903', '6', '', '2019-02-15', '', 0, 'No Discount'),
(135, 'Iqeel Ahmad ', 'Zafar Iqbal ', '180364', '', 'Male', 'Islam', '--Select Blood Group--', 'Gojra', '923407430930', '6', '', '2019-02-15', '', 0, 'No Discount'),
(136, 'Qalab E Hasan', 'Syed Makhdoom', '180251', '', 'Male', 'Islam', '--Select Blood Group--', 'Gojra', '923084949328', '7', '', '2019-02-15', '', 0, 'No Discount'),
(137, 'Muneeb Ashraf', 'Muhammad Ashraf', '180252', '', 'Male', 'Islam', '--Select Blood Group--', 'Gojra', '923477870430', '7', '', '2019-02-15', '', 0, 'No Discount'),
(138, 'Abdullah ', 'Muhammad Imran', '180253', '', 'Male', 'Islam', '--Select Blood Group--', 'Gojra', '923226858031', '7', '', '2019-02-16', '', 0, 'No Discount'),
(139, 'Ali Arshad ', 'Karamat Ali', '180254', '', 'Male', 'Islam', '--Select Blood Group--', 'Gojra', '923428611615', '7', '', '2019-02-16', '', 0, 'No Discount'),
(140, 'Sheraz ', 'Shahid Akhtar', '180255', '', 'Male', 'Islam', '--Select Blood Group--', 'Gojra', '923077467205', '7', '', '2019-02-15', '', 0, 'No Discount'),
(141, 'Saif Ullah', 'Muhammad Ashraf Javed', '180256', '', 'Male', 'Islam', '--Select Blood Group--', 'Gojra', '923080047249', '7', '', '2019-02-15', '', 0, 'No Discount'),
(142, 'Ali Sufian', 'Muhammad Razaq', '180257', '', 'Male', 'Islam', '--Select Blood Group--', 'Gojra', '923017002248', '7', '', '2019-02-15', '', 0, 'No Discount'),
(143, 'Wasif Ali ', 'khan Muhammad', '180258', '', 'Male', 'Islam', '--Select Blood Group--', 'Gojra', '923070689047', '7', '', '2019-02-15', '', 0, 'No Discount'),
(144, 'Hassan ', 'Shahid Mehmood', '180259', '', 'Male', 'Islam', '--Select Blood Group--', 'Gojra', '923003551598', '7', '', '2019-02-15', '', 0, 'No Discount'),
(145, 'Ahmad Abdullah', 'Muhammad Ayub', '180260', '', 'Male', 'Islam', '--Select Blood Group--', 'Gojra', '923447741441', '7', '', '2019-02-08', '', 0, 'No Discount'),
(146, 'Zain ', 'Haider Ali', '180261', '', 'Male', 'Islam', '--Select Blood Group--', 'Gojra', '923457555080', '7', '', '2019-02-15', '', 0, 'No Discount'),
(147, 'Haroon ', 'Sana ULLAH', '180262', '', 'Male', 'Islam', '--Select Blood Group--', 'Gojra', '923418061739', '7', '', '2019-02-15', '', 0, 'No Discount'),
(148, 'Zohaib', 'Muhammad Saleem', '180263', '', 'Male', 'Islam', '--Select Blood Group--', 'Gojra', '923007633429', '7', '', '2019-02-15', '', 0, 'No Discount'),
(149, 'Zubair ', 'Munir Ahmad ', '180264', '', 'Male', 'Islam', '--Select Blood Group--', 'Gojra', '923067142996', '7', '', '2019-02-05', '', 0, 'No Discount'),
(150, 'Sawez Ahmad ', 'Liaqat Ali', '180265', '', 'Male', 'Islam', '--Select Blood Group--', 'Gojra', '923008693197', '7', '', '2019-02-15', '', 0, 'No Discount'),
(151, 'Ahsan Sardar', 'Ejaz Ahmad ', '180266', '', 'Male', 'Islam', '--Select Blood Group--', 'Gojra', '923006552002', '7', '', '2019-02-15', '', 0, 'No Discount'),
(152, 'Taha Alyan', 'Shafaqat Ali ', '180451', '', 'Male', 'Islam', '--Select Blood Group--', 'Gojra', '923017198184', '10', '', '2019-02-14', '', 0, 'No Discount'),
(153, 'Hassan ', 'Syed Qamar Raza', '180452', '', 'Male', 'Islam', '--Select Blood Group--', 'Gojra', '923447947001', '10', '', '2019-02-15', '', 0, 'No Discount'),
(154, 'Zubair ', 'Muhammad Sharif', '180453', '', 'Male', 'Islam', '--Select Blood Group--', 'Gojra', '923044000093', '10', '', '2019-02-16', '', 0, 'No Discount'),
(155, 'Hamza ', 'Allah Rakha', '180454', '', 'Male', 'Islam', '--Select Blood Group--', 'Gojra', '923336868894', '10', '', '2019-02-13', '', 0, 'No Discount'),
(157, 'Ali Hassan ', 'Muhammad Shafiq ', '180455', '', 'Male', 'Islam', '--Select Blood Group--', 'Gojra', '923453517661', '10', '', '2019-02-15', '', 0, 'No Discount'),
(158, 'Subhan ', 'Muhammad Arshad ', '180456', '', 'Male', 'Islam', '--Select Blood Group--', 'Gojra', '923419675169', '10', '', '2019-02-14', '', 0, 'No Discount'),
(159, 'Abrar', 'Zulfiqar Ali', '180457', '', 'Male', 'Islam', '--Select Blood Group--', 'Gojra', '923006550749', '10', '', '2019-02-16', '', 0, 'No Discount'),
(160, 'Zain ', 'Muhammad Khalil Qaisar', '180458', '', 'Male', 'Islam', '--Select Blood Group--', 'Gojra', '923341408603', '10', '', '2019-02-15', '', 0, 'No Discount'),
(161, 'Rehan Ullah', 'Muhammad Naseem Babar', '180459', '', 'Male', 'Islam', '--Select Blood Group--', 'Gojra', '923006551956', '10', '', '2019-02-08', '', 0, 'No Discount'),
(162, 'Ahmad ', 'Asif Ali', '180460', '', 'Male', 'Islam', '--Select Blood Group--', 'Gojra', '923006552695', '10', '', '2019-02-15', '', 0, 'No Discount'),
(163, 'Toheed ', 'Qasim Ali', '180461', '', 'Male', 'Islam', '--Select Blood Group--', 'Gojra', '923464841278', '10', '', '2019-02-14', '', 0, 'No Discount'),
(164, 'Khizar', 'Javaid Iqbal', '180462', '', 'Male', 'Islam', '--Select Blood Group--', 'Gojra', '923017239129', '10', '', '2019-02-16', '', 0, 'No Discount'),
(165, 'Ali ', 'Riaz Ahmad ', '180463', '', 'Male', 'Islam', '--Select Blood Group--', 'Gojra', '923457837675', '10', '', '2019-02-14', '', 0, 'No Discount'),
(166, 'Ans ', 'Muhammad Naeem', '180401', '', 'Male', 'Islam', '--Select Blood Group--', 'Gojra', '923327094639', '8', '', '2019-02-13', '', 0, 'No Discount'),
(167, 'Ahmad ', 'Mehmood Ali', '180402', '', 'Male', 'Islam', '--Select Blood Group--', 'Gojra', '923084577992', '8', '', '2019-02-14', '', 0, 'No Discount'),
(168, 'Hamza ', 'Tariq Mahmood', '180403', '', 'Male', 'Islam', '--Select Blood Group--', 'Gojra', '923336628309', '8', '', '2019-02-14', '', 0, 'No Discount'),
(169, 'Waqas ', 'Iftikhar Hussain ', '180404', '', 'Male', 'Islam', '--Select Blood Group--', 'Gojra', '923477963447', '8', '', '2019-02-13', '', 0, 'No Discount'),
(170, 'Sikander', 'Muhammad Idrees ', '180405', '', 'Male', 'Islam', '--Select Blood Group--', 'Gojra', '923349918451', '8', '', '2019-02-15', '', 0, 'No Discount'),
(171, 'Abdullah', 'Muhammad Tariq Nadeem', '180406', '', 'Male', 'Islam', '--Select Blood Group--', 'Gojra', '923046699110', '8', '', '2019-02-07', '', 0, 'No Discount'),
(172, 'Talha Israr', 'Allah Rakha', '180407', '', 'Male', 'Islam', '--Select Blood Group--', 'Gojra', '923336868894', '8', '', '2019-02-06', '', 0, 'No Discount'),
(173, 'Usman ', 'Aziz Rehman', '180408', '', 'Male', 'Islam', '--Select Blood Group--', 'Gojra', '923200814278', '8', '', '2019-02-07', '', 0, 'No Discount'),
(174, 'Adeel ', 'Asif Hussain', '180409', '', 'Male', 'Islam', '--Select Blood Group--', 'Gojra', '923446071679', '8', '', '2019-02-13', '', 0, 'No Discount'),
(175, ' Israr', 'Amjad Ali', '180410', '', 'Male', 'Islam', '--Select Blood Group--', 'Gojra', '923336851346', '8', '', '2019-01-30', '', 0, 'No Discount'),
(176, 'Anwar ', 'Amjad Ali', '180411', '', 'Male', 'Islam', '--Select Blood Group--', 'Gojra', '923336851346', '8', '', '2019-02-07', '', 0, 'No Discount'),
(177, 'Mohsin ', 'Muhammad Rafiq', '180412', '', 'Male', 'Islam', '--Select Blood Group--', 'Gojra', '923006554776', '8', '', '2019-02-13', '', 0, 'No Discount'),
(178, 'Abdul Hassan', 'Khalid Rauf Shad', '180413', '', 'Male', 'Islam', '--Select Blood Group--', 'Gojra', '923006558909', '8', '', '2019-02-20', '', 0, 'No Discount'),
(179, 'Uzair ', 'Khalid Farooq', '180414', '', 'Male', 'Islam', '--Select Blood Group--', 'Gojra', '923336511909', '8', '', '2019-02-07', '', 0, 'No Discount'),
(180, 'Usman', 'Muhammad Javed', '180415', '', 'Male', 'Islam', '--Select Blood Group--', 'Gojra', '923006560438', '8', '', '2019-02-07', '', 0, 'No Discount'),
(181, 'Abu Bakkar ', 'Abdul Sattar', '180416', '', 'Male', 'Islam', '--Select Blood Group--', 'Gojra', '923064046161', '8', '', '2019-02-15', '', 0, 'No Discount'),
(182, 'Sumaid ', 'Muhammad Nasim Munir ', '180417', '', 'Male', 'Islam', '--Select Blood Group--', 'Gojra', '923017096356', '8', '', '2019-02-14', '', 0, 'No Discount'),
(183, 'Assad Ullah', 'Sajjad Ullah ', '180418', '', 'Male', 'Islam', '--Select Blood Group--', 'Gojra', '923452267402', '8', '', '2019-02-15', '', 0, 'No Discount'),
(184, 'Mateen ', 'Arshad Mehmood', '180419', '', 'Male', 'Islam', '--Select Blood Group--', 'Gojra', '923468668098', '8', '', '2019-02-14', '', 0, 'No Discount'),
(185, 'Abu Bakkar ', 'Muhammad Aleem', '180420', '', 'Male', 'Islam', '--Select Blood Group--', 'Gojra', '923017076193', '8', '', '2019-02-13', '', 0, 'No Discount'),
(186, 'Abaid', 'Zafar Alam', '180421', '', 'Male', 'Islam', '--Select Blood Group--', 'Gojra', '923466201161', '8', '', '2019-02-12', '', 0, 'No Discount'),
(187, 'Abdul Rehman', 'Tariq Javeed', '180422', '', 'Male', 'Islam', '--Select Blood Group--', 'Gojra', '923457550565', '8', '', '2019-01-30', '', 0, 'No Discount'),
(188, 'Rehman ', 'Abdul Ghafoor', '180423', '', 'Male', 'Islam', '--Select Blood Group--', 'Gojra', '923437371446', '8', '', '2019-02-05', '', 0, 'No Discount'),
(189, 'Muzammal ', 'Mazhar Ahmad', '180424', '', 'Male', 'Islam', '--Select Blood Group--', 'Gojra', '923006552833', '8', '', '2019-02-13', '', 0, 'No Discount'),
(190, 'Abdul Rehman ', 'Majeed Ahmad', '180425', '', 'Male', 'Islam', '--Select Blood Group--', 'Gojra', '923216852256', '8', '', '2019-02-13', '', 0, 'No Discount'),
(191, 'Irtaza ', 'Javed Iqbal', '180501', '', 'Male', 'Islam', '--Select Blood Group--', 'Gojra', '923473785439', '9', '', '2019-02-05', '', 0, 'No Discount'),
(192, 'Usman ', 'Muhammad Sajjad', '180502', '', 'Male', 'Islam', '--Select Blood Group--', 'Gojra', '923441779211', '9', '', '2019-02-14', '', 0, 'No Discount'),
(193, 'Abdullah ', 'Muhammad Tariq Mehmood', '180503', '', 'Male', 'Islam', '--Select Blood Group--', 'Gojra', '923486523575', '9', '', '2019-02-12', '', 0, 'No Discount'),
(194, 'Sibte Hassan', 'Pervaiz Haider', '180504', '', 'Male', 'Islam', '--Select Blood Group--', 'Gojra', '923083485255', '9', '', '2019-02-06', '', 0, 'No Discount'),
(195, 'Muneeb Rehman', 'Muhammad Arif', '180505', '', 'Male', 'Islam', '--Select Blood Group--', 'Gojra', '923006557072', '9', '', '2019-02-13', '', 0, 'No Discount'),
(196, 'Usama', 'Mohammad Ashraf', '180506', '', 'Male', 'Islam', '--Select Blood Group--', 'Gojra', '923214923001', '9', '', '2019-02-13', '', 0, 'No Discount'),
(197, 'Zain Abidin', 'Muhammad Ijaz Ahmad ', '180507', '', 'Male', 'Islam', '--Select Blood Group--', 'Gojra', '923016511412', '9', '', '2019-02-06', '', 0, 'No Discount'),
(198, 'Rehan ', 'Iftikhar Ahmad ', '180508', '', 'Male', 'Islam', '--Select Blood Group--', 'Gojra', '923007645364', '9', '', '2019-02-21', '', 0, 'No Discount'),
(200, 'Saif Ullah', 'Arshad', '180509', '', 'Male', 'Islam', '--Select Blood Group--', 'Gojra', '923415288809', '9', '', '2019-02-07', '', 0, 'No Discount'),
(201, 'Sami Ullah ', 'Muhammad Ashraf Javid', '180510', '', 'Male', 'Islam', '--Select Blood Group--', 'Gojra', '923400797249', '9', '', '2019-02-06', '', 0, 'No Discount'),
(202, 'Abdul Rehman', 'Nadeem Iqbal', '180511', '', 'Male', 'Islam', '--Select Blood Group--', 'Gojra', '923247373510', '9', '', '2019-02-13', '', 0, 'No Discount'),
(203, 'Ali Bilal', 'Muhammad Irshad', '180512', '', 'Male', 'Islam', '--Select Blood Group--', 'Gojra', '923096226237', '9', '', '2019-02-06', '', 0, 'No Discount'),
(204, 'Ahmad ', 'Muhammad Amir Khan', '180513', '', 'Male', 'Islam', '--Select Blood Group--', 'Gojra', '923336969637', '9', '', '2019-02-06', '', 0, 'No Discount'),
(205, 'Talha', 'Aamir Nazir', '180514', '', 'Male', 'Islam', '--Select Blood Group--', 'Gojra', '923317592511', '9', '', '2019-02-13', '', 0, 'No Discount'),
(206, 'Ahsan', 'Sabir Hussain', '180515', '', 'Male', 'Islam', '--Select Blood Group--', 'Gojra', '923455853158', '9', '', '2019-02-14', '', 0, 'No Discount'),
(207, 'Ahtisham ', 'Muhammad Akram ', '180516', '', 'Male', 'Islam', '--Select Blood Group--', 'Gojra', '923068484341', '9', '', '2019-01-30', '', 0, 'No Discount'),
(208, 'Zubair ', 'Muhammad Ishfaq', '180517', '', 'Male', 'Islam', '--Select Blood Group--', 'Gojra', '923058129087', '9', '', '2019-02-07', '', 0, 'No Discount'),
(209, 'Hifzan', 'Muhammad Ramzan', '180518', '', 'Male', 'Islam', '--Select Blood Group--', 'Gojra', '923454887190', '9', '', '2019-02-07', '', 0, 'No Discount'),
(210, 'Adeel', 'Mahmood', '180519', '', 'Male', 'Islam', '--Select Blood Group--', 'Gojra', '923477963048', '9', '', '2019-02-07', '', 0, 'No Discount'),
(211, 'Haider ', 'Muhammad Ilyas', '180520', '', 'Male', 'Islam', '--Select Blood Group--', 'Gojra', '923006000800', '9', '', '2019-02-21', '', 0, 'No Discount'),
(212, 'M Ali ', 'Syed Muhammad Waseem', '180521', '', 'Male', 'Islam', '--Select Blood Group--', 'Gojra', '923017157371', '9', '', '2019-02-06', '', 0, 'No Discount'),
(213, 'Ahmad ', 'Muhammad Ashraf', '180522', '', 'Male', 'Islam', '--Select Blood Group--', 'Gojra', '923066552386', '9', '', '2019-02-13', '', 0, 'No Discount'),
(214, 'Asad Ullah', 'Shafqat Bilal', '180523', '', 'Male', 'Islam', '--Select Blood Group--', 'Gojra', '923448611588', '9', '', '2019-02-07', '', 0, 'No Discount'),
(215, 'Ali ', 'Muhammad Asif', '180524', '', 'Male', 'Islam', '--Select Blood Group--', 'Gojra', '923437075148', '9', '', '2019-02-14', '', 0, 'No Discount'),
(216, 'Ahmad Raza', 'Wakeel Ahmad khan', '180525', '', 'Male', 'Islam', '--Select Blood Group--', 'Gojra', '923013935073', '9', '', '2019-02-14', '', 0, 'No Discount'),
(217, 'Waleed ', 'Naveed Ahsan ', '180526', '', 'Male', 'Islam', '--Select Blood Group--', 'Gojra', '923006557871', '9', '', '2019-02-14', '', 0, 'No Discount'),
(218, 'Babar ', 'Suleman Khan', '180527', '', 'Male', 'Islam', '--Select Blood Group--', 'Gojra', '923127817152', '9', '', '2019-02-08', '', 0, 'No Discount'),
(219, 'Ajwad', 'Muhammad Shakeel ', '180528', '', 'Male', 'Islam', '--Select Blood Group--', 'Gojra', '923147654913', '9', '', '2019-02-12', '', 0, 'No Discount'),
(220, 'Haroon ', 'Muhammad Shafiq Farooq', '180529', '', 'Male', 'Islam', '--Select Blood Group--', 'Gojra', '923437076692', '9', '', '2019-02-07', '', 0, 'No Discount'),
(221, 'Mubashir ', 'Muhammad Akram', '180530', '', 'Male', 'Islam', '--Select Blood Group--', 'Gojra', '923452639345', '9', '', '2019-02-14', '', 0, 'No Discount'),
(222, 'Burhan ', 'Muhammad Munir Saleem', '180531', '', 'Male', 'Islam', '--Select Blood Group--', 'Gojra', '923332008357', '9', '', '2019-02-20', '', 0, 'No Discount'),
(223, 'Hassan ', 'Muhammad Siddique', '180532', '', 'Male', 'Islam', '--Select Blood Group--', 'Gojra', '923447915125', '9', '', '2019-02-14', '', 0, 'No Discount'),
(225, 'M Ahmad ', 'Ijaz Hussain ', '180140', '', 'Male', 'Islam', '--Select Blood Group--', 'Gojra', '923006557080', '4', '', '2019-02-18', '', 0, 'No Discount'),
(226, 'Faheem ', 'Muhammad Aslam', '180464', '', 'Male', 'Islam', '--Select Blood Group--', 'Gojra', '923457861957', '10', '', '2019-02-12', '', 0, 'No Discount'),
(234, 'Anas', 'Riaz Ahmad', '112233', '2009-10-06', 'Male', 'Islam', 'O+', 'jfytvhg ', '923457574072', '8', '', '2019-02-05', '', 0, 'No Discount'),
(235, 'Ahmad Hassan', 'Hassan', '0028', '2003-12-03', 'Male', 'Islam', 'O+', 'Tariq bad', '923337290028', '10', '', '2018-12-08', '', 0, 'No Discount');

-- --------------------------------------------------------

--
-- Table structure for table `student_fee`
--

CREATE TABLE `student_fee` (
  `feeid` int(200) NOT NULL,
  `student_id` int(200) NOT NULL,
  `submit_on` datetime NOT NULL DEFAULT CURRENT_TIMESTAMP,
  `status` varchar(200) NOT NULL,
  `student_fee` int(200) NOT NULL,
  `due_fee` int(200) NOT NULL
) ENGINE=InnoDB DEFAULT CHARSET=latin1;

--
-- Dumping data for table `student_fee`
--

INSERT INTO `student_fee` (`feeid`, `student_id`, `submit_on`, `status`, `student_fee`, `due_fee`) VALUES
(1, 1, '2019-03-09 21:44:42', 'Monthly Fee Paid', 5000, 0),
(2, 42, '2019-03-12 12:55:07', 'Monthly Fee Paid', 17000, 0),
(3, 6, '2019-03-17 11:56:24', 'Monthly Fee Paid', 2000, 0),
(4, 9, '2019-03-17 12:14:55', 'Monthly Fee Paid', 2000, 0);

-- --------------------------------------------------------

--
-- Table structure for table `subjects`
--

CREATE TABLE `subjects` (
  `subjectid` int(150) NOT NULL,
  `sub_name` varchar(150) NOT NULL,
  `sub_tec_id` int(150) NOT NULL,
  `class_id` int(150) NOT NULL
) ENGINE=InnoDB DEFAULT CHARSET=latin1;

--
-- Dumping data for table `subjects`
--

INSERT INTO `subjects` (`subjectid`, `sub_name`, `sub_tec_id`, `class_id`) VALUES
(2, 'English', 2, 3),
(3, 'Urdu', 2, 3),
(4, 'Biology', 2, 3),
(5, 'Islamiyat', 2, 3),
(6, 'Physics', 2, 3),
(7, 'Chemistry', 2, 3),
(8, 'English', 2, 8),
(9, 'Urdu', 2, 8),
(10, 'Islamiyat', 2, 8),
(11, 'P.S', 2, 8),
(12, 'Math', 2, 8),
(13, 'Physics', 2, 8),
(14, 'Chemi', 2, 8),
(15, 'Bio', 2, 8),
(16, 'Urdu', 2, 10),
(17, 'English', 2, 10),
(18, 'Islamiyat', 2, 10),
(20, 'Math', 2, 10),
(23, 'PAK', 2, 10),
(25, 'Physics', 2, 10),
(26, 'Chemistry', 2, 10),
(27, 'Computer', 2, 10),
(28, 'English', 2, 9),
(29, 'Biology', 2, 9),
(30, 'Physics', 2, 9),
(31, 'Chemistry', 2, 9),
(32, 'Urdu', 2, 9),
(33, 'P.S', 2, 9),
(34, 'Islamiyat', 2, 9),
(35, 'Math', 2, 9),
(38, 'Physics', 3, 3),
(39, 'English', 2, 3),
(40, 'Physics', 2, 5),
(41, 'Chemistry', 2, 5),
(42, 'English', 2, 5),
(44, 'Urdu', 2, 5),
(45, 'Math', 2, 5),
(46, 'Islamiyat', 2, 5),
(47, 'Chemistry', 3, 6),
(48, 'Physics', 2, 6),
(49, 'English', 2, 6),
(50, 'Math', 2, 6),
(51, 'Urdu', 2, 6),
(52, 'Islamiyat', 2, 6),
(54, 'Islamiyat', 2, 4),
(55, 'Urdu', 2, 4),
(56, 'English', 2, 4),
(57, 'Chemistry', 2, 4),
(58, 'Math', 2, 4),
(59, 'Physics', 2, 4),
(60, 'English', 2, 11),
(61, 'Urdu', 2, 11),
(62, 'Biology', 2, 11),
(63, 'Chemistry', 2, 11),
(64, 'Physics', 2, 11),
(65, 'Physics', 2, 7),
(67, 'English', 2, 7),
(68, 'Urdu', 2, 7),
(69, 'Math', 2, 7),
(70, 'Islamiyat', 2, 11),
(71, 'Computer', 2, 7),
(72, 'Islamiyat', 2, 7);

-- --------------------------------------------------------

--
-- Table structure for table `teacher`
--

CREATE TABLE `teacher` (
  `teacherid` int(100) NOT NULL,
  `firstname` varchar(100) NOT NULL,
  `lastname` varchar(100) NOT NULL,
  `birthday` date NOT NULL,
  `sex` varchar(100) NOT NULL,
  `religion` varchar(100) NOT NULL,
  `blood_group` varchar(100) NOT NULL,
  `address` varchar(200) NOT NULL,
  `phone` varchar(100) NOT NULL,
  `email` varchar(100) NOT NULL,
  `password` varchar(100) NOT NULL,
  `qualification` varchar(200) NOT NULL,
  `communication` int(200) NOT NULL,
  `teaching_method` int(200) NOT NULL,
  `experience` int(200) NOT NULL,
  `achivements` int(200) NOT NULL,
  `discription` text NOT NULL,
  `image` varchar(255) NOT NULL
) ENGINE=InnoDB DEFAULT CHARSET=latin1;

--
-- Dumping data for table `teacher`
--

INSERT INTO `teacher` (`teacherid`, `firstname`, `lastname`, `birthday`, `sex`, `religion`, `blood_group`, `address`, `phone`, `email`, `password`, `qualification`, `communication`, `teaching_method`, `experience`, `achivements`, `discription`, `image`) VALUES
(2, 'Abid ', 'Hussain', '0000-00-00', 'Male', 'Islam', '--Select Blood Group--', 'Gojra', '923457574300', '', '', '', 0, 0, 0, 0, '', ''),
(3, 'Awais', 'Ali', '1994-12-05', 'Male', 'Islam', 'O-', 'ghjklghl', '923428686475', '', '', '', 0, 0, 0, 0, '', '');

-- --------------------------------------------------------

--
-- Table structure for table `yearly_fee`
--

CREATE TABLE `yearly_fee` (
  `yfeeid` int(200) NOT NULL,
  `student_id` int(200) NOT NULL,
  `class_id` int(200) NOT NULL,
  `bise_reg_fee` int(200) NOT NULL,
  `bise_exam_fee` int(200) NOT NULL,
  `paper_fund` int(200) NOT NULL,
  `fine` int(200) NOT NULL,
  `party_fund` int(200) NOT NULL,
  `miscellaneous` int(200) NOT NULL,
  `submit_on` datetime NOT NULL DEFAULT CURRENT_TIMESTAMP
) ENGINE=InnoDB DEFAULT CHARSET=latin1;

--
-- Dumping data for table `yearly_fee`
--

INSERT INTO `yearly_fee` (`yfeeid`, `student_id`, `class_id`, `bise_reg_fee`, `bise_exam_fee`, `paper_fund`, `fine`, `party_fund`, `miscellaneous`, `submit_on`) VALUES
(4, 1, 3, 0, 100, 100, 200, 200, 220, '2018-03-23 15:47:59'),
(7, 2, 3, 399, 0, 399, 399, 399, 399, '2019-03-23 16:31:21'),
(8, 3, 3, 333, 333, 333, 0, 333, 333, '2019-03-23 17:45:12');

--
-- Indexes for dumped tables
--

--
-- Indexes for table `attandance`
--
ALTER TABLE `attandance`
  ADD PRIMARY KEY (`id`);

--
-- Indexes for table `class`
--
ALTER TABLE `class`
  ADD PRIMARY KEY (`classid`);

--
-- Indexes for table `custom_fee`
--
ALTER TABLE `custom_fee`
  ADD PRIMARY KEY (`custom_feeid`);

--
-- Indexes for table `exams`
--
ALTER TABLE `exams`
  ADD PRIMARY KEY (`examid`);

--
-- Indexes for table `guest_student`
--
ALTER TABLE `guest_student`
  ADD PRIMARY KEY (`id`);

--
-- Indexes for table `login`
--
ALTER TABLE `login`
  ADD PRIMARY KEY (`loginid`);

--
-- Indexes for table `marks`
--
ALTER TABLE `marks`
  ADD PRIMARY KEY (`markid`);

--
-- Indexes for table `settings`
--
ALTER TABLE `settings`
  ADD PRIMARY KEY (`settingid`);

--
-- Indexes for table `sms_to_all`
--
ALTER TABLE `sms_to_all`
  ADD PRIMARY KEY (`smsid`);

--
-- Indexes for table `sms_to_class`
--
ALTER TABLE `sms_to_class`
  ADD PRIMARY KEY (`smsid`);

--
-- Indexes for table `students`
--
ALTER TABLE `students`
  ADD PRIMARY KEY (`studentid`);

--
-- Indexes for table `student_fee`
--
ALTER TABLE `student_fee`
  ADD PRIMARY KEY (`feeid`);

--
-- Indexes for table `subjects`
--
ALTER TABLE `subjects`
  ADD PRIMARY KEY (`subjectid`);

--
-- Indexes for table `teacher`
--
ALTER TABLE `teacher`
  ADD PRIMARY KEY (`teacherid`);

--
-- Indexes for table `yearly_fee`
--
ALTER TABLE `yearly_fee`
  ADD PRIMARY KEY (`yfeeid`);

--
-- AUTO_INCREMENT for dumped tables
--

--
-- AUTO_INCREMENT for table `attandance`
--
ALTER TABLE `attandance`
  MODIFY `id` int(200) NOT NULL AUTO_INCREMENT, AUTO_INCREMENT=3129;
--
-- AUTO_INCREMENT for table `class`
--
ALTER TABLE `class`
  MODIFY `classid` int(100) NOT NULL AUTO_INCREMENT, AUTO_INCREMENT=12;
--
-- AUTO_INCREMENT for table `custom_fee`
--
ALTER TABLE `custom_fee`
  MODIFY `custom_feeid` int(200) NOT NULL AUTO_INCREMENT, AUTO_INCREMENT=8;
--
-- AUTO_INCREMENT for table `exams`
--
ALTER TABLE `exams`
  MODIFY `examid` int(100) NOT NULL AUTO_INCREMENT, AUTO_INCREMENT=3;
--
-- AUTO_INCREMENT for table `guest_student`
--
ALTER TABLE `guest_student`
  MODIFY `id` int(255) NOT NULL AUTO_INCREMENT;
--
-- AUTO_INCREMENT for table `login`
--
ALTER TABLE `login`
  MODIFY `loginid` int(200) NOT NULL AUTO_INCREMENT, AUTO_INCREMENT=4;
--
-- AUTO_INCREMENT for table `marks`
--
ALTER TABLE `marks`
  MODIFY `markid` int(200) NOT NULL AUTO_INCREMENT, AUTO_INCREMENT=1698;
--
-- AUTO_INCREMENT for table `settings`
--
ALTER TABLE `settings`
  MODIFY `settingid` int(200) NOT NULL AUTO_INCREMENT, AUTO_INCREMENT=3;
--
-- AUTO_INCREMENT for table `sms_to_all`
--
ALTER TABLE `sms_to_all`
  MODIFY `smsid` int(100) NOT NULL AUTO_INCREMENT;
--
-- AUTO_INCREMENT for table `sms_to_class`
--
ALTER TABLE `sms_to_class`
  MODIFY `smsid` int(200) NOT NULL AUTO_INCREMENT;
--
-- AUTO_INCREMENT for table `students`
--
ALTER TABLE `students`
  MODIFY `studentid` int(200) NOT NULL AUTO_INCREMENT, AUTO_INCREMENT=236;
--
-- AUTO_INCREMENT for table `student_fee`
--
ALTER TABLE `student_fee`
  MODIFY `feeid` int(200) NOT NULL AUTO_INCREMENT, AUTO_INCREMENT=5;
--
-- AUTO_INCREMENT for table `subjects`
--
ALTER TABLE `subjects`
  MODIFY `subjectid` int(150) NOT NULL AUTO_INCREMENT, AUTO_INCREMENT=73;
--
-- AUTO_INCREMENT for table `teacher`
--
ALTER TABLE `teacher`
  MODIFY `teacherid` int(100) NOT NULL AUTO_INCREMENT, AUTO_INCREMENT=4;
--
-- AUTO_INCREMENT for table `yearly_fee`
--
ALTER TABLE `yearly_fee`
  MODIFY `yfeeid` int(200) NOT NULL AUTO_INCREMENT, AUTO_INCREMENT=9;
/*!40101 SET CHARACTER_SET_CLIENT=@OLD_CHARACTER_SET_CLIENT */;
/*!40101 SET CHARACTER_SET_RESULTS=@OLD_CHARACTER_SET_RESULTS */;
/*!40101 SET COLLATION_CONNECTION=@OLD_COLLATION_CONNECTION */;
